<article>
  <headers>
    <dct>20151031T134628Z</dct>
    <title>Russian plane carrying 224 crashes in Egypt's Sinai</title>
    <dateline>Cairo, Oct 31, 2015 (AFP) -</dateline>
    <credit>Agence France-Presse (AFP)</credit>
    <origin country="EGY" city="Cairo" />
    <keywords>
      <keyword>Egypt</keyword>
      <keyword>aviation</keyword>
      <keyword>accident</keyword>
      <keyword>Russia</keyword>
    </keywords>
    <categories>
      <iptc>03010000</iptc>
      <iptc>03014000</iptc>
      <iptc>03000000</iptc>
      <iptc>03010003</iptc>
      <iptc infered="true">04015001</iptc>
    </categories>
  </headers>
  <content>
    <p id="1"><s id="1">A Russian passenger plane with 224 people on board crashed in a mountainous part of Egypt's Sinai Peninsula on Saturday, leaving &quot;many&quot; dead including 17 children, officials said.</s> </p>
    <p id="2"><s id="2">The chartered plane had taken off from the south Sinai resort of Sharm el-Sheikh bound for Saint Petersburg and lost contact with air traffic control 23 minutes later before crashing in the restive peninsula.</s> </p>
    <p id="3"><s id="3">The head of the Egyptian civil aviation authority Mahmud al-Zinati told AFP there were &quot;many dead&quot;, including 17 children.</s> </p>
    <p id="4"><s id="4">The government said in a statement that there were 214 Russian and three Ukranian passengers on board, and that 15 bodies had been recovered and transferred to a morgue so far.</s> </p>
    <p id="5"><s id="5">The wreckage was found roughly 100 kilometres (60 miles) south of the North Sinai town of El-Arish, Egyptian officials said.</s> </p>
    <p id="6"><s id="6">The Kremlin said Russian President Vladimir Putin ordered Moscow's emergency ministry to dispatch rescue teams to Egypt.</s> </p>
    <p id="7"><s id="7">There was no official word on the cause of the crash.</s> </p>
    <p id="8"><s id="8">Egyptian President Abdel Fattah al-Sisi and his French counterpart Francois Hollande said they had sent their condolences to Moscow.</s> </p>
    <p id="9"><s id="9">The Russian emergency ministry published a list of names of the passengers, ranging in age from a 10-month-old girl to a 77-year-old woman.</s> </p>
    <p id="10"><s id="10">A senior Egyptian aviation official said the plane was a charter flight operated by a Russian firm carrying 217 passengers and seven crew members, which was flying at an altitude of 30,000 feet when communication was lost.</s> </p>
    <p id="11"><s id="11">At Saint Petersburg's Pulkovo airport, anxious family members awaited news of their loved ones.</s> </p>
    <p id="12"><s id="12">&quot;I am meeting my parents,&quot; said 25-year-old Ella Smirnova, a tall woman seemingly in shock.</s> <s id="13">&quot;I spoke to them last on the phone when they were already on the plane, and then I heard the news.&quot;</s> </p>
    <p id="13"><s id="14">&quot;I will keep hoping until the end that they are alive, but perhaps I will never see them again.&quot;</s> </p>
    <p id="14"><s id="15">A senior official in Egypt air traffic control said that the pilot told him in their last communication that he was having trouble with the plane's radio system.</s> </p>
    <p id="15"><s id="16">Russian aviation official Sergei Izvolsky told Interfax news agency that the plane operated by Russian carrier Kogalymavia had departed Sharm el-Sheikh at 5:51 am local time (0351 GMT).</s> </p>
    <p id="16"><s id="17">He said the Airbus 321 did not make contact as expected with air traffic controllers in Cyprus.</s> </p>
    <p id="17"></p>
    <p id="18"></p>
    <p id="19"><s id="18">&quot;Communication was lost today with the Airbus 321 of Kogalymavia which was carrying out flight 9268 from Sharm el-Sheikh to Saint Petersburg,&quot; Izvolsky later told Russian television networks.</s> </p>
    <p id="20"><s id="19">&quot;The plane departed Sharm el-Sheikh with 217 passengers and seven crew members.</s> <s id="20">At 7:14 Moscow time the crew was scheduled to make contact with... Larnaca, however this did not happen and the plane disappeared from the radar screens.&quot;</s> </p>
    <p id="21"><s id="21">The flight was scheduled to land at Saint Petersburg at 0912 GMT, he said.</s> </p>
    <p id="22"><s id="22">Kogalymavia, which now operates under the name Metrojet, says on its website it has two A320 planes and seven A321s, and that it transported 779,626 passengers in the first nine months of 2015, according to the Russian aviation agency Rosaviatsia.</s> </p>
    <p id="23"><s id="23">Egyptian state television reported that Prime Minister Ismail Sharif was headed to the site of the accident.</s> </p>
    <p id="24"><s id="24">The last major commercial airliner crash in Egypt happened in 2004, when a Flash Airlines Boeing 737 plunged into the Red Sea after taking off from Sharm el-Sheikh.</s> </p>
    <p id="25"><s id="25">The 148 people aboard that flight, most of whom were French, were killed.</s> </p>
    <p id="26"><s id="26">Millions of tourists, many of them Russian, visit the resort town, one of Egypt's major draws for holidaymakers looking for pristine beaches and scuba diving.</s> </p>
    <p id="27"><s id="27">The resort, and others dotting the southern Sinai Red Sea coast, are heavily secured by the military and police as an Islamist militant insurgency rages in the north of the restive peninsula, which borders Israel and the Gaza Strip.</s> </p>
    <p id="28"><s id="28">Militants in the north who pledged allegiance to the jihadist Islamic State group have killed hundreds of soldiers and policemen since the army ousted Islamist president Mohamed Morsi in 2013.</s> </p>
    <p id="29"><s id="29">burs-se/jds/pg</s> </p>
  </content>
</article>
