<article>
  <headers>
    <dct>20141024T203703Z</dct>
    <title>Shooter opens fire at US school, kills self: report</title>
    <dateline>LOS ANGELES, Oct 24, 2014 (AFP) -</dateline>
    <credit>Agence France-Presse (AFP)</credit>
    <origin country="USA" city="Los Angeles" />
    <keywords>
      <keyword>school</keyword>
      <keyword>shooting</keyword>
      <keyword>US</keyword>
    </keywords>
    <categories>
      <iptc>05005000</iptc>
      <iptc>02001000</iptc>
      <iptc>05000000</iptc>
      <iptc>02000000</iptc>
      <iptc infered="true">15051000</iptc>
    </categories>
  </headers>
  <content>
    <p id="1"><s id="1">A student opened fire at a US school Friday, injuring as many as six people before killing himself, the Seattle Times reported, citing law enforcement sources.</s> </p>
    <p id="2"><s id="2">Live TV pictures showed swarms of police and emergency workers descending on the Marysville-Pilchuck High School in the western state of Washington.</s> <s id="3">mt/pst</s> </p>
    <p id="3"></p>
  </content>
</article>
