<article>
  <headers>
    <dct>20170106T233937Z</dct>
    <title>Five dead in Fort Lauderdale airport shooting</title>
    <dateline>Miami, Jan 6, 2017 (AFP) -</dateline>
    <credit>Agence France-Presse (AFP)</credit>
    <origin country="USA" city="Miami" />
    <keywords>
      <keyword>shooting</keyword>
      <keyword>crime</keyword>
      <keyword>travel</keyword>
      <keyword>US</keyword>
      <keyword>airport</keyword>
    </keywords>
    <categories>
      <iptc>04015001</iptc>
      <iptc>04015000</iptc>
      <iptc>02001000</iptc>
      <iptc>04000000</iptc>
      <iptc>02000000</iptc>
      <iptc infered="true">10006000</iptc>
      <iptc infered="true">15051000</iptc>
    </categories>
  </headers>
  <content>
    <p id="1"><s id="1">A gunman opened fire Friday at Fort Lauderdale-Hollywood airport, a major tourist hub in Florida, killing five people and injuring eight, as panicked travelers fled for safety.</s> </p>
    <p id="2"><s id="2">The suspect, identified by a local lawmaker as Esteban Santiago, was in custody and being questioned by the FBI and homicide detectives over the shooting that shut down the international airport and gateway to the Caribbean.</s> </p>
    <p id="3"><s id="3">The incident occurred in the baggage claim area of Terminal 2, as passengers collecting their luggage were interrupted by gunshots.</s> </p>
    <p id="4"><s id="4">Witness John Schlicher told Fox News that as he picked up his first bag, &quot;I heard the first shot.</s> <s id="5">As I did, the person right next to me fell to the ground...</s> <s id="6">It was very surreal.&quot;</s> </p>
    <p id="5"><s id="7">The shooter &quot;was holding a handgun.</s> <s id="8">He was firing into the crowd.</s> <s id="9">Everyone was standing there waiting for the luggage,&quot; he said.</s> </p>
    <p id="6"><s id="10">Video showed passengers running for safety.</s> </p>
    <p id="7"><s id="11">There was no immediate indication of a motive for the assault, in a country where gun violence is widespread due to the ready availability of firearms.</s> </p>
    <p id="8"><s id="12">ABC News reported that the gunman had traveled from Alaska to Fort Lauderdale, with a stopover in Minnesota.</s> </p>
    <p id="9"><s id="13">The suspect reportedly checked a gun inside his luggage, after declaring the weapon with airport authorities, CNN reported, citing law enforcement sources.</s> </p>
    <p id="10"><s id="14">He was detained without law enforcement firing any shots, Broward County Sheriff Scott Israel told reporters.</s> </p>
    <p id="11"></p>
    <p id="12"></p>
    <p id="13"><s id="15">Florida Senator Bill Nelson, who gave the suspect's name, also said he was in possession of a military ID, whose authenticity has yet to be confirmed.</s> </p>
    <p id="14"><s id="16">Asked whether terrorism was a possible motive, authorities told reporters at a press conference it was &quot;too early&quot; to tell.</s> </p>
    <p id="15"><s id="17">CBS News quoted federal law enforcement as saying that a man by the same description had walked into an FBI office in Anchorage, Alaska two months ago, and said the federal government had made him watch Islamic State group videos.</s> </p>
    <p id="16"><s id="18">The FBI agents were so concerned that they took him to a mental hospital, CBS reported.</s> </p>
    <p id="17"><s id="19">Mayor Barbara Sharief said earlier that the gunman appeared to have acted alone.</s> </p>
    <p id="18"><s id="20">&quot;He was a lone shooter, and we have no evidence at this time that he was acting with anyone else.</s> <s id="21">He is in custody, and we are currently investigating,&quot; Sharief told CNN.</s> </p>
    <p id="19"></p>
    <p id="20"></p>
    <p id="21"><s id="22">Hours after the shooting, which occurred shortly before 1:00 pm (1800 GMT), many passengers were still huddled inside the airport, while awaiting the all-clear.</s> </p>
    <p id="22"><s id="23">&quot;The terminals are very full right now, our passengers are sheltered in place, we'll be working with law enforcement to actually get them released systemically,&quot; Mark Gale, the director of Fort Lauderdale-Hollywood Airport said.</s> </p>
    <p id="23"><s id="24">Responding to reports that additional shots had been fired on airport property, Israel said that &quot;no law enforcement at this time has confirmed there's been any gunshots other than what was fired at Terminal 2.&quot;</s> </p>
    <p id="24"><s id="25">Fort Lauderdale is a major tourist hub and beach resort in the greater Miami area, and a main starting point for travel and cruises to the Caribbean.</s> </p>
    <p id="25"><s id="26">&quot;All services are temporarily suspended at #FLL.</s> <s id="27">Please contact your air carrier about your flight information,&quot; the airport tweeted.</s> </p>
    <p id="26"></p>
    <p id="27"></p>
    <p id="28"><s id="28">Passengers ran for safety when the shots broke out, while others clustered on the tarmac.</s> </p>
    <p id="29"><s id="29">Ari Fleischer, a former White House spokesman who was at the scene, tweeted: &quot;I'm at the Ft.</s> <s id="30">Lauderdale Airport.</s> <s id="31">Shots have been fired.</s> <s id="32">Everyone is running.&quot;</s> </p>
    <p id="30"><s id="33">Cellphone video footage broadcast by local Fox television affiliate Channel 7 showed one person lying bloodied on the floor, and several others on their knees.</s> </p>
    <p id="31"><s id="34">A passenger named as Peter Cruise said he believed that travelers on his plane were among the victims.</s> </p>
    <p id="32"><s id="35">He said he and his family &quot;were walking up the ramp and just passed the checking gate when all a sudden everybody started running.&quot;</s> </p>
    <p id="33"><s id="36">&quot;I grabbed the kids and took off running down the ramp.</s> <s id="37">Told the flight attendant to let us off the tarmac, we ran to hide behind some luggage carts.&quot;</s> </p>
    <p id="34"><s id="38">With the initial panic over, Cruise said he and around 600 fellow passengers were now inside the terminal but that no one was being allowed to leave.</s> </p>
    <p id="35"><s id="39">&quot;Everybody seems to be calm now except for kids,&quot; he said.</s> </p>
    <p id="36"><s id="40">Governor Rick Scott rushed to the airport to be briefed on the shooting, as dozens of police and emergency vehicles converged on the scene.</s> </p>
    <p id="37"><s id="41">President-elect Donald Trump said he had spoken with Scott, and was &quot;monitoring the terrible situation in Florida.&quot;</s> </p>
    <p id="38"><s id="42">&quot;Thoughts and prayers for all.</s> <s id="43">Stay safe!&quot; he tweeted.</s> </p>
    <p id="39"><s id="44">President Barack Obama has also been briefed on the developing situation.</s> </p>
    <p id="40"><s id="45">bur-bfm/ec</s> </p>
  </content>
</article>
