<article>
  <headers>
    <dct>20141228T045051Z</dct>
    <title>AirAsia flight from Indonesia to Singapore missing: official</title>
    <dateline>JAKARTA, Dec 28, 2014 (AFP) -</dateline>
    <credit>Agence France-Presse (AFP)</credit>
    <origin country="IDN" city="Jakarta" />
    <keywords>
      <keyword>Singapore</keyword>
      <keyword>AirAsia</keyword>
      <keyword>aviation</keyword>
      <keyword>Indonesia</keyword>
    </keywords>
    <categories>
      <iptc>04015001</iptc>
      <iptc>04015000</iptc>
      <iptc>04000000</iptc>
      <iptc>03010000</iptc>
      <iptc>03014000</iptc>
      <iptc>03000000</iptc>
      <iptc>03010003</iptc>
    </categories>
  </headers>
  <content>
    <p id="1"><s id="1">An AirAsia plane with 161 people on board lost contact with air traffic control en route from Indonesia to Singapore Sunday morning, an official said.</s> </p>
    <p id="2"><s id="2">&quot;The AirAsia flight flying from Surabaya to Singapore lost contact with Jakarta at 7:55am (local time),&quot; transport ministry spokesman J.A. Barata told AFP.</s> </p>
    <p id="3"><s id="3">The Airbus plane left Juanda international airport in Surabaya in east Java at 5:20am and was expected to arrive in Singapore at 8:30am (0030 GMT).</s> </p>
    <p id="4"><s id="4">The plane was carrying six crew and 155 passengers -- 138 adults, 16 children and a baby, Barata said.</s> </p>
    <p id="5"><s id="5">aa/lto/mtp</s> </p>
  </content>
</article>
