<article>
  <headers>
    <dct>20160717T201607Z</dct>
    <title>Three US police officers dead, several injured in Baton Rouge shooting: officials</title>
    <dateline>Washington, July 17, 2016 (AFP) -</dateline>
    <credit>Agence France-Presse (AFP)</credit>
    <origin country="USA" city="Washington" />
    <keywords>
      <keyword>BatonRouge</keyword>
      <keyword>shooting</keyword>
      <keyword>US</keyword>
    </keywords>
    <categories>
      <iptc>02001000</iptc>
      <iptc>02003000</iptc>
      <iptc>02003001</iptc>
      <iptc>02000000</iptc>
      <iptc infered="true">15051000</iptc>
    </categories>
  </headers>
  <content>
    <p id="1"><s id="1">Three police officers were killed and three injured in a shooting in Baton Rouge, Louisiana on Sunday, with at least two suspects at large, police said.</s> </p>
    <p id="2"><s id="2">&quot;Three law enforcement (officers) are confirmed dead, three others injured,&quot; the East Baton Rouge sheriff's office said in a statement.</s> <s id="3">&quot;One suspect is dead, law enforcement believes two others may be at large.&quot;</s> </p>
    <p id="3"><s id="4">The shooting took place along a highway around 9:00 am (1400 GMT), the statement added.</s> </p>
    <p id="4"><s id="5">It appears the incident began before police officers were at the scene.</s> </p>
    <p id="5"><s id="6">&quot;It's my understanding that they (the officers) had responded to an initial shooting incident,&quot; Casey Rayborn Hicks, public affairs officer for the sheriff's office, told local WAFB television.</s> </p>
    <p id="6"><s id="7">Witness Brady Vancel told the station that he saw what may have been gang members shooting at each other before police arrived.</s> </p>
    <p id="7"><s id="8">&quot;This has nothing to do with any situation,&quot; he said, referring to controversies surrounding a series of high-profile shootings involving police that have shocked the country over the last several weeks.</s> </p>
    <p id="8"><s id="9">A gunman killed five police officers in Dallas earlier this month during a demonstration triggered by the fatal police shooting of two African-American men whose dying moments were captured in shocking video footage that went viral online.</s> </p>
    <p id="9"><s id="10">One of those killed was Alton Sterling, shot by a police officer in Baton Rouge two days before the Dallas attack.</s> </p>
    <p id="10"><s id="11">The shootings helped expose deep fault lines through society, reviving long-running debates about racial prejudice and an epidemic of gun violence.</s> </p>
    <p id="11"></p>
    <p id="12"></p>
    <p id="13"><s id="12">During Sunday's shooting, Vancel said he saw two men running away and a third lying motionless on the ground.</s> <s id="13">At least one was carrying what appeared to be an AR-15 automatic rifle amid the sound of gunfire, he said.</s> <s id="14">&quot;I don't believe police were targeted.&quot;</s> </p>
    <p id="14"><s id="15">The races of the shooters and the police officers were not immediately clear.</s> </p>
    <p id="15"><s id="16">WAFB broadcast video footage of police responding to the scene near a gasoline station.</s> <s id="17">Multiple shots could be heard as civilian cars quickly backed away.</s> </p>
    <p id="16"><s id="18">However, there were conflicting reports about the shooting, with WBRZ television reporting a witness describing a man dressed in black, his face covered, shooting indiscriminately.</s> </p>
    <p id="17"><s id="19">Police are looking for the two suspected surviving shooters.</s> </p>
    <p id="18"><s id="20">&quot;We're not sure of anything right now,&quot; Baton Rouge police spokesman L'Jean McNeely told reporters near the scene, urging local residents to be on the alert for the suspects.</s> </p>
    <p id="19"><s id="21">&quot;If they're wearing all black, army fatigues, anything that's suspicious in nature,&quot; citizens should notify police, he said.</s> </p>
    <p id="20"><s id="22">The injured police were reported to be in critical condition, undergoing treatment at a nearby trauma center.</s> </p>
    <p id="21"><s id="23">Video posted online showed a SWAT team en route to the scene.</s> </p>
    <p id="22"></p>
    <p id="23"></p>
    <p id="24"><s id="24">&quot;This is an unspeakable and unjustified attack on all of us at a time when we need unity and healing,&quot; Governor John Bel Edwards said in a statement.</s> <s id="25">&quot;Rest assured, every resource available to the state of Louisiana will be used to ensure the perpetrators are swiftly brought to justice.&quot;</s> </p>
    <p id="25"><s id="26">Tensions between Baton Rouge police and residents have been running high since the killing of Sterling, 37, whom officers shot while he was pinned to the ground following a scuffle in front of a convenience store where he had been selling CDs.</s> </p>
    <p id="26"><s id="27">Last week, police arrested more than 100 protesters taking part in a demonstration against police brutality in Baton Rouge under the banner of the Black Lives Matter movement.</s> </p>
    <p id="27"><s id="28">Sunday's shootings will also play into a debate about gun control in a country in which firearms killed some 13,286 people last year.</s> </p>
    <p id="28"><s id="29">Last month, Democratic lawmakers, pushing for tougher gun-control laws after a massacre in a Florida gay nightclub killed 49 people, staged a virtually unprecedented 24-hour sit-in in Congress after Republicans refused to allow a vote on two widely supported measures.</s> </p>
    <p id="29"><s id="30">grf/bbk</s> </p>
  </content>
</article>
