<article>
  <headers>
    <dct>20130217T161939Z</dct>
    <title>Anastasiades wins Cyprus election: TV exit polls</title>
    <dateline>NICOSIA, Feb 17, 2013 (AFP) -</dateline>
    <credit>Agence France-Presse (AFP)</credit>
    <origin country="CYP" city="NICOSIA" />
    <keywords>
      <keyword>exit</keyword>
      <keyword>Cyprus</keyword>
      <keyword>vote</keyword>
    </keywords>
    <categories>
      <iptc>11003000</iptc>
    </categories>
  </headers>
  <content>
    <p id="1"><s id="1">Rightwing leader Nicos Anastasiades won Sunday's presidential election in Cyprus with 51 percent of the vote, eliminating the need for a second round, exit polls on state television said.</s> </p>
    <p id="2"><s id="2">The polls gave 66-year-old Disy party leader Anastasiades 51.1 percent, well ahead of main challenger Stavros Malas, 45, a British-educated independent backed by the AKEL communist party, who won 27.3 percent.</s> </p>
    <p id="3"><s id="3">The exit polls, with a margin of error of 1.5 percent, showed former foreign minister George Lillikas coming in with 18 percent.</s> </p>
    <p id="4"><s id="4">The election was seen as one of the most crucial since independence, with Cypriots voting for a new president to rescue the recession-hit EU member state from bankruptcy.</s> </p>
    <p id="5"><s id="5">cc-hc/hkb</s> </p>
  </content>
</article>
