<article>
  <headers>
    <dct>20141024T205034Z</dct>
    <title>Student wounds six, kills self in US school shooting: reports</title>
    <dateline>LOS ANGELES, Oct 24, 2014 (AFP) -</dateline>
    <credit>Agence France-Presse (AFP)</credit>
    <origin country="USA" city="Los Angeles" />
    <keywords>
      <keyword>school</keyword>
      <keyword>shooting</keyword>
      <keyword>US</keyword>
    </keywords>
    <categories>
      <iptc>05005000</iptc>
      <iptc>02001000</iptc>
      <iptc>05000000</iptc>
      <iptc>02000000</iptc>
      <iptc infered="true">15051000</iptc>
    </categories>
  </headers>
  <content>
    <p id="1"><s id="1">A student opened fire at a US school Friday, injuring as many as six people before killing himself, the Seattle Times reported, citing law enforcement sources.</s> </p>
    <p id="2"><s id="2">Live TV pictures showed swarms of police and emergency workers descending on the Marysville-Pilchuck High School in the western state of Washington.</s> </p>
    <p id="3"><s id="3">The shooting occurred in the school cafeteria, according to multiple reports.</s> </p>
    <p id="4"><s id="4">&quot;I was eating...</s> <s id="5">I hear four gunshots and it was behind me.</s> <s id="6">I saw a gun pointed at a table... then I ran out of the exit,&quot; one student in the cafeteria, named only as Alex, told KIRO TV news.</s> </p>
    <p id="5"><s id="7">Television footage also showed schoolchildren coming out of the sprawling campus in Marysville, 35 miles (55 kilometers) north of Seattle.</s> </p>
    <p id="6"><s id="8">The Marysville School District said on its website: &quot;The Marysville-Pilchuck High School is currently in lockdown due to an emergency situation.</s> <s id="9">Police and emergency services have responded.&quot;</s> </p>
    <p id="7"><s id="10">mt/pst</s> </p>
    <p id="8"></p>
  </content>
</article>
