<article>
  <headers>
    <dct>20071107T120829Z</dct>
    <title>One killed, three injured in school shooting in Finland ATTENTION - CHANGES source, ADDS quote, details ///</title>
    <origin country="FIN" city="HELSI" />
    <keywords>
      <keyword>school</keyword>
      <keyword>Finland</keyword>
      <keyword>shooting</keyword>
      <keyword>crime</keyword>
    </keywords>
    <categories>
      <iptc>05000000</iptc>
      <iptc>02000000</iptc>
      <iptc infered="true">05005000</iptc>
      <iptc infered="true">02001000</iptc>
      <iptc infered="true">15051000</iptc>
    </categories>
  </headers>
  <content>
    <p id="1"><s id="1">HELSINKI, Nov 7, 2007 (AFP) - One person was killed and three others were injured in a shooting at a secondary school in southern Finland on Wednesday, a local official told AFP. &quot;There has been a shooting accident at a school.</s> <s id="2">Four people were shot, one is dead, probably the school headmaster,&quot; said Taina Vaerri of the Tuusula municipality where the Jokela school is located, some 60 kilometres (37 miles) north of Helsinki.</s> </p>
    <p id="2"><s id="3">The school has about 500 students.</s> </p>
    <p id="3"><s id="4">Tero Haapala of the Finnish national police told AFP the situation had yet to be resolved.</s> </p>
    <p id="4"><s id="5">&quot;We don't know what is happening there, we don't know exactly,&quot; Haapala said.</s> </p>
    <p id="5"><s id="6">According to media reports, the shooter was an 18-year-old student.</s> </p>
    <p id="6"><s id="7">The FNB news agency reported that a message had been posted two weeks ago on You Tube by someone calling him or herself Sturmgeist 89 warning there would be a bloodbath at the school.</s> </p>
    <p id="7"><s id="8">gab-nl/po/gh</s> </p>
  </content>
</article>
