<article>
  <headers>
    <dct>20160824T124639Z</dct>
    <title>Dozens dead as Italy struck by powerful quake</title>
    <dateline>Accumoli, Italy, Aug 24, 2016 (AFP) -</dateline>
    <credit>Agence France-Presse (AFP)</credit>
    <origin country="ITA" city="Accumoli" />
    <keywords>
      <keyword>quake</keyword>
      <keyword>Italy</keyword>
    </keywords>
    <categories>
      <iptc>11000000</iptc>
      <iptc>03015001</iptc>
      <iptc>03000000</iptc>
      <iptc>03002000</iptc>
    </categories>
  </headers>
  <content>
    <p id="1"><s id="1">A powerful pre-dawn earthquake devastated mountain villages in central Italy on Wednesday, leaving at least 38 people dead and dozens more injured, trapped or missing.</s> </p>
    <p id="2"><s id="2">Scores of buildings were reduced to dusty piles of masonry in communities close to the epicentre of the quake, which had a magnitude of between 6.0 and 6.2, according to monitors.</s> </p>
    <p id="3"><s id="3">It hit a remote area straddling Umbria, Marche and Lazio, to the north of a region devastated by a quake in 2009, rousing residents and vacationers in terrifying fashion.</s> </p>
    <p id="4"><s id="4">Italy's civil protection unit said in the first official death toll there had been 38 deaths in and around the villages of Amatrice, Accumoli and Arquata del Tronto.</s> </p>
    <p id="5"><s id="5">&quot;There are still so many people under masonry, so many missing,&quot; said Immacolata Postiglione, the head of the unit's emergency department.</s> </p>
    <p id="6"><s id="6">&quot;My sister and her husband are under the rubble, we're waiting for diggers but they can't get up here,&quot; Guido Bordo, 69, told AFP in the tiny village of Illica, near Accumoli.</s> </p>
    <p id="7"><s id="7">&quot;There's no sound from them, we only heard their cats.</s> <s id="8">I wasn't here, as soon as the quake happened I rushed here.</s> <s id="9">They managed to pull my sister's children out, they're in hospital now,&quot; he added, anxiously clasping and unclamping his hands.</s> </p>
    <p id="8"><s id="10">Other victims included a nine-month-old baby whose parents survived.</s> </p>
    <p id="9"><s id="11">But two other children aged four and seven were saved by their quick-thinking grandmother, who ushered them under a bed as soon as the shaking began, according to reports.</s> </p>
    <p id="10"></p>
    <p id="11"></p>
    <p id="12"><s id="12">It was Italy's most powerful earthquake since 2009, when some 300 people died in and around the city of L'Aquila, just to the south of the area hit on Wednesday.</s> </p>
    <p id="13"><s id="13">Prime Minister Matteo Renzi cancelled a planned trip to France for a meeting with European Socialist leaders and other engagements to oversee the response to the disaster.</s> </p>
    <p id="14"><s id="14">&quot;The situation is dramatic, there are many dead,&quot; said Amatrice mayor Sergio Pirozzi.</s> <s id="15">&quot;Half the village has disappeared.&quot;</s> </p>
    <p id="15"><s id="16">Pope Francis interrupted his weekly audience in St Peter's Square to express his shock.</s> </p>
    <p id="16"><s id="17">&quot;To hear the mayor of Amatrice say his village no longer exists and knowing that there are children among the victims, is very upsetting for me,&quot; he said.</s> </p>
    <p id="17"><s id="18">Civil Protection chief Fabrizio Curcio classed the quake as &quot;severe&quot;.</s> <s id="19">The shocks were strong enough to wake residents of central Rome, some 150 kilometres (90 miles) away.</s> </p>
    <p id="18"><s id="20">The worst damage was suffered by Pescara del Tronto, a hamlet near Arquata in the Marche region which &quot;just completely disintegrated&quot; according to local mayor Aleandro Petrucci.</s> </p>
    <p id="19"><s id="21">Ten bodies had been recovered there by midday and rescuers were braced for further fatalities.</s> </p>
    <p id="20"><s id="22">Accumoli mayor Stefano Petrucci fought back tears as he described the scenes as &quot;a tragedy.&quot;</s> </p>
    <p id="21"><s id="23">&quot;There are people under the ruins, it is not a good situation.&quot;</s> </p>
    <p id="22"></p>
    <p id="23"></p>
    <p id="24"><s id="24">Amatrice is a hilltop beauty spot famed as the home of amatriciana, one of Italy's favourite pasta sauces, and is a popular destination for Romans seeking cool mountain air at the height of the summer.</s> </p>
    <p id="25"><s id="25">It was packed with visitors when the quake struck at 3.36 a.m.</s> <s id="26">(0136 GMT).</s> </p>
    <p id="26"><s id="27">Three minutes later the clock on the village's 13th-century tower stopped.</s> </p>
    <p id="27"><s id="28">The first quake measured 6.2, according to the United States Geological Survey (USGS), which said it occurred at a shallow depth of 10 kilometres (six miles).</s> <s id="29">It measured 6.0 according to Italian monitors.</s> </p>
    <p id="28"><s id="30">A 5.4-magnitude aftershock followed an hour later.</s> </p>
    <p id="29"><s id="31">In 2009, a 6.3-magnitude earthquake struck close to the university city of L'Aquila in the Abruzzo region and left more than 300 people dead.</s> </p>
    <p id="30"><s id="32">That disaster led to lengthy recriminations over lax building controls and the failure of authorities to warn residents that a quake could be imminent.</s> </p>
    <p id="31"><s id="33">David Rothery, Professor of Planetary Geosciences at Britain's Open University, said Wednesday's quake had been similar to the 2009 one.</s> </p>
    <p id="32"><s id="34">&quot;Both occurred at a shallow depth, which exacerbates the shaking at the surface,&quot; he said.</s> </p>
    <p id="33"><s id="35">&quot;Unlike the L'Aquila quake, which was preceded by swarms of smaller quakes and led to claims -- unjustified in my view -- that the eventual big quake should have been predicted, this one appears to have struck out of the blue.&quot;</s> </p>
    <p id="34"><s id="36">Italy is often shaken by earthquakes, usually centred on the mountainous spine of the boot-shaped country.</s> </p>
    <p id="35"><s id="37">Another quake hit the northern Emilia Romagna region in May 2012, when two violent shocks 10 days apart left 23 people dead and 14,000 others homeless.</s> </p>
    <p id="36"><s id="38">am/txw/ri</s> </p>
    <p id="37"></p>
  </content>
</article>
