<article>
  <headers>
    <dct>20160824T074938Z</dct>
    <title>Five dead as powerful quake shakes Italy</title>
    <dateline>Amatrice, Italy, Aug 24, 2016 (AFP) -</dateline>
    <credit>Agence France-Presse (AFP)</credit>
    <origin country="ITA" city="Amatrice" />
    <keywords>
      <keyword>quake</keyword>
      <keyword>Italy</keyword>
    </keywords>
    <categories>
      <iptc>03015001</iptc>
      <iptc>03000000</iptc>
      <iptc>03002000</iptc>
    </categories>
  </headers>
  <content>
    <p id="1"><s id="1">A powerful 6.2-magnitude earthquake struck central Italy in the early hours of Wednesday, devastating mountain villages and leaving at least five people dead.</s> </p>
    <p id="2"><s id="2">Numerous buildings collapsed in small communities close to the epicentre of the quake in a remote, thinly-populated area straddling the regions of Umbria, Marche and Lazio.</s> </p>
    <p id="3"><s id="3">As dawn broke, residents and emergency services were scrambling to rescue people trapped in rubble.</s> <s id="4">Local officials indicated that the death toll was likely to rise.</s> </p>
    <p id="4"><s id="5">Fabrizio Curcio, the head of Italy's civil protection service, classed the quake as &quot;severe&quot;.</s> <s id="6">The shocks were strong enough to wake residents of central Rome, some 150 kilometres (90 miles) away.</s> </p>
    <p id="5"><s id="7">The first two confirmed victims were an elderly couple whose home collapsed in Pescara del Tronto in the Marche region, according to local police.</s> </p>
    <p id="6"><s id="8">Aleandro Petrucci, the mayor of nearby Arquata del Tronto, said Pescara was one of &quot;two or three hamlets that have just completely disintegrated.&quot;</s> </p>
    <p id="7"><s id="9">Another person died and a family of four including two young children were trapped, feared dead, in their collapsed house in Accumoli, according to its mayor.</s> </p>
    <p id="8"><s id="10">&quot;We have a tragedy here,&quot; the mayor, Stefano Petrucci, said.</s> <s id="11">&quot;For the moment one death is confirmed but there are another four people under the rubble and they are not responding.</s> </p>
    <p id="9"><s id="12">&quot;It is a disaster, we have no light, no telephones, the rescue services have not got here yet.&quot;</s> </p>
    <p id="10"><s id="13">A resident of the village told Rai that she had been woken by the shaking in time to witness the wall of her bedroom cracking open.</s> <s id="14">She was able to escape into the street with her children.</s> </p>
    <p id="11"></p>
    <p id="12"></p>
    <p id="13"><s id="15">Two corpses were recovered from rubble in Amatrice, a mountain village in neighbouring Lazio that was packed with visitors at the peak of the summer season.</s> </p>
    <p id="14"><s id="16">&quot;Half the village has disappeared,&quot; said Sergio Pirozzi, Amatrice's mayor.</s> </p>
    <p id="15"><s id="17">He said access to the village had been blocked, making it impossible for emergency services to get through.</s> </p>
    <p id="16"><s id="18">&quot;There is a landslide on one road, a bridge is about to collapse on the other one,&quot; he said, according to the AGI news agency.</s> </p>
    <p id="17"><s id="19">&quot;We can hear voices under the rubble.&quot;</s> </p>
    <p id="18"><s id="20">Amatrice is famous in Italy as a beauty spot and is a popular holiday destination for Romans seeking cool mountain air at the height of the summer.</s> </p>
    <p id="19"><s id="21">The first quake struck shortly after 3.30 am (0130 GMT), according to the United States Geological Survey, and a 5.4 magnitude aftershock followed an hour later.</s> </p>
    <p id="20"><s id="22">USGS's PAGER system, which predicts the impact of earthquakes, issued a red alert -- suggesting significant casualties and damage based on previous quake data.</s> </p>
    <p id="21"><s id="23">A resident of the Rieti region, which is between Rome and the epicentre of the quake, told the Rainews24 channel that she and most of her neighbours had come out onto the street after feeling &quot;very strong shaking&quot;.</s> </p>
    <p id="22"><s id="24">In 2009 a 6.3-magnitude earthquake struck close to the city of Aquila in the Abruzzo region and left more than 300 people dead.</s> </p>
    <p id="23"><s id="25">That disaster led to lengthy recriminations over lax building controls and the failure of authorities to warn residents that a quake could be imminent.</s> </p>
    <p id="24"><s id="26">Italy is often shaken by earthquakes, usually centred on the mountainous spine of the boot-shaped country.</s> </p>
    <p id="25"><s id="27">Another quake hit the northern Emilia Romagna region in May 2012, when two violent shocks 10 days apart left 23 people dead and 14,000 others homeless.</s> </p>
    <p id="26"><s id="28">am/pdw</s> </p>
    <p id="27"></p>
  </content>
</article>
