<article>
  <headers>
    <dct>20050707T230634Z</dct>
    <title>Terror attacks kill 37, spread carnage in heart of London by David Williams = (PICTURES + GRAPHICS) = ATTENTION - ADDS press reaction ///</title>
    <origin country="GBR" city="LONDR" />
    <keywords>
      <keyword>attacks</keyword>
      <keyword>Britain</keyword>
    </keywords>
    <categories>
      <iptc>11999000</iptc>
      <iptc infered="true">16001000</iptc>
    </categories>
  </headers>
  <content>
    <p id="1"><s id="1">LONDON, July 7 (AFP) - Four explosions tore apart packed underground trains and peeled the top off a double decker bus Thursday, massacring at least 37 people and wounding 700 in the worst peacetime attack on London.</s> <s id="2">Blood-spattered and crying, thousands staggered into the streets, the entire underground rail network was shut down and terror replaced the euphoria of a day earlier when London was named the host of the 2012 Olympic Games.</s> </p>
    <p id="2"><s id="3">British Foreign Secretary Jack Straw said Osama bin Laden's global terrorist network, Al-Qaeda, seemed to be behind it.</s> </p>
    <p id="3"><s id="4">&quot;These outrages bear the hallmarks of Al-Qaeda related terrorist cells,&quot; he said.</s> <s id="5">&quot;That is obviously the principle assumption on which the police and intelligence agencies are operating.&quot;</s> </p>
    <p id="4"><s id="6">The synchronized blasts, perpetrated without warning, were over in 56 minutes:</s> </p>
    <p id="5"><s id="7">-- 8:51 am (0751 GMT): a blast hits between Liverpool Street and Aldgate underground stations, killing seven people.</s> </p>
    <p id="6"><s id="8">-- 8:56 am (0756 GMT): an explosion detonates in the underground near the central King's Cross station.</s> <s id="9">A further 21 die.</s> </p>
    <p id="7"><s id="10">-- 9:17 am (0817 GMT): a device explodes at Edgware Road underground station, the western part of the centre of the city, slicing through a carriage, a wall and, police say, into two other trains.</s> <s id="11">Seven people are killed.</s> </p>
    <p id="8"><s id="12">-- 9:47 am (0847): An explosion blows apart the number 30 double-decker bus from east London's Hackney to central Marble Arch.</s> <s id="13">Two die.</s> </p>
    <p id="9"><s id="14">Police said the total came to 37 confirmed deaths and total casualties at 700.</s> <s id="15">Of the injured, 300 were taken to hospital by ambulance and the rest made their own way there.</s> </p>
    <p id="10"><s id="16">The country reacted with defiance.</s> </p>
    <p id="11"><s id="17">&quot;They should not and they must not succeed,&quot; a visibly shaken British Prime Minister Tony Blair said.</s> </p>
    <p id="12"><s id="18">&quot;When they try to intimidate us we will not be intimidated.</s> <s id="19">When they seek to change our country or our way of life by these methods we will not be changed.</s> <s id="20">When they try to divide our people or weaken our resolve, we will not be divided and our resolve will hold firm.&quot;</s> </p>
    <p id="13"><s id="21">Blair promised the most intense police and security action &quot;to make sure we bring those responsible to justice.&quot;</s> </p>
    <p id="14"><s id="22">&quot;Our spirit will never be broken,&quot; blared the front-page of The Sun, the country's best-selling tabloid.</s> <s id="23">&quot;If the terrorists want a fight, by God, we'll give it them.&quot;</s> </p>
    <p id="15"><s id="24">The Times' editorial expressed &quot;revulsion and resolve.&quot;</s> </p>
    <p id="16"><s id="25">Witnesses related horrific scenes.</s> </p>
    <p id="17"><s id="26">&quot;There was a loud bang and the train ground to a halt.</s> <s id="27">People started panicking, screaming and crying as smoke came into the carriage,&quot; said Arash Kazerouni, 22, who had been travelling from Liverpool Street, which serves the main financial district.</s> </p>
    <p id="18"><s id="28">&quot;There was a big bang and then all the ash.</s> <s id="29">I could not breathe.</s> <s id="30">It was falling down everywhere and over everything,&quot; said Loyita Worley, who was in a carriage when the blast hit near Liverpool Street.</s> </p>
    <p id="19"><s id="31">&quot;Some people started to panic but most were okay.</s> <s id="32">We tried to open the doors but the doors were fixed shut and the ash was settling everywhere,&quot; she said, and then came the walking wounded.</s> </p>
    <p id="20"><s id="33">&quot;There was blood dripping off them, they were all white.&quot;</s> </p>
    <p id="21"><s id="34">The bus explosion, too, caused mahem.</s> </p>
    <p id="22"><s id="35">&quot;It was terrible.</s> <s id="36">The bus went to pieces.</s> <s id="37">There were so many bodies on the floor,&quot; said Ayobami Bello, 46, a security guard at the nearby London School of Tropical Hygiene and Medicine.</s> </p>
    <p id="23"><s id="38">&quot;I can't believe it, I can't even believe I survived it,&quot; he said.</s> <s id="39">&quot;There was panic and everyone was running for their lives.</s> <s id="40">I saw a lady coming towards me soaked in blood.</s> <s id="41">Everyone was in confusion.&quot;</s> </p>
    <p id="24"><s id="42">Blair interrupted a summit of the Group of Eight most powerful leaders in Gleneagles, Scotland, and flew to London to address the nation where he blamed terrorists.</s> </p>
    <p id="25"><s id="43">A previously unknown group which calls itself the Organisation of Al-Qaeda Jihad in Europe claimed it caused the blasts and threatened similar attacks against Italy, Denmark and other &quot;Crusader&quot; states with troops in Iraq and Afghanistan.</s> </p>
    <p id="26"><s id="44">In a statement posted on the Internet, but which could not be authenticated, it said: &quot;Heroic mujahedins carried out a sacred attack in London, and here is Britain burning in fear, terror and fright in the north, south, east and west.&quot;</s> </p>
    <p id="27"><s id="45">The group said the attacks were &quot;in response to the massacres carried out by Britain in Iraq and Afghanistan.&quot;</s> </p>
    <p id="28"><s id="46">&quot;We have repeatedly warned the government and people of Britain, and we have now fulfilled our promise and have carried out a sacred military attack in Britain,&quot; it said.</s> </p>
    <p id="29"><s id="47">A stunned calm reigned in London, with hundreds of thousands of people forced to walk because of the underground shutdown and withdrawal of buses in the city centre.</s> </p>
    <p id="30"><s id="48">The flag flew at half mast over Buckingham Palace.</s> </p>
    <p id="31"><s id="49">&quot;The dreadful events in London this morning have deeply shocked us all,&quot; Queen Elizabeth II said in a statement.</s> </p>
    <p id="32"><s id="50">At the G8 summit in Scotland, leaders vowed support for Britain.</s> <s id="51">&quot;We condemn utterly these barbaric attacks.</s> <s id="52">We send our profound condolences to the victims and their families.</s> </p>
    <p id="33"><s id="53">US President George W. Bush vowed to press his &quot;war on terror.&quot;</s> </p>
    <p id="34"><s id="54">&quot;They have such evil in their heart that they will take the lives of innocent folks.</s> <s id="55">The war on terrorism is on,&quot; Bush told reporters at the summit venue, the luxury golf resort of Gleneagles.</s> </p>
    <p id="35"><s id="56">In the United States, Homeland Security Secretary Michael Chertoff said he had raised the threat level for mass transit and train systems to code orange or &quot;high.&quot;</s> </p>
    <p id="36"><s id="57">Security was stepped up in New York and Washington, still jittery after the September 11, 2001 attacks on the United States by the Al-Qaeda terror network, while the nationwide US rail system, Amtrak, also said it raised its security alert level.</s> </p>
    <p id="37"><s id="58">Governments across Europe beefed up security in airports, rail stations and public transport systems.</s> </p>
    <p id="38"><s id="59">In Singapore, the chief executive of London's victorious 2012 Games bid, Keith Mills, said Olympic celebrations would be put on hold.</s> <s id="60">&quot;It's terribly unfortunate in terms of timing and clearly all our celebrations of the result yesterday will have to be put on hold,&quot; he said.</s> </p>
    <p id="39"><s id="61">France, which lost out to Britain in the bid to host the 2012 Olympics, raised its anti-terror alert to red, the second highest rating, while Italy convened a meeting of top police and anti-terrorism chiefs in Rome.</s> </p>
    <p id="40"><s id="62">In Spain, the attacks recalled that country's worst terrorist attack on March 11, 2004, in which 191 were killed and 1,900 in a series of train bombings in Madrid Al-Qaeda claimed.</s> </p>
    <p id="41"><s id="63">World financial leaders appealed for calm on the markets.</s> <s id="64">&quot;We mustn't allow the situation to get out of hand by acting wrongly or panicking,&quot; German Finance Minister Hans Eichel said.</s> </p>
    <p id="42"><s id="65">bur-djw/pw/pvh</s> </p>
  </content>
</article>
