<article>
  <headers>
    <dct>20160112T102922Z</dct>
    <title>Several dead in Istanbul blast: reports</title>
    <dateline>Istanbul, Jan 12, 2016 (AFP) -</dateline>
    <credit>Agence France-Presse (AFP)</credit>
    <origin country="TUR" city="Istanbul" />
    <keywords>
      <keyword>Turkey</keyword>
      <keyword>toll</keyword>
      <keyword>blast</keyword>
    </keywords>
    <categories>
      <iptc>16000000</iptc>
      <iptc>03013000</iptc>
      <iptc>03014001</iptc>
      <iptc>03000000</iptc>
      <iptc infered="true">03014000</iptc>
    </categories>
  </headers>
  <content>
    <p id="1"><s id="1">Several people were killed and others wounded on Tuesday when an explosion of unknown origin rocked the historic centre of Turkey's largest city Istanbul, television reports said.</s> </p>
    <p id="2"><s id="2">The reports said the authorities were studying the possibility the blast in the Sultanahmet neighbourhood was caused by a suicide bomber but there was no official confirmation of this or of the number of casualties.</s> </p>
    <p id="3"><s id="3">sjw/txw</s> </p>
  </content>
</article>
