<article>
  <headers>
    <dct>20151202T205203Z</dct>
    <title>Reports of 20 victims at shooting in California</title>
    <dateline>Los Angeles, Dec 2, 2015 (AFP) -</dateline>
    <credit>Agence France-Presse (AFP)</credit>
    <origin country="USA" city="Los Angeles" />
    <keywords>
      <keyword>shooting</keyword>
      <keyword>crime</keyword>
      <keyword>US</keyword>
    </keywords>
    <categories>
      <iptc>03013000</iptc>
      <iptc>02001000</iptc>
      <iptc>03000000</iptc>
      <iptc>02000000</iptc>
      <iptc infered="true">15051000</iptc>
    </categories>
  </headers>
  <content>
    <p id="1"><s id="1">At least 20 victims were reported Wednesday in a shooting in San Bernardino in California, with a gunman still at the scene, fire officials said.</s> </p>
    <p id="2"><s id="2">&quot;SBFD units responding to reports of 20 victim shooting incident in 1300 block of S. Waterman.</s> <s id="3">SBPD is working to clear the scene,&quot; the city fire department said on Twitter.</s> </p>
    <p id="3"><s id="4">Police said an active shooter was at the scene in the city about an hour east of Los Angeles, and that they were looking for one to three suspects.</s> </p>
    <p id="4"><s id="5">Dozens of people were seen coming out of an area building, which was ringed by heavily armed police.</s> </p>
    <p id="5"><s id="6">The shooting took place near a golf course where an employee told AFP that staff had been told to stop all activities.</s> </p>
    <p id="6"><s id="7">The man, who did not want his name used, said the area houses office and industrial buildings.</s> </p>
    <p id="7"><s id="8">The shooting comes just days after a lone gunman killed three people during a standoff at a Planned Parenthood clinic in Colorado.</s> </p>
    <p id="8"><s id="9">jz/ec</s> </p>
  </content>
</article>
