<article>
  <headers>
    <dct>20141228T060559Z</dct>
    <title>AirAsia plane with 162 on board missing en route to Singapore</title>
    <dateline>JAKARTA, Dec 28, 2014 (AFP) -</dateline>
    <credit>Agence France-Presse (AFP)</credit>
    <origin country="IDN" city="Jakarta" />
    <keywords>
      <keyword>Singapore</keyword>
      <keyword>AirAsia</keyword>
      <keyword>Malaysia</keyword>
      <keyword>aviation</keyword>
      <keyword>Indonesia</keyword>
    </keywords>
    <categories>
      <iptc>04015001</iptc>
      <iptc>04015000</iptc>
      <iptc>04000000</iptc>
      <iptc>03010000</iptc>
      <iptc>03014000</iptc>
      <iptc>03000000</iptc>
      <iptc>03010003</iptc>
    </categories>
  </headers>
  <content>
    <p id="1"><s id="1">An AirAsia plane with 162 people on board went missing en route from Indonesia to Singapore Sunday morning, officials and the airline said, in the third major incident to affect a Malaysian carrier this year.</s> </p>
    <p id="2"><s id="2">&quot;The AirAsia flight flying from Surabaya to Singapore lost contact with Jakarta at 7:55am (local time),&quot; Indonesian transport ministry spokesman J.A. Barata told AFP.</s> </p>
    <p id="3"><s id="3">The Airbus A320-200 left Juanda international airport in Surabaya in east Java at 5:20am and was expected to arrive in Singapore at 8:30am (0030 GMT).</s> </p>
    <p id="4"><s id="4">Indonesia's air transportation director general Djoko Murjatmodjo told AFP the plane was carrying seven crew and 155 passengers -- 138 adults, 16 children and a baby, updating earlier figures.</s> </p>
    <p id="5"><s id="5">Local broadcaster MetroTV reported that the passengers included 149 Indonesians, three South Koreans, including a baby, one Briton and one Malaysian and one Singaporean.</s> </p>
    <p id="6"><s id="6">Murjatmodjo said search efforts were being focused on an area between Belitung island and Kalimantan, on the western side of the island of Borneo, about halfway along the expected route of Flight QZ8501.</s> </p>
    <p id="7"><s id="7">&quot;We are coordinating with rescue team and looking for its position.</s> <s id="8">We believe it is somewhere between&quot; Tanjung Pandan, a town on Belitung island, and Kalimantan, he said.</s> <s id="9">Singapore's Civil Aviation Service said the plane lost contact with Jakarta air traffic control while it was in Indonesian air space.</s> </p>
    <p id="8"><s id="10">&quot;Search and rescue operations have been activated by the Indonesian authorities from the Pangkal Pinang Search and Rescue office,&quot; it said, adding that Singapore's navy and air force had offered their help.</s> </p>
    <p id="9"><s id="11">Malaysia-based AirAsia confirmed its plane was missing.</s> </p>
    <p id="10"><s id="12">&quot;At the present time we unfortunately have no further information regarding the status of the passengers and crew members on board, but we will keep all parties informed as more information becomes available,&quot; the airline said.</s> </p>
    <p id="11"><s id="13">&quot;At this time, search and rescue operations are in progress and AirAsia is cooperating fully and assisting the rescue service.&quot;</s> </p>
    <p id="12"><s id="14">The latest incident comes at the end of a disastrous year for Malaysian aviation.</s> </p>
    <p id="13"><s id="15">Malaysia Airlines Flight MH370, carrying 239 people, disappeared in March after inexplicably diverting from its Kuala Lumpur-Beijing course.</s> <s id="16">No trace of the aircraft has been found.</s> </p>
    <p id="14"><s id="17">Just months later MH17 went down in July in rebellion-torn eastern Ukraine -- believed to have been hit by a surface-to-air missile -- killing all 298 aboard.</s> </p>
    <p id="15"><s id="18">AirAsia, Asia's budget travel leader, is led by flamboyant boss Tony Fernandes, a former record industry executive who acquired the then-failing airline in 2001.</s> <s id="19">It has seen spectacular success and aggressive growth under his low-cost, low-overhead model.</s> </p>
    <p id="16"><s id="20">While its rival Malaysia Airlines faces potential collapse after two disasters this year, AirAsia confirmed this month its order of 55 A330-900neo at a list price of $15 billion.</s> </p>
    <p id="17"><s id="21">bur/mtp/lto</s> </p>
    <p id="18"></p>
  </content>
</article>
