<article>
  <headers>
    <dct>20151114T173648Z</dct>
    <title>Death toll hits at least 7 in French high-speed train test crash</title>
    <dateline>Strasbourg, France, Nov 14, 2015 (AFP) -</dateline>
    <credit>Agence France-Presse (AFP)</credit>
    <origin country="FRA" city="Strasbourg" />
    <keywords>
      <keyword>derailment</keyword>
      <keyword>France</keyword>
      <keyword>train</keyword>
    </keywords>
    <categories>
      <iptc>03013000</iptc>
      <iptc>03010000</iptc>
      <iptc>03000000</iptc>
    </categories>
  </headers>
  <content>
    <p id="1"><s id="1">The death toll has climbed to at least seven after a French high-speed train derailed during a test run Saturday, sources said.</s> </p>
    <p id="2"><s id="2">The train accident happened &quot;because of excessive speed&quot; at Eckwersheim in eastern France as technicians were on board for testing, said a top local official Dominique-Nicolas Jane.</s> </p>
    <p id="3"><s id="3">However, police said the cause of the crash had not been determined.</s> <s id="4">A source close to the investigation said dozens of technicians were aboard.</s> </p>
    <p id="4"><s id="5">The train ended up near a bridge in the water of a roughly 40-metre (130-foot) wide canal.</s> </p>
    <p id="5"><s id="6">A police dive team, helicopters and tens of rescue vehicles were sent to the scene in response to the crash.</s> </p>
    <p id="6"><s id="7">ab/jm/kjm</s> </p>
    <p id="7"></p>
    <p id="8"></p>
  </content>
</article>
