<article>
  <headers>
    <dct>20150419T193008Z</dct>
    <title>Finnish opposition Centre leads election: partial results</title>
    <dateline>Helsinki, April 19, 2015 (AFP) -</dateline>
    <credit>Agence France-Presse (AFP)</credit>
    <origin country="FIN" city="Helsinki" />
    <keywords>
      <keyword>Finland</keyword>
      <keyword>vote</keyword>
      <keyword>results</keyword>
    </keywords>
    <categories>
      <iptc>11000000</iptc>
      <iptc>11003000</iptc>
    </categories>
  </headers>
  <content>
    <p id="1"><s id="1">Finland's opposition Centre Party came out on top in Sunday's general election, far ahead of the parties in Prime Minister Alexander Stubb's left-right coalition, partial results showed.</s> </p>
    <p id="2"><s id="2">If the results were to be confirmed, Centre Party leader Juha Sipila, a 53-year-old IT millionaire and newcomer to politics, would become Finland's next prime minister.</s> </p>
    <p id="3"><s id="3">More than a third of the electorate cast their ballots in advance voting and with most of those counted, the Centre Party had 23.2 percent of votes.</s> <s id="4">The conservative National Coalition party had the second largest share, with 17.9 percent.</s> </p>
    <p id="4"><s id="5">Public radio and television YLE projected that the Centre Party would have 51 out of 200 seats in parliament.</s> </p>
    <p id="5"><s id="6">&quot;I'm really pleased with these results,&quot; Sipila said.</s> </p>
    <p id="6"><s id="7">Asked if he was convinced he would be the next prime minister, he replied: &quot;Not yet.</s> <s id="8">I'm a pessimist and I don't want to be disappointed.&quot;</s> </p>
    <p id="7"><s id="9">Sipila campaigned heavily on his business know-how, vowing to get the eurozone country's economy back on track after three years of recession and stagnation, austerity and failed reforms.</s> </p>
    <p id="8"><s id="10">Voters were disgruntled with Stubb's four-party left-right government coalition, which has been paralyzed by internal discord and unable to push through any real policy changes.</s> </p>
    <p id="9"><s id="11">If the Centre's victory is confirmed, Sipila's first task will be to pick his coalition partners.</s> <s id="12">Tradition dictates that the largest party takes the post of prime minister and forms a government with the other largest parties to obtain a majority in parliament.</s> </p>
    <p id="10"><s id="13">Several weeks of thorny negotiations are expected before Sipila is able to present a coalition, and he has not yet revealed which parties he would like to collaborate with.</s> </p>
    <p id="11"><s id="14">hh/po/hmn</s> </p>
  </content>
</article>
