<article>
  <headers>
    <dct>20141228T054007Z</dct>
    <title>AirAsia plane with 162 on board missing en route to Singapore</title>
    <dateline>JAKARTA, Dec 28, 2014 (AFP) -</dateline>
    <credit>Agence France-Presse (AFP)</credit>
    <origin country="IDN" city="Jakarta" />
    <keywords>
      <keyword>Singapore</keyword>
      <keyword>AirAsia</keyword>
      <keyword>Malaysia</keyword>
      <keyword>aviation</keyword>
      <keyword>Indonesia</keyword>
    </keywords>
    <categories>
      <iptc>04015001</iptc>
      <iptc>04015000</iptc>
      <iptc>04000000</iptc>
      <iptc>03010000</iptc>
      <iptc>03014000</iptc>
      <iptc>03000000</iptc>
      <iptc>03010003</iptc>
    </categories>
  </headers>
  <content>
    <p id="1"><s id="1">An AirAsia plane with 162 people on board went missing en route from Indonesia to Singapore Sunday morning, officials and the Malaysian airline said.</s> </p>
    <p id="2"><s id="2">&quot;The AirAsia flight flying from Surabaya to Singapore lost contact with Jakarta at 7:55am (local time),&quot; Indonesian transport ministry spokesman J.A. Barata told AFP.</s> </p>
    <p id="3"><s id="3">The Airbus A320-200 left Juanda international airport in Surabaya in east Java at 5:20am and was expected to arrive in Singapore at 8:30am (0030 GMT).</s> </p>
    <p id="4"><s id="4">Indonesia's air transportation director general, Djoko Murjatmodjo, told AFP the plane was carrying seven crew and 155 passengers -- 138 adults, 16 children and a baby.</s> </p>
    <p id="5"><s id="5">Malaysia-based AirAsia said a search and rescue operation was underway for Flight QZ8501.</s> </p>
    <p id="6"><s id="6">&quot;At the present time we unfortunately have no further information regarding the status of the passengers and crew members on board, but we will keep all parties informed as more information becomes available,&quot; the airline said.</s> </p>
    <p id="7"><s id="7">&quot;At this time, search and rescue operations are in progress and AirAsia is cooperating fully and assisting the rescue service.&quot;</s> </p>
    <p id="8"><s id="8">Singapore's Civil Aviation Service said the plane lost contact with Jakarta air traffic control while it was in Indonesian air space.</s> </p>
    <p id="9"><s id="9">&quot;Search and rescue operations have been activated by the Indonesian authorities from the Pangkal Pinang Search and Rescue office,&quot; it said, adding that Singapore's navy and air force had offered their help.</s> </p>
    <p id="10"><s id="10">bur/mtp/lto</s> </p>
    <p id="11"></p>
  </content>
</article>
