<article>
  <headers>
    <dct>20120304T121925Z</dct>
    <title>Death toll in Polish train wreck climbs to 16</title>
    <dateline>Szczekociny, Poland, March 4, 2012 (AFP) -</dateline>
    <credit>Agence France-Presse (AFP)</credit>
    <origin country="POL" city="Szczekociny" />
    <keywords>
      <keyword>Poland</keyword>
      <keyword>accident</keyword>
      <keyword>train</keyword>
    </keywords>
    <categories>
      <iptc>03013000</iptc>
      <iptc>03010002</iptc>
    </categories>
  </headers>
  <content>
    <p id="1"><s id="1">Rescue workers Sunday combed the wreckage of a head-on train crash in southern Poland as the death toll climbed to 16, with scores wounded in the country's worst rail disaster since 1990.</s> </p>
    <p id="2"><s id="2">&quot;People from across Poland and citizens from other countries suffered in the catastrophe,&quot; President Bronislaw Komorowski said upon his arrival at the scene near the town of Szczekociny, adding that he would call a national mourning period &quot;as soon as the rescue operation is over.&quot;</s> </p>
    <p id="3"><s id="3">Rescue workers had toiled overnight to pull survivors from the wreckage of the crash, which occurred Saturday evening.</s> <s id="4">The cause has yet to be determined.</s> </p>
    <p id="4"><s id="5">&quot;I can confirm 16 fatalities.</s> <s id="6">We have just pulled a victim from the wreckage, but we cannot rule out other casualties until all the wreckage is searched,&quot; Pawel Fratczak, an emergency services spokesman told AFP.</s> </p>
    <p id="5"><s id="7">&quot;I can say the stage of the operation to evacuate the injured is now over,&quot; he added.</s> </p>
    <p id="6"><s id="8">&quot;We have sent in six sniffer dogs specially trained to locate survivors and bodies.</s> <s id="9">They did not indicate anything.&quot;</s> </p>
    <p id="7"><s id="10">Fifty-six people were hospitalised Sunday morning, including one person who was in a serious condition, emergency officials said.</s> </p>
    <p id="8"><s id="11">Ukrainian nationals were reported to be among the injured in the disaster, while French and Spanish citizens were also on the trains but apparently not injured.</s> </p>
    <p id="9"><s id="12">Emergency services were preparing Sunday to remove the mangled engines and carriages from the track.</s> </p>
    <p id="10"><s id="13">&quot;This is the worst catastrophe in years,&quot; Poland's Prime Minister Donald Tusk told reporters at the scene late Saturday.</s> </p>
    <p id="11"><s id="14">A total of 350 passengers were on board the two trains which collided head-on at around 9:00 pm (2000 GMT) Saturday as they were travelling on the same track, according to Poland's PKP railways.</s> </p>
    <p id="12"><s id="15">One train was en route to the southern city of Krakow from the capital Warsaw, while the other was bound for the capital from the southeastern city of Przemysl.</s> </p>
    <p id="13"><s id="16">Investigators gave no early indication as to what caused the crash, which happened on a stretch of the line that had recently been modernised, according to Transport Minister Slawomir Nowak.</s> </p>
    <p id="14"><s id="17">Images of the wreckage showed tonnes of mangled metal.</s> <s id="18">Three carriages and the two locomotives from both trains had jumped the tracks and were piled high on top of each other.</s> </p>
    <p id="15"><s id="19">Saturday's accident was the worst rail accident in Poland since 1990, when 16 people were killed in a collision between two trains in the Warsaw suburb of Ursus.</s> </p>
    <p id="16"><s id="20">Poland's worst train accident was in 1980 when 67 people died and 62 were injured in a collision between a passenger and a freight train in Otoczyn, near Torun, northern Poland.</s> </p>
    <p id="17"><s id="21">mas-sw/gd</s> </p>
  </content>
</article>
