<article>
  <headers>
    <dct>20170106T195506Z</dct>
    <title>Fatalities in shooting at Fort Lauderdale airport: sheriff</title>
    <dateline>Miami, Jan 6, 2017 (AFP) -</dateline>
    <credit>Agence France-Presse (AFP)</credit>
    <origin country="USA" city="Miami" />
    <keywords>
      <keyword>shooting</keyword>
      <keyword>crime</keyword>
      <keyword>travel</keyword>
      <keyword>US</keyword>
      <keyword>airport</keyword>
    </keywords>
    <categories>
      <iptc>04015001</iptc>
      <iptc>04015000</iptc>
      <iptc>02001000</iptc>
      <iptc>04000000</iptc>
      <iptc>02000000</iptc>
      <iptc infered="true">10006000</iptc>
      <iptc infered="true">15051000</iptc>
    </categories>
  </headers>
  <content>
    <p id="1"><s id="1">A gunman opened fire Friday at Fort Lauderdale-Hollywood airport in Florida, causing multiple fatalities, officials said.</s> </p>
    <p id="2"><s id="2">&quot;Confirmed: Shooting at Fort Lauderdale-Hollywood International Airport with multiple people dead.</s> <s id="3">One subject in custody,&quot; the Broward County Sheriff's office said in a tweet.</s> </p>
    <p id="3"><s id="4">Mayor Barbara Sharief said there was one shooter who was now in custody.</s> <s id="5">She said the motive for the attack was not yet known.</s> </p>
    <p id="4"><s id="6">Television footage showed passengers running to safety, and others gathered on the tarmac.</s> </p>
    <p id="5"><s id="7">&quot;There is an ongoing incident in Terminal 2, Baggage Claim,&quot; the airport tweeted.</s> </p>
    <p id="6"><s id="8">Ari Fleischer, a former White House spokesman, tweeted: &quot;I'm at the Ft.</s> <s id="9">Lauderdale Airport.</s> <s id="10">Shots have been fired.</s> <s id="11">Everyone is running.&quot;</s> </p>
    <p id="7"><s id="12">In another tweet, he cited police as saying there was one shooter and five victims.</s> </p>
    <p id="8"><s id="13">dw/oh</s> </p>
  </content>
</article>
