<article>
  <headers>
    <type>advisory</type>
    <dct>20130703T212228Z</dct>
    <dateline>WASHINGTON, July 03, 2013 (AFP) -</dateline>
    <credit>Agence France-Presse (AFP)</credit>
    <title>AFP 1900 GMT News Advisory</title>
    <origin country="USA" city="Washington" />
    <keywords>
      <keyword>advisory</keyword>
      <keyword>News</keyword>
    </keywords>
    <categories>
    </categories>
  </headers>
  <content>
    <p id="1"><s id="1">Duty editor: Susan Stumme</s> </p>
    <p id="2"><s id="2">Tel: +1 202 414 0541</s> </p>
    <p id="3"></p>
    <p id="4"><s id="3">-- TOP STORIES --</s> </p>
    <p id="5"></p>
    <p id="6"><s id="4">+ Egypt army ousts Morsi</s> </p>
    <p id="7"><s id="5">+ EU powers paper over rift on US spy claims, Bolivia fury over plane</s> </p>
    <p id="8"><s id="6">+ Portugal government on edge of collapse</s> </p>
    <p id="9"></p>
    <p id="10"><s id="7">Egypt-politics,WRAP</s> </p>
    <p id="11"><s id="8">CAIRO</s> </p>
    <p id="12"><s id="9">Egypt's army ousts the country's first democratically elected president, Islamist Mohamed Morsi, and announces new elections, sparking eruptions of joy among crowds of protesters in Cairo.</s> </p>
    <p id="13"><s id="10">750 words 1930 GMT by David Vujanovic.</s> <s id="11">Picture.</s> <s id="12">Video.</s> </p>
    <p id="14"></p>
    <p id="15"><s id="13">US-security-intelligence-Bolivia,WRAP</s> </p>
    <p id="16"><s id="14">BERLIN</s> </p>
    <p id="17"><s id="15">EU powers paper over a rift sparked by US spying claims from Edward Snowden, but fury erupts in South America after the Bolivian president's jet is grounded in Europe on suspicion the fugitive intelligence leaker is aboard.</s> </p>
    <p id="18"><s id="16">650 words 1930 GMT by Frank Zeller.</s> <s id="17">Picture.</s> <s id="18">Video</s> </p>
    <p id="19"></p>
    <p id="20"><s id="19">Portugal-government-economy,WRAP</s> </p>
    <p id="21"><s id="20">LISBON</s> </p>
    <p id="22"><s id="21">Portugal's government totters close to collapse after two top ministers quit over its bailout reforms, raising cries of concern from European authorities as financial markets take fright.</s> </p>
    <p id="23"><s id="22">650 words 2000 GMT by Levi Fernandes.</s> <s id="23">Picture</s> </p>
    <p id="24"></p>
    <p id="25"><s id="24">-- MIDDLE EAST --</s> </p>
    <p id="26"></p>
    <p id="27"><s id="25">Egypt-politics-unrest-demos,SCENE</s> </p>
    <p id="28"><s id="26">CAIRO</s> </p>
    <p id="29"><s id="27">In their tens of thousands, they shouted, whistled and blew car horns, waiting anxiously after a deadline passed in the Egyptian military's high-stakes showdown with Islamist President Mohamed Morsi.</s> </p>
    <p id="30"><s id="28">600 words 2000 GMT Haitham El-Tabei.</s> <s id="29">Picture.</s> <s id="30">Video.</s> </p>
    <p id="31"><s id="31">Already moved: Egypt-politics-Morsi-timeline,CHRONO</s> </p>
    <p id="32"></p>
    <p id="33"><s id="32">Britain-Jordan-justice-Qatada-deportation</s> </p>
    <p id="34"><s id="33">AMMAN</s> </p>
    <p id="35"><s id="34">Radical Islamist cleric Abu Qatada is to be flown from Britain to Jordan on Sunday, after the two governments approved a treaty paving the way for his deportation ending years of litigation, a Jordanian official says.</s> </p>
    <p id="36"><s id="35">700 words moved.</s> <s id="36">File picture.</s> </p>
    <p id="37"></p>
    <p id="38"><s id="37">Iran-censorship-television-Islam-sports,FOCUS</s> </p>
    <p id="39"><s id="38">TEHRAN</s> </p>
    <p id="40"><s id="39">Iran's volleyball triumph has created a dilemma for the state broadcaster, which is struggling to tailor its coverage of matches, attended by scantily dressed women, to the moral guidelines of the Islamic republic.</s> </p>
    <p id="41"><s id="40">700 words moved by Mohammad Davari.</s> <s id="41">File Picture</s> </p>
    <p id="42"></p>
    <p id="43"><s id="42">-- EUROPE --</s> </p>
    <p id="44"></p>
    <p id="45"><s id="43">Belgium-royals,4thlead</s> </p>
    <p id="46"><s id="44">BRUSSELS</s> </p>
    <p id="47"><s id="45">Belgium's King Albert II announces his abdication in favour of his son, saying that after two decades at the helm of the country he felt too old and frail to continue.</s> </p>
    <p id="48"><s id="46">600 words moved by Claire Rosemberg.</s> <s id="47">File picture</s> </p>
    <p id="49"><s id="48">Also moved: Belgium-royals-Albert,PROFILE</s> </p>
    <p id="50"><s id="49">Belgium-royals-Philippe,PROFILE</s> </p>
    <p id="51"><s id="50">Belgium-royals,BACKGROUND</s> </p>
    <p id="52"><s id="51">Belgium-royals-Europe-abdications,FACTS</s> </p>
    <p id="53"></p>
    <p id="54"></p>
    <p id="55"><s id="52">Turkey-politics-unrest-court,3rdlead</s> </p>
    <p id="56"><s id="53">ISTANBUL</s> </p>
    <p id="57"><s id="54">A court in Turkey has scrapped a controversial plan to redevelop Istanbul's Gezi Park that sparked protests which snowballed into deadly nationwide unrest.</s> </p>
    <p id="58"><s id="55">500 words 2000 GMT.</s> <s id="56">File picture</s> </p>
    <p id="59"></p>
    <p id="60"><s id="57">Lifestyle-France-fashion,lead</s> </p>
    <p id="61"><s id="58">PARIS</s> </p>
    <p id="62"><s id="59">French designer Jean Paul Gaultier enlivens Paris fashion with a film- and TV-inspired couture show drawing on influences from &quot;Downton Abbey&quot; and &quot;Boogie Nights&quot; to &quot;Kill Bill&quot; and &quot;The Pink Panther&quot;.</s> </p>
    <p id="63"><s id="60">450 words moved by Helen Rowe.</s> <s id="61">Pictures</s> </p>
    <p id="64"></p>
    <p id="65"><s id="62">-- ASIA --</s> </p>
    <p id="66"></p>
    <p id="67"><s id="63">SKorea-NKorea-politics-economy-Kaesong,2ndlead</s> </p>
    <p id="68"><s id="64">SEOUL</s> </p>
    <p id="69"><s id="65">North Korea restores its official hotline with South Korea and announces it will let the South's businessmen visit a shuttered joint industrial zone, Seoul officials say.</s> </p>
    <p id="70"><s id="66">550 words moved by Lim Chang-Won</s> </p>
    <p id="71"></p>
    <p id="72"><s id="67">Afghanistan-unrest-election-aid,lead</s> </p>
    <p id="73"><s id="68">KABUL</s> </p>
    <p id="74"><s id="69">Donor nations funding Afghanistan's recovery pile pressure on the government to pass election laws seen as crucial to proving the 12-year war and billions of dollars of aid money have not been wasted.</s> </p>
    <p id="75"><s id="70">650 words moved by Ben Sheppard</s> </p>
    <p id="76"></p>
    <p id="77"><s id="71">Afghanistan-unrest-Pakistan-US-Karimi,WRAP</s> </p>
    <p id="78"><s id="72">ISLAMABAD</s> </p>
    <p id="79"><s id="73">Kabul and Islamabad trade insults over the war with the Taliban, plunging their frosty relations to a new low at a key juncture in efforts to search for peace before NATO withdraws.</s> </p>
    <p id="80"><s id="74">700 words moved by Jennie Matthew</s> </p>
    <p id="81"></p>
    <p id="82"><s id="75">India-politics-food-economy,WRAP</s> </p>
    <p id="83"><s id="76">DELHI</s> </p>
    <p id="84"><s id="77">India's government approves a vast food welfare programme targeting the country's poor as it seeks to boost its popularity ahead of national elections next year.</s> </p>
    <p id="85"><s id="78">650 words moved by Pratap Chakravarty.</s> <s id="79">File picture</s> </p>
    <p id="86"></p>
    <p id="87"><s id="80">-- AFRICA --</s> </p>
    <p id="88"></p>
    <p id="89"><s id="81">SAfrica-court-people-burial-Mandela,4thlead</s> </p>
    <p id="90"><s id="82">MTHATHA, South Africa</s> </p>
    <p id="91"><s id="83">The remains of three of Nelson Mandela's children are exhumed to be returned to his childhood village following a bitter family feud over the ailing anti-apartheid hero's final resting place.</s> </p>
    <p id="92"><s id="84">600 words moved by Simm Mdledle.</s> <s id="85">Picture</s> </p>
    <p id="93"></p>
    <p id="94"><s id="86">-- SCIENCE--</s> </p>
    <p id="95"></p>
    <p id="96"><s id="87">Health-flu-China-H7N9</s> </p>
    <p id="97"><s id="88">PARIS</s> </p>
    <p id="98"><s id="89">The H7N9 bird flu virus is a peril for humans because it replicates deep in the lungs where it can trigger a dangerous response from the immune system, a study says.</s> </p>
    <p id="99"><s id="90">500 words moved</s> </p>
    <p id="100"></p>
    <p id="101"><s id="91">Science-health-research-stemcells</s> </p>
    <p id="102"><s id="92">PARIS</s> </p>
    <p id="103"><s id="93">Scientists in Japan say they have grown human liver tissue from stem cells in a first that holds promise for alleviating the critical shortage of donor organs.</s> </p>
    <p id="104"><s id="94">600 words moved</s> </p>
    <p id="105"></p>
    <p id="106"><s id="95">afp</s> </p>
  </content>
</article>
