<article>
  <headers>
    <dct>20070411T125052Z</dct>
    <title>Bomb blasts kill 17, would 110 in Algerian capital ATTENTION - UPDATES toll, changes source ///</title>
    <origin country="DZA" city="ALGER" />
    <keywords>
      <keyword>attacks</keyword>
      <keyword>Algeria</keyword>
      <keyword>toll</keyword>
    </keywords>
    <categories>
      <iptc infered="true">16001000</iptc>
    </categories>
  </headers>
  <content>
    <p id="1"><s id="1">ALGIERS, April 11, 2007 (AFP) - Bomb blasts in the Algerian capital Wednesday killed 17 people and injured 110, the interior ministry said.</s> <s id="2">The civil defence department earlier said in a statement that an explosion outside the government headquarters left nine people dead and 32 wounded, while eight people were killed 50 injured at a police station in an eastern suburb.</s> </p>
    <p id="2"><s id="3">The new interior ministry total gave no breakdown.</s> </p>
    <p id="3"><s id="4">hz/mb/gh</s> </p>
  </content>
</article>
