<article>
  <headers>
    <dct>20160824T193513Z</dct>
    <title>Italy quake toll rises to at least 120: PM Renzi</title>
    <dateline>Rome, Aug 24, 2016 (AFP) -</dateline>
    <credit>Agence France-Presse (AFP)</credit>
    <origin country="ITA" city="Rome" />
    <keywords>
      <keyword>quake</keyword>
      <keyword>Italy</keyword>
      <keyword>Renzi</keyword>
      <keyword>toll</keyword>
    </keywords>
    <categories>
      <iptc>03015001</iptc>
      <iptc>03002000</iptc>
      <iptc>03000000</iptc>
    </categories>
  </headers>
  <content>
    <p id="1"><s id="1">At least 120 people have died after a powerful earthquake struck a remote area of central Italy Wednesday, said Prime Minister Matteo Renzi, warning that the figure could still rise.</s> </p>
    <p id="2"><s id="2">Some 368 people were injured in the tremor, he said at a press conference in the Rieti region, not far from the epicentre of the 6.0-6.2 magnitude quake.</s> </p>
    <p id="3"><s id="3">&quot;This is not a final toll,&quot; Renzi added.</s> </p>
    <p id="4"><s id="4">ob/mfp/ccr</s> </p>
    <p id="5"></p>
  </content>
</article>
