<article>
  <headers>
    <dct>20151010T175052Z</dct>
    <title>Suicide bombers likely behind Ankara attack: Turkey PM</title>
    <dateline>Ankara, Oct 10, 2015 (AFP) -</dateline>
    <credit>Agence France-Presse (AFP)</credit>
    <origin country="TUR" city="Ankara" />
    <keywords>
      <keyword>Turkey</keyword>
      <keyword>attacks</keyword>
      <keyword>Davutoglu</keyword>
    </keywords>
    <categories>
      <iptc>16000000</iptc>
      <iptc>11000000</iptc>
      <iptc>16003000</iptc>
      <iptc infered="true">16001000</iptc>
    </categories>
  </headers>
  <content>
    <p id="1"><s id="1">Two suicide bombers likely carried out the twin explosions in Turkey's capital Ankara at a peace rally Saturday that left 86 people dead, Turkish Prime Minister Ahmet Davutoglu said.</s> </p>
    <p id="2"><s id="2">&quot;There are very strong signs that the attack was carried out by two suicide bombers,&quot; he told reporters in Ankara, declaring three days of national mourning for those who lost their lives.</s> </p>
    <p id="3"><s id="3">&quot;This attack has targeted not a single group, citizens who joined the rally or a political community but targeted our people as a whole,&quot; he said.</s> </p>
    <p id="4"><s id="4">&quot;While we are heading toward elections (on November 1)... such an attack has directly taken aim at democracy and democratic rights and freedoms,&quot; he added.</s> </p>
    <p id="5"><s id="5">&quot;Today is the day to be in solidarity shoulder-to-shoulder.&quot;</s> </p>
    <p id="6"><s id="6">Davutoglu said the necessary would be done against whoever carried out &quot;this treacherous massacre,&quot; branding the perpetrators &quot;enemies of humanity.&quot;</s> </p>
    <p id="7"><s id="7">&quot;A terrorist is a terrorist.</s> <s id="8">Whoever carried out an act of terror has committed a crime against humanity,&quot; he said.</s> </p>
    <p id="8"><s id="9">&quot;We are encountering one of the most painful acts of terrorism in our republic's history,&quot; he added.</s> </p>
    <p id="9"><s id="10">Asked whether there had been a security lapse, Davutoglu said two suicide bombers had been caught in Istanbul and in Ankara ahead of the latest attack.</s> <s id="11">He said necessary measures would be taken if any negligence had occurred.</s> </p>
    <p id="10"><s id="12">Davutoglu said no group had claimed responsibility for the Ankara bombings.</s> <s id="13">But he said groups including Islamic State (IS) jihadists, the Kurdistan Workers Party (PKK) and  the far-left Revolutionary People's Liberation Party-Front (DHKP-C) were capable of carrying out such an attack.</s> </p>
    <p id="11"><s id="14">The Turkish premier lashed out at the co-chair of the pro-Kurdish Peoples' Democratic Party (HDP), Selahattin Demirtas, who blamed the state for being behind the deadly bombings.</s> </p>
    <p id="12"><s id="15">&quot;Demirtas's conscience and mind were handcuffed.</s> <s id="16">I am here if anyone asks for an account.&quot;</s> </p>
    <p id="13"><s id="17">fo/sjw/gd</s> </p>
  </content>
</article>
