<article>
  <headers>
    <dct>20110613T024520Z</dct>
    <title>6.0 magnitude quake hits New Zealand: USGS</title>
    <dateline>CHRISTCHURCH, New Zealand, June 13, 2011 (AFP) -</dateline>
    <credit>Agence France-Presse (AFP)</credit>
    <origin country="NZL" city="CHRISTCHURCH" />
    <keywords>
      <keyword>quake</keyword>
      <keyword>NZealand</keyword>
    </keywords>
    <categories>
      <iptc>03000000</iptc>
      <iptc>03002000</iptc>
    </categories>
  </headers>
  <content>
    <p id="1"><s id="1">A 6.0-magnitude quake struck close to the New Zealand city of Christchurch on Monday, USGS said.</s> </p>
    <p id="2"><s id="2">ns-mfc/pdw</s> </p>
  </content>
</article>
