<article>
  <headers>
    <dct>20160824T212310Z</dct>
    <title>Killer quake brings carnage to Italy mountain resorts</title>
    <dateline>Accumoli, Italy, Aug 24, 2016 (AFP) -</dateline>
    <credit>Agence France-Presse (AFP)</credit>
    <origin country="ITA" city="Accumoli" />
    <keywords>
      <keyword>quake</keyword>
      <keyword>Italy</keyword>
    </keywords>
    <categories>
      <iptc>11000000</iptc>
      <iptc>03015001</iptc>
      <iptc>03000000</iptc>
      <iptc>03002000</iptc>
    </categories>
  </headers>
  <content>
    <p id="1"><s id="1">A powerful earthquake shook central Italy on Wednesday, leaving at least 120 people dead and a trail of destruction across several mountain villages packed with holidaymakers.</s> </p>
    <p id="2"><s id="2">With 368 people injured, some critically, and an unknown number trapped under rubble, the death toll from the pre-dawn quake was expected to rise, Prime Minister Matteo Renzi told reporters after visiting the badly-hit village of Amatrice.</s> </p>
    <p id="3"><s id="3">&quot;This is not a final toll,&quot; he warned as hundreds of emergency services staff and volunteers prepared to work through the night in the hope of plucking more survivors from the ruins.</s> </p>
    <p id="4"><s id="4">Renzi said it was too early to begin a debate on what might have been done to prevent the disaster.</s> </p>
    <p id="5"><s id="5">&quot;Today is the time for tears and emotion,&quot; he said, vowing that his government would start reconstruction work first thing on Thursday.</s> </p>
    <p id="6"><s id="6">Hundreds of people were to spend a chilly night in hastily-assembled tents with the risk of aftershocks making it too risky for them to return home.</s> </p>
    <p id="7"><s id="7">Scores of buildings were reduced to dusty piles of masonry in communities close to the epicentre of the quake, which had a magnitude of between 6.0 and 6.2.</s> </p>
    <p id="8"><s id="8">It hit a remote area straddling Umbria, Marche and Lazio at a time of year when second-home owners and other visitors swell the numbers staying there.</s> <s id="9">Many of the victims were from Rome.</s> </p>
    <p id="9"><s id="10">The devastated area is just north of L'Aquila, the city where some 300 people died in another quake in 2009.</s> </p>
    <p id="10"><s id="11">Most of the deaths occurred in and around the villages of Amatrice, Accumoli and Arquata del Tronto.</s> </p>
    <p id="11"></p>
    <p id="12"></p>
    <p id="13"><s id="12">Guido Bordo, 69, lost his sister and her husband after they were trapped inside their holiday house in the hamlet of Illica, near Accumoli.</s> </p>
    <p id="14"><s id="13">&quot;There's no sound from them, we only heard their cats,&quot; he told AFP before the deaths were confirmed.</s> </p>
    <p id="15"><s id="14">&quot;I wasn't here.</s> <s id="15">As soon as the quake happened, I rushed here.</s> <s id="16">They managed to pull my sister's children out, they're in hospital now,&quot; he added, wringing his hands in anguish.</s> </p>
    <p id="16"><s id="17">Among the victims was a nine-month-old baby girl whose parents survived, an 18-month-old toddler and two other young children who died with their parents in Accumoli.</s> </p>
    <p id="17"><s id="18">Two boys aged four and seven were saved by their quick-thinking grandmother, who ushered them under a bed as soon as the shaking began, according to reports.</s> <s id="19">She also survived but lost her husband.</s> </p>
    <p id="18"></p>
    <p id="19"></p>
    <p id="20"><s id="20">It was Italy's most powerful earthquake since the 2009 disaster in L'Aquila.</s> </p>
    <p id="21"><s id="21">&quot;Half the village has disappeared,&quot; said Amatrice mayor Sergio Pirozzi, surveying a town centre that looked as if had been subjected to a bombing raid.</s> </p>
    <p id="22"><s id="22">Pope Francis expressed his shock.</s> <s id="23">&quot;To hear the mayor of Amatrice say his village no longer exists and knowing that there are children among the victims, is very upsetting for me,&quot; he said.</s> </p>
    <p id="23"><s id="24">The tremors were strong enough to be felt 150 kilometres (90 miles) away in Rome, where authorities ordered structural tests on the Colosseum.</s> </p>
    <p id="24"><s id="25">Some of the worst damage was in Pescara del Tronto, a hamlet near Arquata in the Marche region where the bodies of the dead were laid out in a children's play park.</s> </p>
    <p id="25"><s id="26">With residents advised not to go back into their homes, temporary campsites were being set up in Amatrice and Accumoli as authorities looked to find emergency accommodation for more than 2,000 people.</s> </p>
    <p id="26"><s id="27">Amatrice is a hilltop beauty spot famed as the home of amatriciana, one of Italy's favourite pasta sauces.</s> <s id="28">It is popular with Romans seeking cool mountain air at the height of the summer.</s> </p>
    <p id="27"><s id="29">It was packed with visitors when the quake struck at 3:36am (0136 GMT).</s> </p>
    <p id="28"><s id="30">Three minutes later the clock on the village's 13th-century tower stopped.</s> </p>
    <p id="29"></p>
    <p id="30"></p>
    <p id="31"><s id="31">The first quake measured 6.2, according to the United States Geological Survey (USGS), which said it occurred at a shallow depth of 10 kilometres (six miles).</s> </p>
    <p id="32"><s id="32">It measured 6.0 according to Italian monitors, who put the depth at only four km.</s> <s id="33">A 5.4-magnitude aftershock followed an hour later.</s> </p>
    <p id="33"><s id="34">Italy is vulnerable to earthquakes.</s> </p>
    <p id="34"><s id="35">The 2009 tragedy in L'Aquila led to lengthy recriminations over lax building controls and the failure of authorities to warn residents that a quake could be imminent.</s> </p>
    <p id="35"><s id="36">David Rothery, Professor of Planetary Geosciences at Britain's Open University, said the shallow depth of Wednesday's quake had made it more destructive.</s> </p>
    <p id="36"><s id="37">But he added: &quot;Unlike the L'Aquila quake, which was preceded by swarms of smaller quakes and led to claims -- unjustified in my view -- that the eventual big quake should have been predicted, this one appears to have struck out of the blue.&quot;</s> </p>
    <p id="37"><s id="38">ide-am/mfp</s> </p>
    <p id="38"></p>
  </content>
</article>
