<article>
  <headers>
    <dct>20160613T224550Z</dct>
    <title>French policeman stabbed to death outside home: source</title>
    <dateline>Paris, June 13, 2016 (AFP) -</dateline>
    <credit>Agence France-Presse (AFP)</credit>
    <origin country="FRA" city="Paris" />
    <keywords>
      <keyword>police</keyword>
      <keyword>France</keyword>
      <keyword>homicide</keyword>
    </keywords>
    <categories>
      <iptc>02003000</iptc>
      <iptc>02001000</iptc>
      <iptc>02001001</iptc>
      <iptc>02003001</iptc>
      <iptc>02000000</iptc>
    </categories>
  </headers>
  <content>
    <p id="1"><s id="1">A French police officer was stabbed to death Monday in front of his home in the Paris suburbs by a man who then holed up in the house, a police source said.</s> </p>
    <p id="2"><s id="2">Elite police have surrounded the residence in Magnanville, which is northwest of the French capital, the source said.</s> </p>
    <p id="3"><s id="3">It was not immediately clear if the suspect was holding any hostages.</s> </p>
    <p id="4"><s id="4">pab-tmo/jm/kjl</s> </p>
  </content>
</article>
