<article>
  <headers>
    <dct>20141216T142128Z</dct>
    <title>Pakistan school attack over, all militants dead: police</title>
    <dateline>PESHAWAR, Pakistan, Dec 16, 2014 (AFP) -</dateline>
    <credit>Agence France-Presse (AFP)</credit>
    <origin country="PAK" city="Peshawar" />
    <keywords>
      <keyword>Pakistan</keyword>
      <keyword>school</keyword>
      <keyword>unrest</keyword>
      <keyword>end</keyword>
    </keywords>
    <categories>
      <iptc>16000000</iptc>
      <iptc infered="true">05005000</iptc>
    </categories>
  </headers>
  <content>
    <p id="1"><s id="1">A bloody Taliban raid on an army-run school in northwest Pakistan has ended, police said Tuesday, with all six attackers dead.</s> </p>
    <p id="2"><s id="2">The assault on the school in the city of Peshawar killed at least 130 people, most of them students, according to officials.</s> </p>
    <p id="3"><s id="3">shk-ks-ga/pdw/sm</s> </p>
  </content>
</article>
