<article>
  <headers>
    <dct>20160623T220459Z</dct>
    <title>Gunman killed by police after storming German cinema</title>
    <dateline>Viernheim, Germany, June 23, 2016 (AFP) -</dateline>
    <credit>Agence France-Presse (AFP)</credit>
    <origin country="DEU" city="Viernheim" />
    <keywords>
      <keyword>crime</keyword>
      <keyword>Germany</keyword>
    </keywords>
    <categories>
      <iptc>02001000</iptc>
      <iptc>01005000</iptc>
      <iptc>02000000</iptc>
      <iptc>01000000</iptc>
    </categories>
  </headers>
  <content>
    <p id="1"><s id="1">A masked gunman barricaded himself in a German multiplex cinema with dozens of people Thursday before being killed by police on high security alert following a string of attacks around Europe, officials said.</s> </p>
    <p id="2"><s id="2">No-one else was injured at the complex in the western town of Viernheim, 75 kilometres (50 miles) south of Frankfurt, the interior minister of Hesse state, Peter Beuth, said.</s> </p>
    <p id="3"><s id="3">&quot;The assailant moved through the cinema complex... and appeared confused,&quot; he said.</s> </p>
    <p id="4"><s id="4">&quot;There were hostages inside and there was a struggle (with police) until in the end he was dead.&quot;</s> </p>
    <p id="5"><s id="5">Beuth added: &quot;We have no information that anyone (among the cinema-goers) was injured.&quot;</s> </p>
    <p id="6"><s id="6">Access to the cinema was sealed off Thursday evening as police searched for possible explosives.</s> <s id="7">A spokesman said the attacker was seen carrying a bag as he entered the building.</s> </p>
    <p id="7"><s id="8">Initial reports had referred to shots fired and dozens of injured people as the police dispatched heavily armed elite units to the site, equipped with helmets and bulletproof vests.</s> </p>
    <p id="8"><s id="9">&quot;There was an acute threat situation,&quot; Viernheim police said in a statement.</s> </p>
    <p id="9"><s id="10">The reported injuries later appeared to refer to the short-lived choking sensation induced by the police use of tear gas.</s> </p>
    <p id="10"></p>
    <p id="11"></p>
    <p id="12"><s id="11">Authorities said they had no information on the man's identity or motive.</s> <s id="12">Media reports said the gunman was seen entering the building with &quot;an ammunition belt&quot; draped over his shoulder.</s> </p>
    <p id="13"><s id="13">Huri Blakaj, 21, was behind the counter in the ticket office when he saw the man, whom he described as small and youthful-looking, heading towards him.</s> <s id="14">Blakaj hit a panic button located under the cash register.</s> </p>
    <p id="14"><s id="15">&quot;He pointed his gun at me,&quot; said a visibly shaken Blakaj.</s> </p>
    <p id="15"><s id="16">The assailant, who spoke in German without a distinguishable accent, told the other cashiers to lie on the ground while ordering Blakaj to close the door to the building.</s> </p>
    <p id="16"><s id="17">Shortly afterwards, Blakaj said, he heard a volley of gunfire that lasted &quot;around 20 seconds&quot;.</s> </p>
    <p id="17"><s id="18">Beuth, Hesse's interior minister, said: &quot;We received a call at 2:45 pm (1245 GMT) saying that a man had stormed&quot; the cinema.</s> </p>
    <p id="18"><s id="19">&quot;Four gunshots were reported,&quot; he added.</s> </p>
    <p id="19"><s id="20">&quot;I called the police and told them to come immediately,&quot; the cinema manager told Bild daily without giving her name.</s> </p>
    <p id="20"><s id="21">At 6:15 pm (1615 GMT), police began withdrawing from the scene, an AFP photographer saw.</s> </p>
    <p id="21"><s id="22">Security sources quoted by DPA news agency said there was &quot;no link to terrorism&quot;, after deadly attacks in cities including Paris, Brussels and Istanbul that have left European authorities on edge.</s> </p>
    <p id="22"><s id="23">A spokeswoman for the police in nearby Darmstadt said they were investigating what type of weapon the assailant used, adding that it was possible it fired blanks.</s> </p>
    <p id="23"><s id="24">Mass shootings are relatively rare in Germany where gun ownership is prevalent but firearm sales and storage are subject to strict regulation.</s> </p>
    <p id="24"><s id="25">In the worse case in recent years, 17-year-old Tim Kretschmer went on a rampage with his father's gun at his former school in 2009, killing 15 people before turning the weapon on himself.</s> </p>
    <p id="25"><s id="26">bur-dlc/cb/mfp</s> </p>
    <p id="26"></p>
  </content>
</article>
