<article>
  <headers>
    <dct>20111101T145536Z</dct>
    <title>Boeing 767 lands safely despite landing gear failure</title>
    <dateline>Warsaw, Nov 1, 2011 (AFP) -</dateline>
    <credit>Agence France-Presse (AFP)</credit>
    <origin country="POL" city="Warsaw" />
    <keywords>
      <keyword>Poland</keyword>
      <keyword>aviation</keyword>
      <keyword>transport</keyword>
      <keyword>US</keyword>
      <keyword>accident</keyword>
    </keywords>
    <categories>
      <iptc>04015001</iptc>
      <iptc>03013000</iptc>
      <iptc>04015000</iptc>
    </categories>
  </headers>
  <content>
    <p id="1"><s id="1">A Boeing 767 with 220 passengers on board on Tuesday made an emergency landing on its belly at Warsaw international airport after its landing gear failed, an airline spokesman told AFP.</s> </p>
    <p id="2"><s id="2">Fire and ambulance crews were deployed and all passengers and crew travelling on the plane belonging to national flag carrier LOT Polish Airlines were able to disembark safely.</s> </p>
    <p id="3"><s id="3">&quot;The Boeing 767-300 with 220 passengers aboard travelling from Newark made a successful emergency landing after its landing gear failed to deploy,&quot; LOT spokesman Leszek Chorzewski told AFP Tuesday.</s> </p>
    <p id="4"><s id="4">&quot;The plane landed safely on its belly on the runway which had been sprayed with special flame retardant substances.</s> <s id="5">All the passengers disembarked, no one was injured,&quot; Chorzewski added.</s> </p>
    <p id="5"><s id="6">Warsaw airport temporarily suspended all flights.</s> </p>
    <p id="6"><s id="7">mas-bo/har</s> </p>
  </content>
</article>
