<article>
  <headers>
    <dct>20121214T180734Z</dct>
    <title>Deadly shooting erupts at US elementary school</title>
    <dateline>NEW YORK, Dec 14, 2012 (AFP) -</dateline>
    <credit>Agence France-Presse (AFP)</credit>
    <origin country="USA" city="NEW YORK" />
    <keywords>
      <keyword>school</keyword>
      <keyword>shooting</keyword>
      <keyword>incident</keyword>
      <keyword>US</keyword>
    </keywords>
    <categories>
      <iptc>05005000</iptc>
      <iptc>03014000</iptc>
      <iptc infered="true">15051000</iptc>
    </categories>
  </headers>
  <content>
    <p id="1"><s id="1">At least 27 people were killed, including 18 children, in a shooting Friday at a Connecticut elementary school, US media reported.</s> </p>
    <p id="2"><s id="2">Connecticut State Police spokesman Paul Vance would not give details, but confirmed &quot;there was a shooting.&quot;</s> </p>
    <p id="3"><s id="3">CBS News cited law enforcement sources as saying that 27 people were killed, including 18 children.</s> <s id="4">A White House spokesman said that President Barack Obama had been informed of the shooting and was following events.</s> </p>
    <p id="4"><s id="5">Local media quoted unconfirmed reports that a gunman had died at the Sandy Hook Elementary School in Newtown, Connecticut, northeast of New York City.</s> </p>
    <p id="5"><s id="6">Police swarmed into the leafy neighborhood after the shooting, while other area schools were put under lock-down, police and local media said.</s> </p>
    <p id="6"><s id="7">Reports also said that at least one teacher was wounded, while The Newtown Bee newspaper said that a child was carried out of the school with apparently serious injuries.</s> </p>
    <p id="7"><s id="8">A photo on the Bee's website showed officers leading more than a dozen clearly frightened small children across a parking lot.</s> <s id="9">Another image showed officers gathering in the quiet street nearby.</s> </p>
    <p id="8"><s id="10">On the Newtown Public School District website, an alert was posted warning that &quot;afternoon kindergarten is cancelled today&quot; and that there would be no lunch-hour bus runs.</s> </p>
    <p id="9"><s id="11">Authorities were to give a press conference on the emergency at 1:00 pm (1800 GMT).</s> </p>
    <p id="10"><s id="12">Deadly shootings are a regular occurrence in US public places, often ending only when the gunman is shot or kills himself.</s> </p>
    <p id="11"><s id="13">On Tuesday, a man with a semi-automatic rifle raked an Oregon shopping mall, killing two people, then taking his own life.</s> </p>
    <p id="12"><s id="14">In the most notorious recent incident, in July this year, a 24-year-old, James Holmes, allegedly killed 12 people and wounded 58 others when he opened fire in a midnight screening of the latest Batman movie in Aurora, Colorado.</s> </p>
    <p id="13"><s id="15">Last month, gunman Jared Loughner was jailed for life for killing six people in Tucson, Arizona, in January 2011 in an attack targeting congresswoman Gabrielle Giffords, who was shot in the head at point-blank range but survived.</s> </p>
    <p id="14"><s id="16">However, despite the tragedies support for tougher gun ownership laws is mixed, with many Americans opposing restrictions of what they consider to be a constitutional right to keep powerful firearms at home.</s> </p>
    <p id="15"><s id="17">sms/jm/dc</s> </p>
  </content>
</article>
