<article>
  <headers>
    <dct>20150822T180345Z</dct>
    <title>Seven killed in British air show crash: ambulance service</title>
    <dateline>Shoreham-by-Sea, United Kingdom, Aug 22, 2015 (AFP) -</dateline>
    <credit>Agence France-Presse (AFP)</credit>
    <origin country="GBR" city="Shoreham-by-Sea" />
    <keywords>
      <keyword>Britain</keyword>
      <keyword>air</keyword>
      <keyword>accident</keyword>
    </keywords>
    <categories>
      <iptc>03013000</iptc>
      <iptc>03010000</iptc>
      <iptc>03000000</iptc>
      <iptc>03010003</iptc>
      <iptc>01000000</iptc>
    </categories>
  </headers>
  <content>
    <p id="1"><s id="1">Seven people were killed Saturday at an airshow on the English seaside, the local ambulance service said, when a jet attempting a loop plummeted and crashed into a road.</s> </p>
    <p id="2"><s id="2">The South East Coast Ambulance Service confirmed there were seven deaths at the Shoreham Airshow.</s> </p>
    <p id="3"><s id="3">&quot;SECAMB confirm seven fatalities from the crash at the Shoreham air show today.</s> <s id="4">Thoughts are with the families and loved ones,&quot; the emergency service said on Twitter.</s> </p>
    <p id="4"><s id="5">rjm/ccr</s> </p>
  </content>
</article>
