<article>
  <headers>
    <dct>20160116T123212Z</dct>
    <title>Tsai Ing-wen becomes Taiwan president as KMT concedes defeat</title>
    <dateline>Taipei, Jan 16, 2016 (AFP) -</dateline>
    <credit>Agence France-Presse (AFP)</credit>
    <origin country="TWN" city="Taipei" />
    <keywords>
      <keyword>result</keyword>
      <keyword>KMT</keyword>
      <keyword>China</keyword>
      <keyword>Taiwan</keyword>
      <keyword>vote</keyword>
    </keywords>
    <categories>
      <iptc>11000000</iptc>
      <iptc infered="true">11003000</iptc>
    </categories>
  </headers>
  <content>
    <p id="1"><s id="1">Tsai Ing-wen of Taiwan's main opposition party will become the island's first female president after the ruling Kuomintang conceded defeat in polls Saturday, as voters turned their backs on closer China ties.</s> </p>
    <p id="2"><s id="2">&quot;I'm sorry... We've lost.</s> <s id="3">The KMT has suffered an election defeat.</s> <s id="4">We haven't worked hard enough and we failed voters' expectations,&quot; said KMT candidate Eric Chu addressing tearful crowds at the party's headquarters in Taipei.</s> </p>
    <p id="3"><s id="5">The vote count is continuing but live television figures from polling stations show Tsai has secured a historic landslide victory, with around 60 percent against 30 percent for Chu.</s> </p>
    <p id="4"><s id="6">Chu bowed deeply to distraught supporters in a sign of apology and declared his resignation as chairman of the party.</s> </p>
    <p id="5"><s id="7">&quot;We want to congratulate the DPP's victory, this is the Taiwan people's mandate,&quot; he said.</s> </p>
    <p id="6"><s id="8">&quot;Taiwan's people are the biggest winner.&quot;</s> </p>
    <p id="7"><s id="9">Chu also said that the KMT had lost its parliamentary majority, the first time it has ever lost control of the island's legislature.</s> </p>
    <p id="8"><s id="10">Support for Tsai has surged as voters have become increasingly uneasy about a recent rapprochement with China under KMT president Ma Ying-jeou, who must step down after a maximum two terms.</s> </p>
    <p id="9"><s id="11">As the economy stagnates, many are frustrated that trade pacts signed with the mainland have failed to benefit ordinary Taiwanese.</s> </p>
    <p id="10"><s id="12">aw-lm/ds</s> </p>
  </content>
</article>
