<article>
  <headers>
    <dct>20161207T145757Z</dct>
    <title>Pakistan plane carrying 47 crashes, reportedly on fire</title>
    <dateline>Islamabad, Dec 7, 2016 (AFP) -</dateline>
    <credit>Agence France-Presse (AFP)</credit>
    <origin country="PAK" city="Islamabad" />
    <keywords>
      <keyword>Pakistan</keyword>
      <keyword>aviation</keyword>
      <keyword>accident</keyword>
    </keywords>
    <categories>
      <iptc>16000000</iptc>
      <iptc>03000000</iptc>
      <iptc infered="true">04015001</iptc>
    </categories>
  </headers>
  <content>
    <p id="1"><s id="1">A Pakistani plane carrying 47 people crashed Wednesday in the mountainous north of the country and burst into flames, police and aviation authorities said.</s> </p>
    <p id="2"><s id="2">Pakistan International Airlines (PIA) Flight PK661 came down on a flight from the city of Chitral to Islamabad, the civil aviation authority said.</s> </p>
    <p id="3"><s id="3">It was not immediately clear what caused the crash or whether there were survivors.</s> </p>
    <p id="4"><s id="4">Rescuers were still struggling to reach the remote site near the town of Havelian in Abbottabad district of Khyber Pakhtunkhwa province.</s> </p>
    <p id="5"><s id="5">But villagers had told police they were retrieving body parts from the wreckage, Ilyas Abbasi, a police official in Havelian, told AFP.</s> </p>
    <p id="6"><s id="6">&quot;The plane has crashed in a far-flung village in the mountains.</s> <s id="7">One has to travel for more than four kilometres on foot to reach the spot,&quot; he said.</s> </p>
    <p id="7"><s id="8">&quot;Villagers on site told us that the plane was first on fire and now smoke is rising from the wreckage.&quot;</s> </p>
    <p id="8"><s id="9">The airline said the plane was an ATR-42 turboprop aircraft, which lost contact en route from Chitral.</s> </p>
    <p id="9"><s id="10">&quot;A plane has crashed and locals told us that it is on fire,&quot; Saeed Wazir, a senior local police official, said earlier.</s> </p>
    <p id="10"><s id="11">&quot;Police and rescue officials are on the way,&quot; he said, but were facing difficulties reaching the site due to darkness, bad roads and difficult terrain.</s> </p>
    <p id="11"><s id="12">Among those on board was Junaid Jamshed, a former Pakistani pop star turned evangelical Muslim who was embroiled in a blasphemy controversy in 2014, according to the Chitral airport manager and a local police official.</s> </p>
    <p id="12"><s id="13">The singer's Twitter account had said he was in Chitral.</s> </p>
    <p id="13"><s id="14">Tributes were pouring in for the former musician on social media.</s> </p>
    <p id="14"><s id="15">The terrain around Havelian is hilly, roughly the same altitude as the Margalla Hills which overlook Islamabad.</s> </p>
    <p id="15"><s id="16">Pakistan's most recent air disasters involved helicopters, both in 2015.</s> </p>
    <p id="16"><s id="17">In May that year a Pakistani military helicopter crashed in a remote northern valley, killing eight people including the Norwegian, Philippine and Indonesian envoys and the wives of the Malaysian and Indonesian envoys.</s> </p>
    <p id="17"><s id="18">In August 2015 another army helicopter crashed killing 12 people, all military.</s> </p>
    <p id="18"><s id="19">The deadliest air disaster on Pakistani soil was in 2010, when an Airbus 321 operated by private airline Airblue and flying from Karachi crashed into hills outside Islamabad while about to land, killing all 152 on board.</s> </p>
    <p id="19"><s id="20">An official report blamed the accident on a confused captain and a hostile cockpit atmosphere.</s> </p>
    <p id="20"><s id="21">But the deadliest accident involving PIA came when an Airbus A300 crashed into a cloud-covered hillside on approach to the Nepalese capital Kathmandu in 1992 after the plane descended too early, killing 167 people.</s> </p>
    <p id="21"><s id="22">sjd/ia/st/sm</s> </p>
  </content>
</article>
