<article>
  <headers>
    <dct>20141022T225040Z</dct>
    <title>How the Canada shooting unfolded</title>
    <dateline>OTTAWA, Oct 22, 2014 (AFP) -</dateline>
    <credit>Agence France-Presse (AFP)</credit>
    <origin country="CAN" city="Ottawa" />
    <keywords>
      <keyword>Canada</keyword>
      <keyword>politics</keyword>
      <keyword>attacks</keyword>
      <keyword>events</keyword>
    </keywords>
    <categories>
      <iptc>02001006</iptc>
      <iptc>02003000</iptc>
      <iptc>02001000</iptc>
      <iptc>11006000</iptc>
      <iptc>02003001</iptc>
      <iptc>11000000</iptc>
      <iptc>11001004</iptc>
      <iptc>11001003</iptc>
      <iptc>11001002</iptc>
      <iptc>02000000</iptc>
      <iptc>11009000</iptc>
      <iptc>11001000</iptc>
    </categories>
  </headers>
  <content>
    <p id="1"><s id="1">A gunman shot and killed a soldier at Canada's National War Memorial in Ottawa on Wednesday before apparently opening fire inside the parliament.</s> </p>
    <p id="2"><s id="2">Police later confirmed a suspected attacker had been shot dead.</s> </p>
    <p id="3"><s id="3">Here is a chronology of the drama that unfolded on the streets of the Canadian capital:</s> </p>
    <p id="4"></p>
    <p id="5"><s id="4">9:52 am (1352 GMT): A shooter opens fire at two soldiers at the National War Memorial.</s> <s id="5">One soldier is hit by bullets and seriously injured.</s> <s id="6">He receives treatment at the scene before being rushed to hospital.</s> </p>
    <p id="6"></p>
    <p id="7"><s id="7">9:55 am: Dozens of shots ring out inside the nearby parliament building.</s> <s id="8">In video footage released later, a loud bang is heard before police swarm down a corridor returning fire.</s> </p>
    <p id="8"></p>
    <p id="9"><s id="9">10:00 am: Police warn of a second &quot;active shooter&quot; in parliament.</s> </p>
    <p id="10"></p>
    <p id="11"><s id="10">10:04 am: Witnesses say the gunman who opened fire at the war memorial had headed towards the parliament.</s> </p>
    <p id="12"></p>
    <p id="13"><s id="11">10:12 am: Parliament is put on lockdown.</s> </p>
    <p id="14"></p>
    <p id="15"><s id="12">10:25 am: Royal Canadian Mounted Police advise the public to stay away from buildings or offices where lawmakers work.</s> </p>
    <p id="16"></p>
    <p id="17"><s id="13">10:37 am: Prime Minister Stephen Harper is evacuated from parliament.</s> <s id="14">A general evacuation gets under way as a wide security perimeter is set up around parliament and surrounding streets.</s> </p>
    <p id="18"></p>
    <p id="19"><s id="15">10:40 am: Police warn that a gunman remains at large and staff in Harper's office are informed that &quot;active shooters&quot; are threatening parliament.</s> </p>
    <p id="20"></p>
    <p id="21"><s id="16">10:53 am: Police ask people in the downtown area to stay away from windows and rooftops and to avoid the area completely.</s> </p>
    <p id="22"></p>
    <p id="23"><s id="17">11:20 am: Police confirm the death of an attacker inside the parliament building.</s> </p>
    <p id="24"></p>
    <p id="25"><s id="18">11:45 am: Officials confirm that the soldier shot by the war memorial has succumbed to his injuries.</s> </p>
    <p id="26"></p>
    <p id="27"><s id="19">Shortly after 12:15 pm: US and Canadian air defenses are put on heightened alert.</s> </p>
    <p id="28"></p>
    <p id="29"><s id="20">1:50 pm: US President Barack Obama speaks to Harper, according to the White House.</s> </p>
    <p id="30"></p>
    <p id="31"><s id="21">2:15 pm: Police say the operation is still ongoing as they attempt to identify the suspect.</s> </p>
    <p id="32"></p>
    <p id="33"><s id="22">2:30 pm: Harper condemns a &quot;despicable attack&quot; and says he will address the nation later Wednesday.</s> </p>
    <p id="34"></p>
    <p id="35"><s id="23">jl/mbr/rcw/sst</s> </p>
    <p id="36"></p>
  </content>
</article>
