<article>
  <headers>
    <dct>20110722T173500Z</dct>
    <title>At least four killed in Norway shooting: media</title>
    <dateline>OSLO, July 22, 2011 (AFP) -</dateline>
    <credit>Agence France-Presse (AFP)</credit>
    <origin country="NOR" city="OSLO" />
    <keywords>
      <keyword>Norway</keyword>
      <keyword>attacks</keyword>
      <keyword>shooting</keyword>
      <keyword>toll</keyword>
    </keywords>
    <categories>
      <iptc>16001000</iptc>
      <iptc infered="true">15051000</iptc>
    </categories>
  </headers>
  <content>
    <p id="1"><s id="1">A gunman disguised as a police officer killed at least four people at a youth meeting of the ruling Labour Party near Oslo Friday, the Varden newspaper reported.</s> </p>
    <p id="2"><s id="2">&quot;From what I saw, at least four people have been shot and killed,&quot; Adrian Pracon, a participant at the event told the paper.</s> </p>
    <p id="3"><s id="3">phy/jj/gk</s> </p>
  </content>
</article>
