<article>
  <headers>
    <dct>20160116T011205Z</dct>
    <title>Taiwan goes to polls in historic presidential vote</title>
    <dateline>Taipei, Jan 16, 2016 (AFP) -</dateline>
    <credit>Agence France-Presse (AFP)</credit>
    <origin country="TWN" city="Taipei" />
    <keywords>
      <keyword>politics</keyword>
      <keyword>Taiwan</keyword>
      <keyword>vote</keyword>
    </keywords>
    <categories>
      <iptc>11000000</iptc>
      <iptc infered="true">11003000</iptc>
    </categories>
  </headers>
  <content>
    <p id="1"><s id="1">Polls opened in Taiwan Saturday with the island expected to elect its first female president in a historic vote likely to end eight years of closer China ties.</s> </p>
    <p id="2"><s id="2">The boisterous democracy is expected to push back against Beijing by bringing scholar-turned-politician Tsai Ing-wen to power, unseating the China-friendly ruling party.</s> </p>
    <p id="3"><s id="3">Voters are uneasy about warming relations with Beijing and, as the economy stagnates, many are frustrated that trade pacts signed with China have failed to benefit ordinary Taiwanese.</s> </p>
    <p id="4"><s id="4">Tsai is the leader of the Democratic Progressive Party (DPP) which has a much warier approach to China than the unpopular ruling Kuomintang (KMT).</s> <s id="5">Tsai is well ahead of KMT candidate Eric Chu in the polls.</s> </p>
    <p id="5"><s id="6">In a pragmatic move, she has walked a careful path on China strategy, repeatedly saying she wants to maintain the &quot;status quo&quot; with Beijing.</s> </p>
    <p id="6"><s id="7">But the DPP is traditionally a pro-independence party with no official channel of communication with Beijing, and opponents say Tsai will destabilise relations.</s> </p>
    <p id="7"><s id="8">After decades of enmity, current KMT president Ma Ying-jeou has overseen a dramatic rapprochement with China since coming to power in 2008.</s> </p>
    <p id="8"><s id="9">Although Taiwan is self-ruling after it split with China following a civil war in 1949, it has never formally declared independence and Beijing still sees it as part of its territory awaiting reunification, by force if necessary.</s> </p>
    <p id="9"><s id="10">The thaw culminated in a summit between Ma and Chinese President Xi Jinping in November, something once unthinkable at the height of hostilities.</s> </p>
    <p id="10"><s id="11">Yet despite more than 20 deals and a tourist boom, closer ties have exacerbated fears that China is eroding Taiwan's sovereignty by making it economically dependent.</s> </p>
    <p id="11"><s id="12">In 2014, the government was forced to shelve a trade pact after student-led protesters occupied parliament for more than three weeks.</s> </p>
    <p id="12"><s id="13">Low salaries and high housing prices are among a slew of continuing economic problems also riling voters.</s> </p>
    <p id="13"><s id="14">Beijing has warned it will not deal with any leader who does not recognise the &quot;one China&quot; principle, part of a tacit agreement between Beijing and the KMT known as the &quot;1992 consensus&quot; and the bedrock of warming ties.</s> </p>
    <p id="14"><s id="15">The DPP has never recognised the consensus.</s> </p>
    <p id="15"><s id="16">But while tensions are already simmering, observers say it is unlikely Tsai will do anything to provoke Beijing if she wins -- the majority of voters want peace with China and would rather Tsai focuses on the domestic economy first and foremost.</s> </p>
    <p id="16"><s id="17">Analysts also agree there will not be any immediate backlash from China, as alienating Taiwan would play against Beijing's ultimate aim of reunification.</s> </p>
    <p id="17"><s id="18">However some say it may employ tougher tactics if it feels there is no progress in dialogue.</s> </p>
    <p id="18"><s id="19">Polls close at 4:00 pm (0800 GMT), with results announced Saturday night.</s> </p>
    <p id="19"><s id="20">Voter turnout has been over 70 percent since democratic elections began in 1996, and 18.78 million are eligible to vote.</s> </p>
    <p id="20"><s id="21">There are also parliamentary elections Saturday, with the KMT risking losing its majority in the legislature.</s> </p>
    <p id="21"><s id="22">lm/psr</s> </p>
  </content>
</article>
