<article>
  <headers>
    <dct>20170116T083748Z</dct>
    <title>Kyrgyzstan says 32 dead after Turkish cargo plane hits village</title>
    <dateline>Bishkek, Kyrgyzstan, Jan 16, 2017 (AFP) -</dateline>
    <credit>Agence France-Presse (AFP)</credit>
    <origin country="KGZ" city="Bishkek" />
    <keywords>
      <keyword>Kyrgystan</keyword>
      <keyword>aviation</keyword>
      <keyword>accident</keyword>
    </keywords>
    <categories>
      <iptc>03013000</iptc>
      <iptc>03010000</iptc>
      <iptc>03000000</iptc>
      <iptc>03010003</iptc>
      <iptc infered="true">04015001</iptc>
    </categories>
  </headers>
  <content>
    <p id="1"><s id="1">A Turkish cargo plane crashed into a village near Kyrgyzstan's main airport Monday, killing 32 people and destroying homes after attempting to land in thick fog, authorities said.</s> </p>
    <p id="2"><s id="2">The majority of the dead were from the village of Dacha-Suu where the cargo plane hit at around 7:30 am local time (0130 GMT), a spokesman for the country's emergency services, Muhammed Svarov, told AFP.</s> </p>
    <p id="3"><s id="3">The total number of dead &quot;could be bigger&quot; Svarov said, adding that authorities had launched a huge search and rescue operation.</s> </p>
    <p id="4"><s id="4">&quot;Major work is underway,&quot; Svarov said.</s> <s id="5">&quot;The damage to infrastructure in the village is significant.&quot;</s> </p>
    <p id="5"><s id="6">An AFP correspondent said smoke was still thick in the area at 0600 GMT and small fires burned in different parts of the village, but emergency services had nearly extinguished them.</s> </p>
    <p id="6"><s id="7">Zumriyat Rezakhanova, a resident of Dacha-Suu said the plane fell &quot;right on the homes&quot; where residents were sleeping.</s> </p>
    <p id="7"><s id="8">&quot;My sister's home is badly damaged.</s> <s id="9">Luckily she and her family survived,&quot; Rezakhanova told AFP.</s> </p>
    <p id="8"><s id="10">At least four pilots on the flight, which was travelling from Hong Kong to Istanbul via Kyrgyzstan's capital Bishkek, were among the dead, the emergency services ministry said, with one pilot's body yet to be found.</s> </p>
    <p id="9"><s id="11">ACT Airlines, a Turkish cargo airline, said in a statement that the plane involved in the crash belonged to it.</s> <s id="12">Kyrgyz authorities earlier on Monday had stated that the aircraft belonged to Turkish Airlines, a claim the company denied.</s> </p>
    <p id="10"><s id="13">Around 43 houses were damaged by the crash, according to the emergency services ministry.</s> </p>
    <p id="11"><s id="14">&quot;The plane crashed into the houses, it killed entire families,&quot; one eyewitness told AFP, speaking on condition of anonymity.</s> </p>
    <p id="12"><s id="15">&quot;There's nothing left of the houses, people were killed with their whole family, their children.</s> <s id="16">Many people were sleeping.&quot;</s> </p>
    <p id="13"><s id="17">The country's Manas airport has been closed and flights cancelled until evening at the earliest, airport authorities said.</s> </p>
    <p id="14"><s id="18">Prime Minister Sooronbai Jeenbekov was heading a specially-appointed government commission to investigate the circumstances of the crash.</s> </p>
    <p id="15"><s id="19">Kyrgyz President Almazbek Atambayev cancelled his visit to China to return to Bishkek, according to Kyrgyz media.</s> </p>
    <p id="16"><s id="20">tol-cr/gtf/jm</s> </p>
    <p id="17"><s id="21">TURKISH AIRLINES - TURK HAVA YOLLARI AO</s> </p>
    <p id="18"></p>
  </content>
</article>
