<article>
  <headers>
    <dct>20170101T010532Z</dct>
    <title>Two dead, several hurt in armed attack on Istanbul nightclub: TV</title>
    <dateline>Istanbul, Jan 1, 2017 (AFP) -</dateline>
    <credit>Agence France-Presse (AFP)</credit>
    <origin country="TUR" city="Istanbul" />
    <keywords>
      <keyword>Turkey</keyword>
      <keyword>attack</keyword>
    </keywords>
    <categories>
      <iptc>11000000</iptc>
      <iptc infered="true">16001000</iptc>
    </categories>
  </headers>
  <content>
    <p id="1"><s id="1">At least two people were killed in an armed attack Saturday on an Istanbul nightclub where people were celebrating the New Year, Turkish television reports said.</s> </p>
    <p id="2"><s id="2">One civilian and one police officer were killed while several other people were injured, NTV television said, adding that two gunmen had entered the venue dressed as Santa.</s> </p>
    <p id="3"><s id="3">raz/sjw/ric</s> </p>
  </content>
</article>
