<article>
  <headers>
    <dct>20160726T051210Z</dct>
    <title>19 killed in knife rampage at Japan care home</title>
    <dateline>Sagamihara, Japan, July 26, 2016 (AFP) -</dateline>
    <credit>Agence France-Presse (AFP)</credit>
    <origin country="JPN" city="Sagamihara" />
    <keywords>
      <keyword>Japan</keyword>
      <keyword>crime</keyword>
    </keywords>
    <categories>
      <iptc>02000000</iptc>
      <iptc infered="true">02001000</iptc>
    </categories>
  </headers>
  <content>
    <p id="1"><s id="1">A knife-wielding former employee killed 19 people and injured 25 at a care centre for the mentally disabled in Japan on Tuesday, in the country's worst mass killing in decades.</s> </p>
    <p id="2"><s id="2">The 26-year-old man later turned himself in at a police station, admitting to officers: &quot;I did it.&quot;</s> <s id="3">He reportedly also said: &quot;The disabled should all disappear.&quot;</s> </p>
    <p id="3"><s id="4">Authorities identified the attacker as Satoshi Uematsu and said he had worked at the facility in Sagamihara, a city of more than 700,000 people west of Tokyo, until February.</s> </p>
    <p id="4"><s id="5">Broadcaster NTV said the man told police he had been fired and held a grudge against the care centre.</s> </p>
    <p id="5"><s id="6">They attack began in the early hours of the morning when Uematsu allegedly broke a first-floor window to get into the building.</s> <s id="7">NTV reported that he tied up caregivers before starting to stab the residents.</s> </p>
    <p id="6"><s id="8">A doctor at one of the hospitals where victims were taken described some with &quot;deep stab&quot; wounds to the neck.</s> </p>
    <p id="7"><s id="9">&quot;The patients are very shocked mentally, and they cannot speak now,&quot; the doctor told national broadcaster NHK.</s> </p>
    <p id="8"><s id="10">A fleet of ambulances, police cars and fire trucks converged on the one-storey Tsukui Yamayuri-en centre, a low-rise building nestled against forested hills, which was cordoned off and draped with yellow &quot;Keep Out&quot; tape.</s> </p>
    <p id="9"><s id="11">Fire department spokesmen told AFP that the dead included nine men and 10 women aged from 18 to 70, and that another 25 people were wounded, 20 of them seriously.</s> </p>
    <p id="10"><s id="12">An official from Kanagawa prefecture, which takes in Sagamihara, identified the suspect and said he had turned up at the police station with the murder weapons.</s> </p>
    <p id="11"><s id="13">Uematsu &quot;broke a glass window and intruded into the facility at about 2:10am (1710 GMT Monday) and stabbed those staying there,&quot; Shinya Sakuma told a press conference in the prefecture's capital Yokohama.</s> </p>
    <p id="12"><s id="14">&quot;When Uematsu turned himself in, he was found carrying kitchen knives and other types of knives stained with blood.&quot;</s> </p>
    <p id="13"><s id="15">The timeline of the attack remained unclear.</s> <s id="16">Police earlier said they received a call from the centre around 2:30am, raising the alarm that a man armed with a knife had entered the facility.</s> <s id="17">They said he turned himself in half an hour later.</s> </p>
    <p id="14"></p>
    <p id="15"></p>
    <p id="16"><s id="18">&quot;I was shocked,&quot; said Chikara Inabayashi, 68, who lives near the care centre which takes in up to 160 residents.</s> </p>
    <p id="17"><s id="19">&quot;I woke up at about 3am because of the blaring noise of the sirens,&quot; he told AFP.</s> </p>
    <p id="18"><s id="20">Japan has one of the lowest rates of violent crime in the developed world, and attacks involving weapons of any kind are unusual.</s> </p>
    <p id="19"><s id="21">The killing is believed to be the worst such incident since 1938, when a man went on a killing spree armed with an axe, sword and rifle -- killing 30 people.</s> </p>
    <p id="20"><s id="22">But the country has seen outbursts of random as well as planned violence.</s> </p>
    <p id="21"><s id="23">In 2001, eight children at a primary school in Osaka were stabbed to death.</s> </p>
    <p id="22"><s id="24">And in 2008 a man ploughed a rental truck into a crowd of shoppers in Tokyo's bustling Akihabara district before he stabbed passers-by, killing seven people and injuring 10 others.</s> </p>
    <p id="23"><s id="25">After that rampage, Japan banned possession of double-edged knives with blades longer than 5.5 centimetres (about two inches).</s> </p>
    <p id="24"><s id="26">The nation's most notorious attack came in 1995, when members of the doomsday cult Aum Shinrikyo released sarin gas in the Tokyo subway system.</s> </p>
    <p id="25"><s id="27">Thirteen people were killed and thousands of commuters fell ill in a crime that deeply dented the national sense of security.</s> </p>
    <p id="26"><s id="28">But Japan has recently seen an increasing number of cases of attacks on the weak and vulnerable.</s> </p>
    <p id="27"><s id="29">In February, a former nursing home worker was arrested for allegedly throwing an 87-year-old resident to his death from a balcony, and reportedly admitted killing two more elderly people in the same way.</s> </p>
    <p id="28"><s id="30">Close Japanese ally the United States quickly offered sympathy.</s> </p>
    <p id="29"><s id="31">White House National Security Council spokesman Ned Price said in a statement that the attack was &quot;all the more repugnant and senseless&quot; as it had occurred at a facility for the disabled.</s> </p>
    <p id="30"><s id="32">oh/kgo/sls</s> </p>
    <p id="31"></p>
  </content>
</article>
