<article>
  <headers>
    <dct>20071107T124155Z</dct>
    <title>One killed, three injured in school shooting in Finland ATTENTION - ADDS details, background ///</title>
    <origin country="FIN" city="HELSI" />
    <keywords>
      <keyword>school</keyword>
      <keyword>Finland</keyword>
      <keyword>shooting</keyword>
      <keyword>crime</keyword>
    </keywords>
    <categories>
      <iptc>15000000</iptc>
      <iptc>05000000</iptc>
      <iptc>02000000</iptc>
      <iptc infered="true">05005000</iptc>
      <iptc infered="true">02001000</iptc>
      <iptc infered="true">15051000</iptc>
    </categories>
  </headers>
  <content>
    <p id="1"><s id="1">HELSINKI, Nov 7, 2007 (AFP) - One person was killed and three others were injured in a shooting at a secondary school in southern Finland on Wednesday, a local official told AFP. &quot;There has been a shooting accident at a school.</s> <s id="2">Four people were shot, one is dead, probably the school headmaster,&quot; said Taina Vaerri of the Tuusula municipality, some 40 kilometres (25 miles) north of Helsinki.</s> </p>
    <p id="2"><s id="3">The head of the local Toeloe hospital told the FNB news agency that one person had been killed and four seriously injured.</s> </p>
    <p id="3"><s id="4">The Jokela school has about 500 students.</s> </p>
    <p id="4"><s id="5">Tero Haapala of the Finnish national police told AFP the situation had yet to be resolved, adding: &quot;We don't know what is happening there, we don't know exactly.&quot;</s> </p>
    <p id="5"><s id="6">According to media reports, an 18-year-old student went on a shooting rampage inside a classroom and had also fired shots at police.</s> </p>
    <p id="6"><s id="7">Many of the school's students reportedly remained inside the building, which had been surrounded by police and emergency workers, though more than 20 were evacuated.</s> </p>
    <p id="7"><s id="8">A crisis centre has been set up near the school.</s> </p>
    <p id="8"><s id="9">FNB reported that a message had been posted two weeks ago on the video sharing website You Tube by someone calling him or herself Sturmgeist89, warning there would be a bloodbath at the school.</s> </p>
    <p id="9"><s id="10">Privately-run television station MTV3 meanwhile reported that the suspected shooter had repeatedly expressed their admiration for Hitler and Stalin.</s> </p>
    <p id="10"><s id="11">While there have been a number of stabbings at Finnish schools in recent years, this was the first shooting, FNB reported.</s> </p>
    <p id="11"><s id="12">gab-nl/po/ar</s> </p>
  </content>
</article>
