<article>
  <headers>
    <dct>20161219T211211Z</dct>
    <title>Several dead, at least 50 hurt in Berlin Xmas market attack: police</title>
    <dateline>Berlin, Dec 19, 2016 (AFP) -</dateline>
    <credit>Agence France-Presse (AFP)</credit>
    <origin country="DEU" city="Berlin" />
    <keywords>
      <keyword>market</keyword>
      <keyword>attack</keyword>
      <keyword>toll</keyword>
      <keyword>Germany</keyword>
    </keywords>
    <categories>
      <iptc>02003000</iptc>
      <iptc>02003001</iptc>
      <iptc>02000000</iptc>
      <iptc infered="true">16001000</iptc>
    </categories>
  </headers>
  <content>
    <p id="1"><s id="1">A lorry crashed into a Christmas market in Berlin on Monday, killing several people and injuring at least 50, police spokeswoman told AFP.</s> </p>
    <p id="2"><s id="2">&quot;There are at least 50 injured... some seriously.</s> <s id="3">Some are dead,&quot; she said after a driver drove up the pavement of the market in a central square popular with tourists.</s> </p>
    <p id="3"><s id="4">yap/fjb/jm/ric</s> </p>
    <p id="4"></p>
    <p id="5"></p>
  </content>
</article>
