<article>
  <headers>
    <dct>20110722T194903Z</dct>
    <title>At least 10 killed in Norway shooting: media</title>
    <dateline>OSLO, July 22, 2011 (AFP) -</dateline>
    <credit>Agence France-Presse (AFP)</credit>
    <origin country="NOR" city="OSLO" />
    <keywords>
      <keyword>Norway</keyword>
      <keyword>attacks</keyword>
      <keyword>shooting</keyword>
      <keyword>toll</keyword>
    </keywords>
    <categories>
      <iptc>16001000</iptc>
      <iptc infered="true">15051000</iptc>
    </categories>
  </headers>
  <content>
    <p id="1"><s id="1">A gunman disguised as a police officer killed at least 10 people at a summer youth camp organised by Norway's ruling Labour Party on an island near Oslo Friday, media reported.</s> </p>
    <p id="2"><s id="2">&quot;We have received information on the death of 10 people while seven have been wounded,&quot; police spokesman Bjoern Erik Sem-Jakobsen was quoted as saying by the Nettavisen news website.</s> <s id="3">&quot;This figure is still not definitive but that is what we have been able to establish so far.&quot;</s> </p>
    <p id="3"><s id="4">phy/co/gk</s> </p>
  </content>
</article>
