<article>
  <headers>
    <dct>20070411T193200Z</dct>
    <title>Algiers suicide car bomb attacks kill 23 by Hassen Zenati =(PICTURE)= ATTENTION - ADDS world reax ///</title>
    <origin country="DZA" city="ALGER" />
    <keywords>
      <keyword>attacks</keyword>
      <keyword>Algeria</keyword>
    </keywords>
    <categories>
      <iptc infered="true">16001000</iptc>
    </categories>
  </headers>
  <content>
    <p id="1"><s id="1">ALGIERS, April 11, 2007 (AFP) - Two suicide car bomb attacks claimed by an Al-Qaeda affiliate rocked the Algerian capital, including the prime minister's office, on Wednesday, killing at least 23 people and injuring more than 160.The bombings, which followed closely on the heels of suicide blasts in neighbouring Morocco, fuelled regional fears of a resurgence in militant activity following crackdowns by North African governments.</s> </p>
    <p id="2"><s id="2">The first of Wednesday's attacks was carried out by a suicide bomber who drove his explosives-laden car into a guard post outside the government headquarters in central Algiers, police said.</s> </p>
    <p id="3"><s id="3">At least 12 people were killed and 118 hurt, according to the civil defence department which warned that the toll &quot;could become heavier&quot;.</s> </p>
    <p id="4"><s id="4">A few minutes later, bombers driving two cars triggered explosions in the eastern suburb of Bab Ezzouar, on the road to the international airport and not far from one of Algeria's largest universities.</s> </p>
    <p id="5"><s id="5">Police said 11 people were killed and 44 wounded in the blasts that demolished an electricity sub-station and badly damaged a police station.</s> </p>
    <p id="6"><s id="6">Al-Qaeda's branch in North Africa claimed responsibility for the attacks, publishing photographs of what it said were the three suicide bombers in an Internet statement.</s> </p>
    <p id="7"><s id="7">The statement on an Islamist website often used by the Al-Qaeda network of Osama bin Laden said the car bombings killed at least 53 people.</s> </p>
    <p id="8"><s id="8">World leaders reacted with horror to the bombings.</s> </p>
    <p id="9"><s id="9">Russian President Vladimir Putin expressed his &quot;sorrow and indignation&quot;.</s> </p>
    <p id="10"><s id="10">In Washington, both the White House and the State Department condemned the attacks.</s> </p>
    <p id="11"><s id="11">&quot;These horrific acts indiscriminately killed members of the security services and civilians alike,&quot; said State Department spokesman Sean McCormack.</s> </p>
    <p id="12"><s id="12">In Brussels, European Union foreign policy chief Javier Solana said: &quot;These were odious and cowardly acts.&quot;</s> </p>
    <p id="13"><s id="13">French President Jacques Chirac condemned what he called the &quot;terrible attacks&quot; in a message of solidarity to Algerian President Abdelaziz Bouteflika.</s> <s id="14">Algeria was until 1962 a French colony.</s> </p>
    <p id="14"><s id="15">The Arab League condemned &quot;these terrorist acts and what they represent and aim to achieve.&quot;</s> </p>
    <p id="15"><s id="16">The blast at the government headquarters, which houses the prime minister's office and other ministries, wrecked the facade of the eight-storey complex and blew out the windows of many neighbouring buildings.</s> </p>
    <p id="16"><s id="17">More than one hour after the explosion, which was heard across the capital, a thick cloud of smoke was still rising from the blast site.</s> </p>
    <p id="17"><s id="18">The blasts came as the Algerian authorities are struggling to curb an upswing in Islamist activity.</s> </p>
    <p id="18"><s id="19">At least 33 people, including about 15 security officers, have been killed in clashes with Islamist militants since the beginning of April, according to official figures and media reports.</s> </p>
    <p id="19"><s id="20">In February 2006, the government offered an amnesty to any Islamists who surrendered.</s> </p>
    <p id="20"><s id="21">Five days ago, nine Algerian soldiers and at least six Islamist militants were killed when a military convoy was ambushed in a forested area west of the capital.</s> </p>
    <p id="21"><s id="22">The Algerian army has been involved in a 20-day offensive in the eastern region of Kabylie against the Al-Qaeda group that claimed Wednesday's attack.</s> </p>
    <p id="22"><s id="23">Previously known as the Salafist Group for Preaching and Combat, it recently changed its name to reflect a direct affiliation with Osama bin Laden's network.</s> </p>
    <p id="23"><s id="24">Algeria is not the only north African state battling militant activity, with neighbours Tunisia and Morocco facing a similar challenge from Islamist groups.</s> </p>
    <p id="24"><s id="25">&quot;For a while, it seemed that the authorities in (these) countries had broken the back of the Islamist terrorist networks,&quot; said Magnus Ranstorp, a specialist at Sweden's national defence college.</s> </p>
    <p id="25"><s id="26">&quot;But it looks that these fronts have been re-energized, revitalized, perhaps because of the severity of the crackdowns.</s> <s id="27">That is what we are seeing today essentially: a sort of reaction to these offensives,&quot; Ranstorp told AFP.</s> </p>
    <p id="26"><s id="28">In Morocco on Wednesday, police hunted 10 possible suicide bombers in Casablanca, a day after three suspected militants blew themselves up as they were being chased.</s> </p>
    <p id="27"><s id="29">All were wanted in connection with a March 11 bomb that exploded in a Casablanca Internet cafe.</s> </p>
    <p id="28"><s id="30">In that attack, the bomber, Abdelfettah Raydi, died and his suspected accomplice and three customers were injured.</s> </p>
    <p id="29"><s id="31">hz-bb/gh/jh</s> </p>
  </content>
</article>
