<article>
  <headers>
    <dct>20130703T234835Z</dct>
    <title>Egypt army topples Islamist president</title>
    <dateline>CAIRO, July 03, 2013 (AFP) -</dateline>
    <credit>Agence France-Presse (AFP)</credit>
    <origin country="EGY" city="Cairo" />
    <keywords>
      <keyword>politics</keyword>
      <keyword>Egypt</keyword>
    </keywords>
    <categories>
      <iptc>16000000</iptc>
      <iptc>11000000</iptc>
      <iptc>16003000</iptc>
    </categories>
  </headers>
  <content>
    <p id="1"><s id="1">The Egyptian army toppled Islamist President Mohamed Morsi on Wednesday after a week of bloodshed that killed nearly 50 people as millions took to the streets to demand an end to his turbulent single year of rule.</s> </p>
    <p id="2"><s id="2">The announcement, made on state television by Morsi's own defence minister, armed forces chief General Abdel Fattah al-Sisi, drew a rapturous welcome from thousands of protesters who have camped out on the streets of Cairo for days.</s> </p>
    <p id="3"><s id="3">Sisi laid out details of the roadmap for a political transition, saying the Islamist-drafted constitution would be frozen and presidential elections held early, without specifying when.</s> </p>
    <p id="4"><s id="4">The armed forces would &quot;remain far away from politics,&quot; he stressed.</s> </p>
    <p id="5"><s id="5">The din rang out immediately, and continued for hours, as tens of thousands of people took to the streets of the capital to celebrate, cheering, whistling, letting off firecrackers and honking car horns in joyous scenes.</s> </p>
    <p id="6"><s id="6">&quot;It's a new historical moment.</s> <s id="7">We get rid of Morsi and the Muslim Brotherhood,&quot; said one celebrator, Omar Sherif.</s> </p>
    <p id="7"><s id="8">In an amateur video posted online, Morsi declared &quot;I am the elected president of Egypt&quot; and urged people to &quot;defend this legitimacy&quot;.</s> </p>
    <p id="8"><s id="9">But the opposition Congress Party of former Arab League chief Amr Mussa said &quot;this is not a coup&quot;.</s> </p>
    <p id="9"><s id="10">&quot;The 2,000-year-old Coptic Church, the 1,000-year-old Azhar mosque, the liberals, the Salafists (conservative Islamists), the police, the army are all behind the call for early elections,&quot; said a Congress spokesman.</s> </p>
    <p id="10"><s id="11">Morsi, Egypt's first freely elected president, came under massive pressure in the run-up to Sunday's anniversary of his maiden year in office, with his opponents accusing him of failing the 2011 revolution by concentrating power in the hands of his Muslim Brotherhood.</s> </p>
    <p id="11"><s id="12">The embattled 61-year-old proposed a &quot;consensus government&quot; as a way out of the country's worst crisis since the 2011 uprising ended three decades of authoritarian rule by Hosni Mubarak.</s> </p>
    <p id="12"><s id="13">But the United States urged Morsi to &quot;do more&quot; as a military deadline passed for him to meet the demands of the people following a week of bloody unrest during mass protests calling for him to quit.</s> </p>
    <p id="13"><s id="14">The advice came too late as the army announced that the head of the Supreme Constitutional Court, Adly al-Mansour, a previously little known judge, would become the new leader of the Arab world's most populous country.</s> </p>
    <p id="14"><s id="15">Opposition leader Mohamed ElBaradei, former head of the UN nuclear watchdog, and the heads of the Coptic Church and Al-Azhar, Sunni Islam's highest seat of learning, sat alongside the armed forces chief as he announced Morsi's overthrow on state television.</s> </p>
    <p id="15"><s id="16">Adly Mansour, &quot;the head of the Supreme Constitutional Court will take the oath before the court's general assembly,&quot; he said without providing a date.</s> </p>
    <p id="16"><s id="17">&quot;Early presidential elections will be held and the head of the Supreme Constitutional Court will manage the affairs of the state during the transitional phase until the new presidential elections.&quot;</s> </p>
    <p id="17"><s id="18">The choreography was designed to show broad civilian support for the military's move to topple Morsi, which dashed the hopes of supporters who had seen his elevation to the presidency after years underground as one of the key achievements of the 2011 revolution.</s> </p>
    <p id="18"><s id="19">Morsi's camp had earlier denounced the army's intervention as a coup.</s> </p>
    <p id="19"><s id="20">&quot;For the sake of Egypt and for historical accuracy, let's call what is happening by its real name: military coup,&quot; Essam al-Haddad, Morsi's national security adviser, said in a statement on Facebook.</s> </p>
    <p id="20"><s id="21">As tension mounted and crowds poured onto the streets to demand Morsi's resignation, Haddad said: &quot;As I write these lines I am fully aware that these may be the last lines I get to post on this page.&quot;</s> </p>
    <p id="21"><s id="22">Egyptian security forces later pulled the plug on a Muslim Brotherhood television channel, a Morsi aide told AFP.</s> </p>
    <p id="22"><s id="23">Staff of Al-Jazeera's Egypt affiliate were also arrested after the channel aired a defiant speech by the deposed president, the aide added.</s> </p>
    <p id="23"><s id="24">Dozens of armoured personnel carriers headed towards Islamist gatherings at Cairo University, Heliopolis and Nasr City where one official said they had encircled the pro-Morsi demonstrators to prevent chaos.</s> </p>
    <p id="24"><s id="25">But in Cairo's Tahrir Square, the security forces looked on as tens of thousands of anti-Morsi protesters rallied in a demonstration that dwarfed that of the embattled president's supporters in Nasr City, on the opposite side of town.</s> </p>
    <p id="25"><s id="26">&quot;Come here O Sisi, Morsi isn't my president,&quot; the flag-waving protesters chanted in the square, referring to the army chief.</s> </p>
    <p id="26"><s id="27">The crowd swelled at nightfall, after a scorching day that saw police officers hand out water to the demonstrators in the middle of Tahrir, epicentre of the 2011 uprising.</s> </p>
    <p id="27"><s id="28">The powerful military had issued a 48-hour deadline on Monday for Morsi to meet the &quot;people's demands&quot;, a day after millions of protesters took to the streets calling for him to resign.</s> </p>
    <p id="28"><s id="29">Washington confirmed that it had ordered out all of its embassy staff just hours after Morsi's overthrow.</s> <s id="30">Most Western embassies had remained closed since before Sunday's mass protests.</s> </p>
    <p id="29"><s id="31">bur-dv/kir</s> </p>
  </content>
</article>
