<article>
  <headers>
    <dct>20150817T182732Z</dct>
    <title>At least 16 dead as bomb rocks central Bangkok: police</title>
    <dateline>Bangkok, Aug 17, 2015 (AFP) -</dateline>
    <credit>Agence France-Presse (AFP)</credit>
    <origin country="THA" city="Bangkok" />
    <keywords>
      <keyword>unrest</keyword>
      <keyword>bombing</keyword>
      <keyword>Thailand</keyword>
    </keywords>
    <categories>
      <iptc>16000000</iptc>
      <iptc>16001000</iptc>
      <iptc>16005002</iptc>
    </categories>
  </headers>
  <content>
    <p id="1"><s id="1">At least 16 people were killed and dozens injured when a bomb exploded Monday outside a religious shrine in a bustling hub of the Thai capital popular with tourists, authorities said.</s> </p>
    <p id="2"><s id="2">The blast occurred about 6:30 pm (1130 GMT) when the streetside shrine was packed with worshippers and tourists -- with the Thai police chief confirming at least 10 Thais, one Chinese and one Filipino citizen were among the dead.</s> </p>
    <p id="3"><s id="3">&quot;It was a bomb, I think it was inside a motorcycle... it was very big, look at the bodies,&quot; one visibly shocked rescue volunteer, who did not want to be named, told AFP outside the Erawan Shrine.</s> </p>
    <p id="4"><s id="4">Bangkok has endured years of deadly political violence, with a military junta now ruling the nation, and a decades-long Muslim insurgency in the far south that has claimed thousands of lives.</s> </p>
    <p id="5"><s id="5">Police spokesman Prawut Thavornsiri told AFP the blast was likely politically motivated and designed to bring &quot;chaos&quot;, adding 16 people had been confirmed killed.</s> </p>
    <p id="6"><s id="6">However no-one claimed responsibility for Monday's attack, and it was unclear immediately who may have been responsible.</s> </p>
    <p id="7"><s id="7">A spokesman for the government later said it was too early to speculate on who was behind the attack.</s> </p>
    <p id="8"><s id="8">Islamic militants have carried out many attacks in other parts of Southeast Asia, including on Indonesia's holiday island of Bali in 2002 that killed 202 people, but they have not made Thailand a prime target.</s> </p>
    <p id="9"><s id="9">Glass was strewn across the street after the explosion inside the gates to the shrine, which is in the central Chidlom district popular with tourists, an AFP reporter witnessed.</s> </p>
    <p id="10"><s id="10">Charred and shattered motorcycles littered the scene, along with hunks of concrete, with pools of blood on the pavement and two bodies crumpled on the steps of the shrine.</s> </p>
    <p id="11"><s id="11">The city's medical emergency centre said more than 80 people were wounded by the blast, which rattled windows several kilometres from the site.</s> </p>
    <p id="12"><s id="12">There were chaotic scenes at Chulakongkorn Hospital, one of a number of nearby medical facilities that received victims as nurses ferried the injured on gurneys.</s> </p>
    <p id="13"><s id="13">One man who was conscious had visibly burned hair and a number of cuts that were bandaged, an AFP reporter on the scene said.</s> </p>
    <p id="14"><s id="14">&quot;Some (of the victims) are Chinese,&quot; Minister for Tourism Kobkarn Wattanavrangkul told AFP as she visited the hospital.</s> </p>
    <p id="15"><s id="15">A Chinese and a Filipino were among those confirmed dead, Thai police sai, while Singapore's prime minister said some of the city-state's nationals were also wounded.</s> </p>
    <p id="16"><s id="16">With rumours abounding in a city that is no stranger to major acts of violence, officials denied reports of more devices in an area, which is home to several high end hotels and major shopping malls.</s> </p>
    <p id="17"></p>
    <p id="18"></p>
    <p id="19"><s id="17">While there was no immediate claim of responsibility for the attack, the initial comments by Thai police cast immediate suspicion on the kingdom's rival political factions.</s> </p>
    <p id="20"><s id="18">Thailand has been seared by a near-decade of political violence that has left the country deeply divided and seen repeated rounds of deadly street protests and bombings -- but none on Monday's scale.</s> </p>
    <p id="21"><s id="19">Many observers had predicted a fresh round of violence after the military seized power in a coup in May last year, toppling a civilian government led by Yingluck Shinawatra.</s> </p>
    <p id="22"><s id="20">Thailand's defence minister said the bombers had targeted &quot;foreigners&quot; to try to damage the tourist industry, which is a rare bright spot in an otherwise gloomy economy.</s> </p>
    <p id="23"><s id="21">&quot;It was a TNT bomb... the people who did it targeted foreigners and to damage tourism and the economy,&quot; said Prawit Wongsuwong, a former general who is believed to have been one of the key coup-makers.</s> </p>
    <p id="24"><s id="22">Singaporean and Taiwanese authorities said their citizens were among those injured.</s> </p>
    <p id="25"><s id="23">Self-exiled former premier Thaksin Shinawatra, who is Yingluck's brother and who was toppled by a 2006 coup, sits at the heart of the political divide.</s> </p>
    <p id="26"><s id="24">Parties led by him or his sister or supporters have won every election since 2001 thanks to the votes of the rural north and northeast.</s> <s id="25">But he is loathed by the Bangkok-based royalist elite.</s> </p>
    <p id="27"><s id="26">Thailand is also fighting a festering insurgency in its Muslim-majority southernmost provinces bordering Malaysia.</s> <s id="27">More than 6,400 people -- mostly civilians -- have been killed there.</s> </p>
    <p id="28"><s id="28">In the so-called &quot;Deep South&quot;, bombs are a near-daily reality alongside shootings and ambushes of security forces.</s> </p>
    <p id="29"><s id="29">Civilians are overwhelmingly the target.</s> <s id="30">But the conflict, which sees local rebels calling for greater autonomy from the Thai state, has stayed highly localised.</s> </p>
    <p id="30"><s id="31">There has never been a confirmed attack by the insurgents outside the southern region despite the years of war.</s> </p>
    <p id="31"><s id="32">The Erawan is an enormously popular shrine to the Hindu god Brahma but is visited by thousands of Buddhist devotees every day.</s> </p>
    <p id="32"><s id="33">It is located on a traffic-choked intersection in Bangkok's commercial hub and surrounded by three major shopping malls.</s> </p>
    <p id="33"><s id="34">apj/jta/kma</s> </p>
  </content>
</article>
