<article>
  <headers>
    <dct>20160726T022313Z</dct>
    <title>19 killed in Japan knife attack: firefighters</title>
    <dateline>Tokyo, July 26, 2016 (AFP) -</dateline>
    <credit>Agence France-Presse (AFP)</credit>
    <origin country="JPN" city="Tokyo" />
    <keywords>
      <keyword>knife</keyword>
      <keyword>Japan</keyword>
      <keyword>crime</keyword>
    </keywords>
    <categories>
      <iptc>02000000</iptc>
      <iptc infered="true">02001000</iptc>
    </categories>
  </headers>
  <content>
    <p id="1"><s id="1">At least 19 people were killed in Japan when a knife-wielding man went on a rampage at a care centre for the mentally disabled early Tuesday, officials said.</s> </p>
    <p id="2"><s id="2">Another 25 were wounded, 20 of them seriously, in the attack in Sagamihara city, 50 kilometres (30 miles) west of Tokyo, a local fire department spokesman said.</s> </p>
    <p id="3"><s id="3">A 26-year-old man who said he was a former employee of the centre later turned himself in at a police station, admitting to officers: &quot;I did it.&quot;</s> </p>
    <p id="4"><s id="4">Police said they had received a call from the Tsukui Yamayuri-en centre sometime after 2:30 am about a man armed with a knife entering the facility.</s> </p>
    <p id="5"><s id="5">According to police cited by the Asahi Shimbun daily, the suspect said: &quot;The disabled should all disappear.&quot;</s> </p>
    <p id="6"><s id="6">&quot;Doctors confirmed the deaths of 19 people,&quot; the fire department official told AFP.</s> </p>
    <p id="7"><s id="7">The alleged assailant turned himself in after 3:00 am (1800 GMT Monday), admitting he had carried out the attack, a police spokesman said.</s> </p>
    <p id="8"><s id="8">Kyodo news agency identified the attacker, who it said was arrested, as 26-year-old Satoshi Uematsu.</s> </p>
    <p id="9"><s id="9">&quot;We are still confirming details of the case,&quot; a police spokesman told AFP.</s> </p>
    <p id="10"><s id="10">Police had cordoned off the centre, with yellow &quot;Keep out&quot; tape around the one-storey building nestled against forested hills.</s> </p>
    <p id="11"><s id="11">Japan has one of the lowest rates of violent crime in the developed world, and attacks involving weapons of any kind are unusual.</s> </p>
    <p id="12"><s id="12">But the country has seen outbursts of random as well as planned violence.</s> </p>
    <p id="13"><s id="13">In 2008 in Tokyo a man ploughed a rental truck into a crowd of shoppers in Tokyo's bustling Akihabara district before he stabbed passers-by, killing seven people and injuring 10 others.</s> </p>
    <p id="14"><s id="14">After that rampage, Japan banned possession of double-edged knives with blades longer than 5.5 centimetres (about two inches), punishable by up to three years in prison or a 500,000 yen ($6,200) fine.</s> </p>
    <p id="15"><s id="15">In 2001, eight children at a primary school in Osaka were stabbed to death.</s> </p>
    <p id="16"><s id="16">In 1995, members of a Japanese doomsday cult released sarin gas in the Tokyo subway system, killing 13 people and causing thousands of commuters to fall ill in a crime that deeply dented Japan's sense of security.</s> </p>
    <p id="17"><s id="17">But Japan has recently seen an increasing number of cases of attacks on the weak and vulnerable.</s> </p>
    <p id="18"><s id="18">In February, a former nursing home worker was arrested for allegedly throwing an 87-year-old resident from a balcony to his death.</s> </p>
    <p id="19"><s id="19">The former employee also reportedly admitted killing two more residents in their 80s and 90s by throwing them from balconies in 2014.</s> </p>
    <p id="20"><s id="20">There have also been cases of family members killing ailing and ageing spouses or parents suffering from dementia in Japan's rapidly ageing society.</s> </p>
    <p id="21"><s id="21">oh/kgo/mtp/cah</s> </p>
  </content>
</article>
