<article>
  <headers>
    <dct>20151031T144344Z</dct>
    <title>Russian airliner crashes in Egypt's Sinai, all 224 aboard 'killed'</title>
    <dateline>Cairo, Oct 31, 2015 (AFP) -</dateline>
    <credit>Agence France-Presse (AFP)</credit>
    <origin country="EGY" city="Cairo" />
    <keywords>
      <keyword>Egypt</keyword>
      <keyword>aviation</keyword>
      <keyword>accident</keyword>
      <keyword>Russia</keyword>
    </keywords>
    <categories>
      <iptc>03010000</iptc>
      <iptc>03014000</iptc>
      <iptc>03000000</iptc>
      <iptc>03010003</iptc>
      <iptc infered="true">04015001</iptc>
    </categories>
  </headers>
  <content>
    <p id="1"><s id="1">A Russian charter plane carrying 224 people crashed in a mountainous part of Egypt's Sinai Peninsula Saturday, killing all on board, Egyptian security and medical officials said.</s> </p>
    <p id="2"><s id="2">The plane with 214 Russian and three Ukranian passengers, and seven crew, had taken off from the Red Sea resort of Sharm el-Sheikh in the south Sinai bound for Saint Petersburg.</s> <s id="3">It lost contact with air traffic control 23 minutes later.</s> </p>
    <p id="3"><s id="4">Egyptian security and medical officials said there were no survivors, and that the bodies of the passengers and debris were spread out over an area of five square kilometres (two square miles).</s> </p>
    <p id="4"><s id="5">The Russian embassy in Cairo said: &quot;Unfortunately, all passengers of Kogalymavia flight 9268 Sharm el-Sheikh-Saint Petersburg have died.</s> <s id="6">We issue condolences to family and friends.&quot;</s> </p>
    <p id="5"><s id="7">The Egyptian government said 15 bodies had been recovered and transferred to a morgue so far.</s> </p>
    <p id="6"><s id="8">The wreckage was found roughly 100 kilometres (60 miles) south of the North Sinai town of El-Arish, Egyptian officials said.</s> </p>
    <p id="7"><s id="9">There was no official word on the cause of the crash.</s> </p>
    <p id="8"><s id="10">State television reported that Prime Minister Ismail Sharif was headed to the accident scene.</s> </p>
    <p id="9"><s id="11">The Kremlin said Russian President Vladimir Putin ordered Moscow's emergency ministry to dispatch rescue teams to Egypt.</s> </p>
    <p id="10"><s id="12">Egyptian President Abdel Fattah al-Sisi and his French counterpart Francois Hollande said they had sent their condolences to Moscow.</s> </p>
    <p id="11"><s id="13">The Russian emergency ministry published a list of names of the passengers, ranging in age from a 10-month-old girl to a 77-year-old woman.</s> </p>
    <p id="12"><s id="14">A senior Egyptian aviation official said the plane was a charter flight operated by a Russian firm, and was flying at an altitude of 30,000 feet when communication was lost.</s> </p>
    <p id="13"><s id="15">At Saint Petersburg's Pulkovo airport, anxious family members awaited news of their loved ones.</s> </p>
    <p id="14"><s id="16">&quot;I am meeting my parents,&quot; said 25-year-old woman, Ella Smirnova, seemingly in shock.</s> <s id="17">&quot;I spoke to them last on the phone when they were already on the plane, and then I heard the news.&quot;</s> </p>
    <p id="15"><s id="18">&quot;I will keep hoping until the end that they are alive, but perhaps I will never see them again.&quot;</s> </p>
    <p id="16"><s id="19">A senior Egyptian air traffic control official said the pilot told him in their last communication that he was having trouble with the radio system.</s> </p>
    <p id="17"><s id="20">Russian aviation official Sergei Izvolsky told Interfax news agency that the plane operated by Russian carrier Kogalymavia had departed Sharm el-Sheikh at 5:51 am (0351 GMT).</s> </p>
    <p id="18"><s id="21">He said the Airbus 321 did not make contact as expected with air traffic controllers in Cyprus.</s> </p>
    <p id="19"></p>
    <p id="20"></p>
    <p id="21"><s id="22">&quot;Communication was lost today with the Airbus 321 of Kogalymavia which was carrying out flight 9268 from Sharm el-Sheikh to Saint Petersburg,&quot; Izvolsky told Russian television networks.</s> </p>
    <p id="22"><s id="23">&quot;The plane departed Sharm el-Sheikh with 217 passengers and seven crew members.</s> <s id="24">At 7:14 Moscow time the crew was scheduled to make contact with... Larnaca (Cyprus).</s> <s id="25">However, this did not happen and the plane disappeared from the radar screens.&quot;</s> </p>
    <p id="23"><s id="26">The flight was scheduled to land at Saint Petersburg at 0912 GMT, he said.</s> </p>
    <p id="24"><s id="27">Kogalymavia, which operates under the name Metrojet, says on its website it has two A320 planes and seven A321s, and that it transported 779,626 passengers in the first nine months of 2015, according to the Russian aviation agency Rosaviatsia.</s> </p>
    <p id="25"><s id="28">Russia has a dismal air safety record, with charter operators often under pressure to book to capacity on ageing jets in a bid to cut costs.</s> <s id="29">Kogalymavia is a small regional carrier that flies mostly international charter services.</s> </p>
    <p id="26"><s id="30">Russia's regional airlines are especially notorious, and the crash is likely to raise renewed concerns about the safety of air travel in a country where experts have sounded the alarm over the ageing fleet of passenger jets.</s> </p>
    <p id="27"><s id="31">The last major commercial airliner crash in Egypt happened in 2004, when a Flash Airlines Boeing 737 plunged into the Red Sea after taking off from Sharm el-Sheikh.</s> </p>
    <p id="28"><s id="32">The 148 people aboard that flight, most of whom were French, were killed.</s> </p>
    <p id="29"><s id="33">Millions of tourists, many of them Russian, visit the resort, one of Egypt's major attractions for holidaymakers looking for pristine beaches and scuba diving.</s> </p>
    <p id="30"><s id="34">It and other resorts dotting the Red Sea coast are heavily secured by the military and police, as an Islamist militant insurgency rages in the north of the peninsula, which borders Israel and the Gaza Strip.</s> </p>
    <p id="31"><s id="35">Militants in the north who pledged allegiance to the jihadist Islamic State group have killed hundreds of soldiers and policemen since the army ousted Islamist president Mohamed Morsi in 2013.</s> </p>
    <p id="32"><s id="36">burs-se/jds/al</s> </p>
    <p id="33"></p>
  </content>
</article>
