<article>
  <headers>
    <dct>20160325T182239Z</dct>
    <title>Suicide bomber kills 25 south of Baghdad: police</title>
    <dateline>Hilla, Iraq, March 25, 2016 (AFP) -</dateline>
    <credit>Agence France-Presse (AFP)</credit>
    <origin country="IRQ" city="Hilla" />
    <keywords>
      <keyword>unrest</keyword>
      <keyword>Iraq</keyword>
      <keyword>blast</keyword>
    </keywords>
    <categories>
      <iptc>16000000</iptc>
      <iptc>15000000</iptc>
      <iptc>15054000</iptc>
      <iptc>16001000</iptc>
      <iptc>16005002</iptc>
      <iptc infered="true">03014000</iptc>
    </categories>
  </headers>
  <content>
    <p id="1"><s id="1">A suicide bomber blew himself up in a crowd Friday after a local football game in a village south of Baghdad, killing at least 25 people, police and medics said.</s> </p>
    <p id="2"><s id="2">&quot;They were just handing the trophy to the winners, the suicide attacker blew himself up in the crowd,&quot; a police captain from the village, Al-Asriya, told AFP.</s> </p>
    <p id="3"><s id="3">The village is near Iskandariyah, a town about 40 kilometres (25 miles) south of the capital.</s> </p>
    <p id="4"><s id="4">The police captain said more than 50 people were also wounded in the blast.</s> </p>
    <p id="5"><s id="5">A source at Iskandariyah hospital confirmed the toll, warning that the casualties figure were preliminary and could rise.</s> </p>
    <p id="6"><s id="6">The medic told AFP that the attack took place around 7:00 pm (1600 GMT).</s> </p>
    <p id="7"><s id="7">str-ak/jmm/hkb</s> </p>
    <p id="8"></p>
    <p id="9"></p>
  </content>
</article>
