<article>
  <headers>
    <dct>20160325T232317Z</dct>
    <title>Football pitch suicide attack kills 30 south of Baghdad</title>
    <dateline>Hilla, Iraq, March 25, 2016 (AFP) -</dateline>
    <credit>Agence France-Presse (AFP)</credit>
    <origin country="IRQ" city="Hilla" />
    <keywords>
      <keyword>unrest</keyword>
      <keyword>Iraq</keyword>
      <keyword>blast</keyword>
    </keywords>
    <categories>
      <iptc>16000000</iptc>
      <iptc>15000000</iptc>
      <iptc>15054000</iptc>
      <iptc>16001000</iptc>
      <iptc>16005002</iptc>
      <iptc infered="true">03014000</iptc>
    </categories>
  </headers>
  <content>
    <p id="1"><s id="1">A suicide bomber blew himself up on a football pitch as trophies were being presented after a local tournament south of Baghdad Friday, killing at least 30 people, police and medics said.</s> </p>
    <p id="2"><s id="2">The Islamic State group claimed responsibility for the attack that wreaked carnage on the field where supporters, officials and security forces were gathered after the game.</s> </p>
    <p id="3"><s id="3">&quot;They were just handing the trophy to the winners, when the suicide attacker blew himself up in the crowd,&quot; a police captain from the village, Al-Asriya, told AFP.</s> </p>
    <p id="4"><s id="4">The village is near Iskandariyah, a town about 40 kilometres (25 miles) south of the capital.</s> </p>
    <p id="5"><s id="5">The police captain said more than 65 people were also wounded in the blast.</s> </p>
    <p id="6"><s id="6">A medic at Iskandariyah hospital confirmed the toll and warned it could rise further.</s> </p>
    <p id="7"><s id="7">The US State Department condemned the suicide bombing and sent condolences to the bereaved.</s> </p>
    <p id="8"><s id="8">&quot;The United States remains committed in its support to the Iraqi people and the unity of Iraq,&quot; State Department spokeswoman Elizabeth Trudeau said in a statement.</s> </p>
    <p id="9"></p>
    <p id="10"></p>
    <p id="11"><s id="9">Pictures posted on social media of the blast site showed mangled goal posts smeared with blood.</s> </p>
    <p id="12"><s id="10">&quot;The suicide bomber cut through the crowd to approach the centre of the gathering and blew himself up as the mayor was presenting awards to the players,&quot; said Ali Nashmi, an 18-year-old eyewitness.</s> </p>
    <p id="13"><s id="11">The mayor, Ahmed Shaker, was among the dead.</s> </p>
    <p id="14"><s id="12">&quot;The mayor died in hospital as a result of the serious wounds he suffered in the blast,&quot; the medic said, adding that one of his bodyguards and at least five members of the security forces were also among those killed.</s> </p>
    <p id="15"><s id="13">The jihadist IS group promptly released a statement on social media claiming responsibility for the attack and posted a picture of the purported bomber.</s> </p>
    <p id="16"><s id="14">&quot;Our knight immersed into their crowds, until he detonated his belt, turning them into scattered parts,&quot; the statement said, according to a translation by the SITE Intelligence Group.</s> </p>
    <p id="17"><s id="15">The bomber was named as Saifullah al-Ansari.</s> <s id="16">He looks like a teenager on the attached picture, which shows him wearing a black scarf on his head and raising his right index finger.</s> </p>
    <p id="18"><s id="17">IS claimed in its statement that the blast had killed more than 60 and wounded more than 100.</s> </p>
    <p id="19"><s id="18">Haidar Kadhem, 20, survived the explosion.</s> </p>
    <p id="20"><s id="19">&quot;I was maybe 50 metres from the spot.</s> <s id="20">The blast was extremely loud,&quot; he told AFP by phone.</s> </p>
    <p id="21"><s id="21">&quot;Most of the crowd were young people, I could see them strewn across the field, some dead, others wounded asking for help.</s> <s id="22">It was just chaos,&quot; he said.</s> </p>
    <p id="22"></p>
    <p id="23"></p>
    <p id="24"><s id="23">Iskandariyah is part of a mixed Sunni-Shiite area south of Baghdad which was once dubbed &quot;the triangle of death&quot; and has been badly affected by sectarian violence in the last decade.</s> </p>
    <p id="25"><s id="24">Pushing back IS in this region after the jihadists took over large parts of the country in 2014 was one of the priorities of the government and allied Shiite militias.</s> </p>
    <p id="26"><s id="25">That was achieved in a few months and IS has been largely eradicated from the area but violence -- sectarian and criminal -- has remained frequent.</s> </p>
    <p id="27"><s id="26">Further south, at least 61 people were killed when a truck bomb exploded at a checkpoint at the entrance to the city of Hilla on March 6.</s> </p>
    <p id="28"><s id="27">The attack was the deadliest car bomb explosion in Iraq this year.</s> </p>
    <p id="29"><s id="28">The jihadist group has been losing territory steadily in Iraq for almost a year.</s> </p>
    <p id="30"><s id="29">In the most recent operations, Iraqi forces have been gaining ground in the western province of Anbar and have just begun their reconquest of the province of Nineveh.</s> </p>
    <p id="31"><s id="30">In the cities the group retains control, however internal tension appears to be on the rise and the lack of supplies is taking a toll.</s> </p>
    <p id="32"><s id="31">Observers have warned that, as their self-proclaimed &quot;caliphate&quot; shrinks towards extinction, IS fighters are likely to revert to their old guerrilla tactics and ramp up suicide attacks on civilian targets.</s> </p>
    <p id="33"><s id="32">str-ak/jmm/hkb/pvh/iw</s> </p>
    <p id="34"></p>
  </content>
</article>
