<article>
  <headers>
    <dct>20161021T232254Z</dct>
    <title>55 killed in Cameroon train derailment: minister</title>
    <dateline>Yaoundé, Oct 21, 2016 (AFP) -</dateline>
    <credit>Agence France-Presse (AFP)</credit>
    <origin country="CMR" city="Yaoundé" />
    <keywords>
      <keyword>Cameroon</keyword>
      <keyword>accident</keyword>
      <keyword>train</keyword>
    </keywords>
    <categories>
      <iptc>03000000</iptc>
    </categories>
  </headers>
  <content>
    <p id="1"><s id="1">Fifty-five people were killed and almost 600 injured when a packed Cameroon passenger train derailed on Friday while travelling from the capital Yaounde to the economic hub Douala, the transport minister said.</s> </p>
    <p id="2"><s id="2">The train, crammed with people due to road traffic disruption between the two cities, came off the tracks just before reaching the central city of Eseka, transport minister Edgar Alain Mebe Ngo'o said.</s> </p>
    <p id="3"><s id="3">Several carriages swung off the track as the train derailed leaving debris strewn across adjacent rail tracks.</s> </p>
    <p id="4"><s id="4">The minister, via state broadcaster CRTV, said 55 people had been confirmed dead and a further 575 were injured in the incident, updating an earlier toll.</s> </p>
    <p id="5"><s id="5">&quot;The cause of the accident is not yet clear,&quot; he said, adding that several of the injured were in very serious condition.</s> </p>
    <p id="6"><s id="6">Transport ministry officials have rushed to the accident site.</s> </p>
    <p id="7"><s id="7">The train left Yaounde at around 11:00 am (1000 GMT) and derailed around midday some 200 kilometres from the capital, the transport minister said.</s> </p>
    <p id="8"><s id="8">The train route was particularly busy after a bridge on the road linking Yaounde and Douala collapsed in heavy rain overnight Thursday, paralysing traffic and sending extra waves of travellers onto trains.</s> </p>
    <p id="9"><s id="9">&quot;Intervention and security teams have been mobilised,&quot; the rail company Camrail, a subsidiary of French investment group Bollore, announced.</s> </p>
    <p id="10"><s id="10">bur-mc/pvh/kb</s> </p>
  </content>
</article>
