<article>
  <headers>
    <dct>20160824T071543Z</dct>
    <title>At least five dead in Italian earthquake: media</title>
    <dateline>Rome, Aug 24, 2016 (AFP) -</dateline>
    <credit>Agence France-Presse (AFP)</credit>
    <origin country="ITA" city="Rome" />
    <keywords>
      <keyword>Italy</keyword>
      <keyword>earthquake</keyword>
      <keyword>toll</keyword>
    </keywords>
    <categories>
      <iptc>03015001</iptc>
      <iptc>03002000</iptc>
      <iptc>03000000</iptc>
    </categories>
  </headers>
  <content>
    <p id="1"><s id="1">At least five people have died after a powerful earthquake struck central Italy in the early hours of Wednesday, local media reported.</s> </p>
    <p id="2"><s id="2">The first confirmed victims of the 6.2-magnitude quake which devastated dozens of villages were an elderly couple whose home collapsed at Pescara del Tronto in the Marche region to the east of the epicentre, national broadcaster Rai and other media reported.</s> </p>
    <p id="3"><s id="3">One other person was reported dead at Accumoli, a village close to the epicentre, and two corpses were recovered from the rubble of a collapsed building in Amatrice.</s> </p>
    <p id="4"><s id="4">The mayor of Arquata del Tronto, near Pescara, said that, in addition to the one confirmed death, four people were trapped under rubble and not responding to residents trying to reach them.</s> </p>
    <p id="5"><s id="5">am/pdw</s> </p>
    <p id="6"></p>
  </content>
</article>
