<article>
  <headers>
    <dct>20160714T235646Z</dct>
    <title>'Dozens likely killed' after van ploughs into crowd: mayor of Nice</title>
    <dateline>Nice, France, July 14, 2016 (AFP) -</dateline>
    <credit>Agence France-Presse (AFP)</credit>
    <origin country="FRA" city="Nice" />
    <keywords>
      <keyword>attack</keyword>
      <keyword>France</keyword>
      <keyword>toll</keyword>
    </keywords>
    <categories>
      <iptc>16000000</iptc>
      <iptc>14000000</iptc>
      <iptc>16001000</iptc>
      <iptc>14023000</iptc>
    </categories>
  </headers>
  <content>
    <p id="1"><s id="1">The mayor of the French city of Nice said dozens of people were likely killed after a van rammed into a crowd marking Bastille Day in the French Riviera resort on Thursday and urged residents to stay indoors.</s> </p>
    <p id="2"><s id="2">&quot;The driver of a van appears to have killed dozens.</s> <s id="3">Stay in your homes for now.</s> <s id="4">More info to follow,&quot; mayor Christian Estrosi wrote on Twitter.</s> </p>
    <p id="3"><s id="5">Local authorities from the Alpes-Maritimes prefecture also urged people to remain indoors following what appeared to be a deliberate attack on crowds who had been watching the annual fireworks display from the famed Promenade des Anglais.</s> </p>
    <p id="4"><s id="6">Witnesses also described hearing gunfire, but this was not immediately confirmed by the authorities.</s> </p>
    <p id="5"><s id="7">mba/mfp</s> </p>
    <p id="6"></p>
  </content>
</article>
