<article>
  <headers>
    <dct>20170106T205341Z</dct>
    <title>Five dead in Fort Lauderdale airport shooting</title>
    <dateline>Miami, Jan 6, 2017 (AFP) -</dateline>
    <credit>Agence France-Presse (AFP)</credit>
    <origin country="USA" city="Miami" />
    <keywords>
      <keyword>shooting</keyword>
      <keyword>crime</keyword>
      <keyword>travel</keyword>
      <keyword>US</keyword>
      <keyword>airport</keyword>
    </keywords>
    <categories>
      <iptc>04015001</iptc>
      <iptc>04015000</iptc>
      <iptc>02001000</iptc>
      <iptc>04000000</iptc>
      <iptc>02000000</iptc>
      <iptc infered="true">10006000</iptc>
      <iptc infered="true">15051000</iptc>
    </categories>
  </headers>
  <content>
    <p id="1"><s id="1">A gunman opened fire Friday at Fort Lauderdale-Hollywood airport, a major tourist hub in Florida, killing five people and injuring eight, and sending panicked travelers fleeing for safety.</s> </p>
    <p id="2"><s id="2">Broward County Sheriff's office tweeted that a suspect was in custody following the shooting that broke out around midday, shutting down the international airport.</s> </p>
    <p id="3"><s id="3">The Sheriff's office said five people were dead and eight had been taken to an area hospital.</s> </p>
    <p id="4"><s id="4">Florida Senator Bill Nelson identified the shooter as Estaban Nelson.</s> </p>
    <p id="5"><s id="5">&quot;He had a military ID, we don't know if it is current, but every time you get a bunch of people like at baggage claim or like outside of TSA (Transportation Security Administration) where you're going to security or lines at the ticket counter, it's a soft target,&quot; Nelson told CNN.</s> </p>
    <p id="6"><s id="6">Mayor Barbara Sharief said the gunman appeared to have acted alone.</s> </p>
    <p id="7"><s id="7">&quot;He was a lone shooter, and we have no evidence at this time that he was acting with anyone else.</s> <s id="8">He is in custody, and we are currently investigating,&quot; Sharief told CNN.</s> </p>
    <p id="8"><s id="9">Governor Rick Scott rushed to the airport to be briefed on the shooting.</s> </p>
    <p id="9"><s id="10">President-elect Donald Trump said he had just spoken with Scott, and was &quot;monitoring the terrible situation in Florida.&quot;</s> </p>
    <p id="10"><s id="11">&quot;Thoughts and prayers for all.</s> <s id="12">Stay safe!&quot; he tweeted.</s> </p>
    <p id="11"><s id="13">Fort Lauderdale is a major tourist hub and beach resort in the greater Miami area.</s> </p>
    <p id="12"><s id="14">The airport said the incident broke out in the baggage claim area of Terminal 2.</s> </p>
    <p id="13"><s id="15">&quot;All services are temporarily suspended at #FLL.</s> <s id="16">Please contact your air carrier about your flight information,&quot; it tweeted.</s> </p>
    <p id="14"><s id="17">Passengers ran for safety, while others clustered on the tarmac.</s> </p>
    <p id="15"><s id="18">Ari Fleischer, a former White House spokesman, tweeted: &quot;I'm at the Ft.</s> <s id="19">Lauderdale Airport.</s> <s id="20">Shots have been fired.</s> <s id="21">Everyone is running.&quot;</s> </p>
    <p id="16"><s id="22">Cellphone video footage broadcast by local Fox television affiliate Channel 7 showed one person lying blooded on the floor, and several others on their knees.</s> </p>
    <p id="17"><s id="23">dw-ec/oh</s> </p>
  </content>
</article>
