<article>
  <headers>
    <dct>20071107T195926Z</dct>
    <title>Eight killed in Finnish school massacre by Gael Branchereau =(GRAPHIC+PICTURE)= ATTENTION - UPDATES throughout ///</title>
    <origin country="FIN" city="TUUSULA" />
    <keywords>
      <keyword>school</keyword>
      <keyword>Finland</keyword>
      <keyword>shooting</keyword>
      <keyword>crime</keyword>
    </keywords>
    <categories>
      <iptc>05000000</iptc>
      <iptc>02000000</iptc>
      <iptc infered="true">05005000</iptc>
      <iptc infered="true">02001000</iptc>
      <iptc infered="true">15051000</iptc>
    </categories>
  </headers>
  <content>
    <p id="1"><s id="1">TUUSULA, Finland, Nov 7, 2007 (AFP) - A teenager at a school in Finland went on the rampage Wednesday, shooting dead seven classmates and the headmistress, having first signalled his intentions in a video posted on the Internet.</s> <s id="2">Police identified 18-year-old Pekka-Eric Auvinen as the killer and said he was in a &quot;critical condition&quot; after turning the gun on himself following the massacre at Jokela High School in the small town of Tuusula.</s> </p>
    <p id="2"><s id="3">&quot;The gunman aimed his weapon at his head and fired,&quot; a police spokesman told reporters.</s> </p>
    <p id="3"><s id="4">Witnesses described chaos and panic as Auvinen shot dead his headmistress, five boys, two girls, and wounded a dozen others as they tried to flee the carnage.</s> </p>
    <p id="4"><s id="5">&quot;When we heard the shots we started breaking the windows and jumping,&quot; Franz Andersin, a 14-year-old student, told AFP.</s> </p>
    <p id="5"><s id="6">&quot;I saw injured people lying in the corridor.</s> <s id="7">We started to run and followed (the crowd) in panic.</s> <s id="8">Everyone was trying to squeeze through a narrow door,&quot; another student, Miro Lukinmaa, told the Iltalehti newspaper.</s> </p>
    <p id="6"><s id="9">Finnish Prime Minister Matti Vanhanen described the shooting, the worst in the Nordic country's history, as &quot;a great tragedy&quot;.</s> </p>
    <p id="7"><s id="10">&quot;This is an awful day...</s> <s id="11">The shooting has deeply undermined the sense of security in society... Nobody had expected such things,&quot; Vanhanen said.</s> </p>
    <p id="8"><s id="12">The rampage, which began at 11:43 am (0943 GMT) inside a classroom at the secondary school of some 450 pupils, came after Auvinen posted a video entitled &quot;Jokela High School Massacre -- 11/7/2007&quot; on file-sharing website YouTube.</s> </p>
    <p id="9"><s id="13">The video, posted sometime in the past two weeks, zooms in on the school with heavy metal music blaring in the background and shows a young man against a red background pointing a gun at the camera.</s> </p>
    <p id="10"><s id="14">Within hours of the shooting, the video had been downloaded more than 200,000 times.</s> </p>
    <p id="11"><s id="15">In his profile on YouTube, Auvinen, calling himself Sturmgeist89, says: &quot;I am prepared to fight and die for my cause.</s> </p>
    <p id="12"><s id="16">&quot;I, as a natural selector, will eliminate all who I see unfit, disgraces of human race and failures of natural selection.&quot;</s> </p>
    <p id="13"><s id="17">&quot;You might ask yourselves, why did I do this and what do I want.</s> <s id="18">Well, most of you are too arrogant and closed-minded to understand,&quot; he added.</s> </p>
    <p id="14"><s id="19">Police and school pupils alike were at a loss to explain why Auvinen had committed such a terrible act.</s> </p>
    <p id="15"><s id="20">&quot;He comes from a very normal family, four people, he has one brother.</s> <s id="21">He had no problems in school,&quot; said local police officer Jan-Olav Nyholm naming Auvinen for the first time.</s> </p>
    <p id="16"><s id="22">Fellow pupil, Andersin told AFP, &quot;I knew him.</s> <s id="23">He was always smiling.</s> <s id="24">I don't understand why he did this.&quot;</s> </p>
    <p id="17"><s id="25">Another of Auvinen's classmates, meanwhile, told the Helsingin Sanomat newspaper that the gunman, who was a sports shooter, had recently been acting &quot;strange&quot; and had begun making drawings of gun massacres.</s> </p>
    <p id="18"><s id="26">He had logged into his YouTube account on Wednesday morning, also posting videos hailing, among others, the perpetrators of school shootings in the United States and Oklahoma City bomber Timothy McVeigh.</s> </p>
    <p id="19"><s id="27">According to media reports, he had repeatedly expressed admiration for Hitler and Stalin.</s> </p>
    <p id="20"><s id="28">The American-style shooting sent shockwaves through Finland, where such violence is extremely rare.</s> </p>
    <p id="21"><s id="29">While there have been several of stabbings at Finnish schools in recent years, Wednesday's was the first shooting since a 14-year-old shot dead two classmates in a school in the coastal city of Rauma in 1989.</s> </p>
    <p id="22"><s id="30">&quot;It's incredible that something like this has happened in Finland,&quot; said Jokela high school history and psychology professor Kim Kiuru.</s> </p>
    <p id="23"><s id="31">Finland has one of the world's highest gun ownership rates, ranking third behind the United States and Yemen according to a recent study by Small Arms Survey by the Graduate Institute of International Studies in Geneva.</s> </p>
    <p id="24"><s id="32">Most of the registered weapons in Finland are hunting riffles.</s> </p>
    <p id="25"><s id="33">gab-nl/po/ag/gh</s> </p>
  </content>
</article>
