<article>
  <headers>
    <dct>20141022T193351Z</dct>
    <title>Gunfire in Canadian parliament, soldier shot</title>
    <dateline>OTTAWA, Oct 22, 2014 (AFP) -</dateline>
    <credit>Agence France-Presse (AFP)</credit>
    <origin country="CAN" city="Ottawa" />
    <keywords>
      <keyword>Canada</keyword>
      <keyword>politics</keyword>
      <keyword>attacks</keyword>
    </keywords>
    <categories>
      <iptc>02003000</iptc>
      <iptc>11006000</iptc>
      <iptc>02003001</iptc>
      <iptc>11000000</iptc>
      <iptc>11001004</iptc>
      <iptc>11001003</iptc>
      <iptc>11001002</iptc>
      <iptc>02000000</iptc>
      <iptc>11009000</iptc>
      <iptc>11001000</iptc>
      <iptc infered="true">16001000</iptc>
    </categories>
  </headers>
  <content>
    <p id="1"><s id="1">Gunfire echoed through the Gothic halls of the Canadian parliament Wednesday as police swarmed in to tackle a gunman who had shot a soldier outside before storming the building.</s> </p>
    <p id="2"><s id="2">Initial reports at the scene suggested that one attacker had been shot by police inside the building while up to two more were feared to be at large, as officers sealed off the area.</s> </p>
    <p id="3"><s id="3">Canadian media reported that the soldier had later died, but there was no immediate official confirmation.</s> </p>
    <p id="4"><s id="4">Witnesses spoke of gunfire at three locations, very close to one another in the heart of the city -- first at a war memorial, then in parliament and near a downtown hotel and shopping complex.</s> </p>
    <p id="5"><s id="5">Video footage posted online by the Globe and Mail newspaper showed police ducking for cover as they advanced along a stone hallway, loud gunfire echoing among parliament's stone columns.</s> </p>
    <p id="6"><s id="6">Police officers outside told AFP that one or more -- possibly up to three -- shooters were feared to be on the roof of the building.</s> </p>
    <p id="7"></p>
    <p id="8"></p>
    <p id="9"><s id="7">A member of parliament, Maurice Vellacott, told AFP that House of Commons security had told one of his aides that at least one suspect had been killed inside parliament.</s> </p>
    <p id="10"><s id="8">Other lawmakers tweeted reports that an assailant had been shot.</s> </p>
    <p id="11"><s id="9">&quot;I literally had just taken off my jacket to go into caucus.</s> <s id="10">I hear this 'pop, pop, pop,' possibly 10 shots, don't really know,&quot; Liberal Party member John McKay told reporters outside.</s> </p>
    <p id="12"><s id="11">&quot;Suddenly the security guards come rushing down the hallways and usher us all out to the back of the parliament buildings,&quot; he said, as lawmakers, staff and reporters scurried from the area.</s> </p>
    <p id="13"><s id="12">CBC radio also reported that one of the suspected shooters had been killed, but there was no official confirmation.</s> </p>
    <p id="14"><s id="13">Witnesses said they saw a man armed with a rifle running into parliament after shooting a guard at the war memorial.</s> </p>
    <p id="15"><s id="14">Passers-by told reporters that a bearded man had gunned down the soldier and hijacked a passing vehicle to take him the short distance to Parliament Hill, on a bluff over the Ottawa River.</s> </p>
    <p id="16"><s id="15">One witness, parliamentary aide Marc-Andre Viau, said he saw a man run into a caucus meeting at the parliament, chased by police armed with rifles who yelled &quot;take cover.&quot;</s> </p>
    <p id="17"><s id="16">That was followed by &quot;10, 15, maybe 20 shots,&quot; possibly from an automatic weapon, he said.</s> </p>
    <p id="18"><s id="17">&quot;I'm shaken,&quot; said Viau.</s> </p>
    <p id="19"><s id="18">The soldier appeared seriously wounded at the scene.</s> <s id="19">Emergency medics were seen pushing on his chest to revive him.</s> </p>
    <p id="20"><s id="20">Police raced to seal off the parliament building and the office of Canadian Prime Minister Stephen Harper, pushing reporters and bystanders further back and blocking roads with squad cars.</s> </p>
    <p id="21"><s id="21">Harper -- who was attending a meeting with lawmakers at the time -- left the area of the shooting and was &quot;safe,&quot; his spokesman Jason MacDonald said.</s> </p>
    <p id="22"></p>
    <p id="23"></p>
    <p id="24"><s id="22">In Canada's southern neighbor the United States, the White House said President Barack Obama had been briefed on the situation and an official said US and Canadian air defenses were on alert.</s> </p>
    <p id="25"><s id="23">The US embassy in Ottawa was placed on lockdown.</s> </p>
    <p id="26"><s id="24">The incident came a day after 25-year-old Martin Couture-Rouleau ran over a soldier, killing him before being shot dead by police as he emerged from his wrecked car wielding a knife.</s> </p>
    <p id="27"><s id="25">The government branded this a terrorist attack by a suspected Islamist, amid reports that Couture-Rouleau was a supporter of the so-called Islamic State, a jihadist group operating in Iraq and Syria.</s> </p>
    <p id="28"><s id="26">If the driver's alleged jihadist sympathies are confirmed, it would be Canada's first ever Islamist attack, although authorities have warned they are tracking 90 suspected extremists in the country.</s> </p>
    <p id="29"><s id="27">Authorities raised the security threat level from low to medium after the incident, which came as Canadian jets were to join the US-led air armada bombarding Islamist militants in Iraq.</s> </p>
    <p id="30"><s id="28">&quot;This level means that intelligence has indicated that an individual or group within Canada or abroad has the intent and capability to commit an act of terrorism,&quot; the Public Safety Ministry said.</s> </p>
    <p id="31"><s id="29">Outside parliament, police were seen taking cover behind vehicles, as others expanded a cordoned off area to a city block around parliament.</s> </p>
    <p id="32"><s id="30">amc-sab-dc/sst</s> </p>
    <p id="33"></p>
  </content>
</article>
