<article>
  <headers>
    <dct>20160824T061921Z</dct>
    <title>At least three dead in Italian earthquake: media</title>
    <dateline>Rome, Aug 24, 2016 (AFP) -</dateline>
    <credit>Agence France-Presse (AFP)</credit>
    <origin country="ITA" city="Rome" />
    <keywords>
      <keyword>Italy</keyword>
      <keyword>earthquake</keyword>
      <keyword>toll</keyword>
    </keywords>
    <categories>
      <iptc>03015001</iptc>
      <iptc>03002000</iptc>
      <iptc>03000000</iptc>
    </categories>
  </headers>
  <content>
    <p id="1"><s id="1">At least three people have died after a powerful earthquake struck central Italy in the early hours of Wednesday, local media reported.</s> </p>
    <p id="2"><s id="2">The first confirmed victims of a quake which devastated dozens of villages were an elderly couple whose home collapsed at Pescara del Tronto in the Marche region to the east of the epicentre, national broadcaster Rai and other media reported.</s> </p>
    <p id="3"><s id="3">The AGI news agency said at least one other person had died in Accumoli, a village close to the epicentre.</s> </p>
    <p id="4"><s id="4">&quot;We have a tragedy here,&quot; said the village mayor Stefano Petrucci.</s> <s id="5">&quot;For the moment one death is confirmed but there are another four people under the rubble and they are not responding.</s> </p>
    <p id="5"><s id="6">&quot;It is a disaster, we have no light, no telephones, the rescue services have not got here yet.&quot;</s> </p>
    <p id="6"><s id="7">am/tm/ceb</s> </p>
  </content>
</article>
