<article>
  <headers>
    <dct>20160726T031209Z</dct>
    <title>19 killed in knife rampage at Japan care home</title>
    <dateline>Sagamihara, Japan, July 26, 2016 (AFP) -</dateline>
    <credit>Agence France-Presse (AFP)</credit>
    <origin country="JPN" city="Sagamihara" />
    <keywords>
      <keyword>Japan</keyword>
      <keyword>crime</keyword>
    </keywords>
    <categories>
      <iptc>02000000</iptc>
      <iptc infered="true">02001000</iptc>
    </categories>
  </headers>
  <content>
    <p id="1"><s id="1">At least 19 people were killed when a knife-wielding man went on the rampage at a Japanese care centre for the mentally disabled on Tuesday, officials said.</s> </p>
    <p id="2"><s id="2">A 26-year-old man who said he was a former employee of the facility later turned himself in at a police station, admitting to officers: &quot;I did it.&quot;</s> </p>
    <p id="3"><s id="3">According to the Asahi Shimbun daily, he also said: &quot;The disabled should all disappear.&quot;</s> </p>
    <p id="4"><s id="4">A fleet of ambulances, police cars and fire trucks converged on the one-storey Tsukui Yamayuri-en centre nestled against forested hills in Sagamihara, a city of more than 700,000 people west of Tokyo.</s> </p>
    <p id="5"><s id="5">A fire department spokesman said that another 25 were wounded, 20 of them seriously, in the attack which ranks as one of the worst mass killings in Japan's postwar history.</s> </p>
    <p id="6"><s id="6">&quot;Doctors confirmed the deaths of 19 people,&quot; the spokesman told AFP.</s> </p>
    <p id="7"><s id="7">Kyodo news agency identified the attacker as Satoshi Uematsu and said he had been arrested.</s> </p>
    <p id="8"><s id="8">Police said they received a call from the centre around 2:30am (1730 GMT Monday), raising the alarm that a man armed with a knife had entered the facility.</s> </p>
    <p id="9"><s id="9">Public broadcaster NHK said he had broken a glass window on the first floor to get into the building before stabbing those inside.</s> </p>
    <p id="10"><s id="10">It also said police found several knives in his bag, some of which were covered with blood.</s> </p>
    <p id="11"><s id="11">Police said the assailant turned himself in shortly after 3:00am, admitting he had carried out the attack at the centre which on Tuesday was cordoned off, and draped with yellow &quot;Keep Out&quot; tape.</s> </p>
    <p id="12"><s id="12">Japan has one of the lowest rates of violent crime in the developed world, and attacks involving weapons of any kind are unusual.</s> </p>
    <p id="13"><s id="13">But the country has seen outbursts of random as well as planned violence.</s> </p>
    <p id="14"><s id="14">In 2001, eight children at a primary school in Osaka were stabbed to death.</s> </p>
    <p id="15"><s id="15">And in 2008 a man ploughed a rental truck into a crowd of shoppers in Tokyo's bustling Akihabara district before he stabbed passers-by, killing seven people and injuring 10 others.</s> </p>
    <p id="16"><s id="16">After that rampage, Japan banned possession of double-edged knives with blades longer than 5.5 centimetres (about two inches), punishable by up to three years in prison.</s> </p>
    <p id="17"><s id="17">Japan's most notorious attack came in 1995, when members of the doomsday cult Aum Shinrikyo released sarin gas in the Tokyo subway system.</s> </p>
    <p id="18"><s id="18">Thirteen people were killed and thousands of commuters fell ill in a crime that deeply dented the national sense of security.</s> </p>
    <p id="19"><s id="19">But Japan has recently seen an increasing number of cases of attacks on the weak and vulnerable.</s> </p>
    <p id="20"><s id="20">In February, a former nursing home worker was arrested for allegedly throwing an 87-year-old resident to his death from a balcony.</s> </p>
    <p id="21"><s id="21">The former employee also reportedly admitted killing two more residents in their 80s and 90s by throwing them from balconies in 2014.</s> </p>
    <p id="22"><s id="22">There have also been cases of family members killing ailing and ageing spouses or parents suffering from dementia in Japan's rapidly ageing society.</s> </p>
    <p id="23"><s id="23">oh/kgo/sls</s> </p>
    <p id="24"></p>
  </content>
</article>
