<article>
  <headers>
    <dct>20150817T144730Z</dct>
    <title>At least two dead as bomb rocks central Bangkok: AFP</title>
    <dateline>Bangkok, Aug 17, 2015 (AFP) -</dateline>
    <credit>Agence France-Presse (AFP)</credit>
    <origin country="THA" city="Bangkok" />
    <keywords>
      <keyword>unrest</keyword>
      <keyword>bombing</keyword>
      <keyword>Thailand</keyword>
    </keywords>
    <categories>
      <iptc>16000000</iptc>
      <iptc>16001000</iptc>
      <iptc>16005002</iptc>
    </categories>
  </headers>
  <content>
    <p id="1"><s id="1">A bomb exploded outside a religious shrine in central Bangkok late Monday, killing at least two people and wounding many more, according to an AFP reporter at the scene.</s> </p>
    <p id="2"><s id="2">Body parts were scattered across the street after the explosion outside the Erawan Shrine in the downtown Chidlom district of the Thai capital.</s> </p>
    <p id="3"><s id="3">&quot;I can confirm it was a bomb, we can't tell which kind yet, we are checking,&quot; national police spokesman Lietenant General Prawut Thavornsiri told AFP.</s> </p>
    <p id="4"><s id="4">The Erawan is an enormously popular shrine to the Hindu god Brahma but is visited by thousands of Buddhist devotees every day.</s> </p>
    <p id="5"><s id="5">It is located on a main road through Bangkok's commercial hub and is surrounded by three major shopping malls.</s> </p>
    <p id="6"><s id="6">Police and ambulances rushed to the scene after the bomb went off around 7pm (1200 GMT) local time.</s> </p>
    <p id="7"><s id="7">apj/jta/sm</s> </p>
  </content>
</article>
