<article>
  <headers>
    <dct>20161021T200301Z</dct>
    <title>'Substantial human, material damage' in Cameroon derailment: minister</title>
    <dateline>Yaoundé, Oct 21, 2016 (AFP) -</dateline>
    <credit>Agence France-Presse (AFP)</credit>
    <origin country="CMR" city="Yaoundé" />
    <keywords>
      <keyword>Cameroon</keyword>
      <keyword>accident</keyword>
      <keyword>train</keyword>
    </keywords>
    <categories>
      <iptc>03013000</iptc>
      <iptc>03000000</iptc>
      <iptc>03010000</iptc>
    </categories>
  </headers>
  <content>
    <p id="1"><s id="1">A Cameroon passenger train derailed Friday, while travelling between the capital Yaounde and the economic hub of Douala in the south, causing &quot;substantial human and material damage&quot;, Transport Minister Edgar Alain Mebe Ngo'o said.</s> </p>
    <p id="2"><s id="2">The derailment happened near the central town of Eseka, Mebe Ngo'o added, in comments made to the state broadcaster Crtv.</s> </p>
    <p id="3"><s id="3">&quot;The derailment has caused significant human and material damage but I can't at this time give you any figures,&quot; he said.</s> </p>
    <p id="4"><s id="4">A ministerial delegation was bering sent to the accident site.</s> </p>
    <p id="5"><s id="5">A source close to the local Eseka authorities said there were indeed victims, without giving any details.</s> </p>
    <p id="6"><s id="6">According to Crtv the train left for Yaounde shortly after 11:00 am (1000 GMT) packed with passengers.</s> </p>
    <p id="7"><s id="7">&quot;Intervention and security teams have been mobilised,&quot; the rail company Camrail said.</s> </p>
    <p id="8"><s id="8">The route, between the capital and the economic hub, is one of the busiest in the country, with trains to Chad and the Central African Republic also using the axis which has a poor safety record.</s> </p>
    <p id="9"><s id="9">Friday's derailment badly disrupted rail traffic.</s> </p>
    <p id="10"><s id="10">In 2014, Cameroon began building its first highway between the two towns, but the work is not due to be completed until 2018.</s> </p>
    <p id="11"><s id="11">rek-mc/pvh/har</s> </p>
  </content>
</article>
