<article>
  <headers>
    <dct>20161021T212341Z</dct>
    <title>53 killed in Cameroon train derailment: state radio</title>
    <dateline>Yaoundé, Oct 21, 2016 (AFP) -</dateline>
    <credit>Agence France-Presse (AFP)</credit>
    <origin country="CMR" city="Yaoundé" />
    <keywords>
      <keyword>Cameroon</keyword>
      <keyword>accident</keyword>
      <keyword>train</keyword>
    </keywords>
    <categories>
      <iptc>03000000</iptc>
    </categories>
  </headers>
  <content>
    <p id="1"><s id="1">Fifty-three people died when a packed Cameroon passenger train derailed on Friday while travelling between the capital Yaounde and the economic hub Douala, state broadcaster Crtv said.</s> </p>
    <p id="2"><s id="2">The train, crammed with people due to road traffic disruption between the two cities, left the tracks just before reaching the central city of Eseka, Transport minister Edgar Alain Mebe Ngo'o said earlier.</s> </p>
    <p id="3"><s id="3">rek-mc/har/pvh</s> </p>
  </content>
</article>
