<article>
  <headers>
    <dct>20110613T033413Z</dct>
    <title>New quakes rock New Zealand's Christchurch</title>
    <dateline>CHRISTCHURCH, New Zealand, June 13, 2011 (AFP) -</dateline>
    <credit>Agence France-Presse (AFP)</credit>
    <origin country="NZL" city="CHRISTCHURCH" />
    <keywords>
      <keyword>quake</keyword>
      <keyword>NZealand</keyword>
    </keywords>
    <categories>
      <iptc>03002000</iptc>
    </categories>
  </headers>
  <content>
    <p id="1"><s id="1">A series of strong quakes, including a 6.0-magnitude tremor, rocked New Zealand's stricken Christchurch Monday, causing one building to collapse and prompting evacuations.</s> </p>
    <p id="2"><s id="2">Power company Orion said electricity had been cut to 54,000 homes.</s> <s id="3">The US Geological Survey measured the latest quake at a depth of nine kilometres (5.6 miles) and some 14 kilometres from the country's second largest city.</s> </p>
    <p id="3"><s id="4">It followed a string of shocks early Monday, including a 5.2-magnitude jolt which caused building damage in the city, still recovering from a deadly 6.3 magnitude disaster in February.</s> </p>
    <p id="4"><s id="5">&quot;It's been a nasty shake.</s> <s id="6">People will be shaken,&quot; Christchurch mayor Bob Parker, adding that emergency services would have sprung to action within seconds of the jolts, but it was too early to detail injuries.</s> </p>
    <p id="5"><s id="7">&quot;I just hope that the reports of injuries I'm getting are minor injuries,&quot; he told Sky News.</s> </p>
    <p id="6"><s id="8">Police confirmed that a structure had fallen over in central Christchurch, much of which is still blocked off after the February 22 earthquake levelled much of the city, but said nobody was trapped.</s> </p>
    <p id="7"><s id="9">&quot;We've checked the collapsed building and it's all clear,&quot; a police spokesman told AFP.</s> <s id="10">The size of the building was not known.</s> </p>
    <p id="8"><s id="11">The 6.0 magnitude aftershock prompted police to evacuate parts of the damaged central city known as the red zone, while rock falls had closed several bridges and prompted the closure of one police station.</s> </p>
    <p id="9"><s id="12">Police urged residents to check on friends and neighbours, and to stay at home and avoid travelling if possible, but residents gridlocked the roads as they attempted to find their way home and reach family.</s> </p>
    <p id="10"><s id="13">The series of quakes came just hours after the opening of an inquest examining why an office block collapsed in February's earthquake, killing more than 100 people, including 65 foreign students.</s> </p>
    <p id="11"><s id="14">When the first tremors hit around lunchtime, lawyers and relatives of those killed when the Canterbury Television (CTV) building toppled and then burst into flames on February 22 fled the building as windows rattled.</s> </p>
    <p id="12"><s id="15">The inquest was briefly suspended before being hit by the later quakes.</s> </p>
    <p id="13"><s id="16">Geoscience Australia seismologist David Jepson said people would have been shaken quite strongly after New Zealand's South Island had endured much seismic activity in recent months.</s> </p>
    <p id="14"><s id="17">&quot;It seems like they are going to keep happening.</s> <s id="18">Since they had that really big earthquake it seems to me like it activated all these different faults.</s> <s id="19">But it's just a guessing game what is going to happen next,&quot; he said.</s> </p>
    <p id="15"><s id="20">ns-mfc/jit</s> </p>
  </content>
</article>
