<article>
  <headers>
    <dct>20160714T234633Z</dct>
    <title>Vehicle ploughs into crowd in Nice in apparent attack, several hurt: officials</title>
    <dateline>Nice, France, July 14, 2016 (AFP) -</dateline>
    <credit>Agence France-Presse (AFP)</credit>
    <origin country="FRA" city="Nice" />
    <keywords>
      <keyword>police</keyword>
      <keyword>France</keyword>
      <keyword>incident</keyword>
    </keywords>
    <categories>
      <iptc>03014000</iptc>
      <iptc>03000000</iptc>
      <iptc infered="true">02003000</iptc>
    </categories>
  </headers>
  <content>
    <p id="1"><s id="1">A van ploughed into a crowd leaving a fireworks display in the French Riviera city of Nice on Thursday, injuring several people and sparking panic in what local officials said could be an attack.</s> </p>
    <p id="2"><s id="2">Security forces and ambulances raced to the scene, and authorities from the local Alpes-Maritimes prefecture urged residents to stay indoors.</s> </p>
    <p id="3"><s id="3">An AFP reporter described seeing a white van driving at high speed onto the famed Promenade des Anglais as people were leaving after the annual Bastille Day celebration display.</s> </p>
    <p id="4"><s id="4">&quot;We saw people hit and bits of debris flying around,&quot; he said, adding that the incident took place near the city's famed Hotel Negresco.</s> </p>
    <p id="5"><s id="5">Terrified pedestrians screamed as they fled the area.</s> <s id="6">&quot;It was absolute chaos,&quot; he said.</s> </p>
    <p id="6"><s id="7">A huge security cordon was established closing off the central Place Massena by 2330 GMT, another AFP correspondent said.</s> </p>
    <p id="7"><s id="8">vxm-rh/mfp/har</s> </p>
    <p id="8"></p>
    <p id="9"></p>
  </content>
</article>
