<article>
  <headers>
    <dct>20111101T170544Z</dct>
    <title>Boeing 767 lands on belly after undercarriage failure</title>
    <dateline>WARSAW, Nov 1, 2011 (AFP) -</dateline>
    <credit>Agence France-Presse (AFP)</credit>
    <origin country="POL" city="WARSAW" />
    <keywords>
      <keyword>Poland</keyword>
      <keyword>aviation</keyword>
      <keyword>transport</keyword>
      <keyword>US</keyword>
      <keyword>accident</keyword>
    </keywords>
    <categories>
      <iptc>04015001</iptc>
      <iptc>03013000</iptc>
      <iptc>04015000</iptc>
    </categories>
  </headers>
  <content>
    <p id="1"><s id="1">A Boeing 767 with 231 people on board made an emergency landing Tuesday, skidding down the runway on its belly at Warsaw airport after its landing gear failed, a spokesman for Poland's LOT airline told AFP.</s> </p>
    <p id="2"><s id="2">Fire and ambulance crews were deployed and all 220 passengers and 11 crew on the plane of national carrier LOT Polish Airlines were able to disembark safely.</s> </p>
    <p id="3"><s id="3">&quot;The Boeing 767-300 with 220 passengers aboard travelling from Newark (in the United States) made a successful emergency landing after its landing gear failed to deploy,&quot; LOT spokesman Leszek Chorzewski told AFP.</s> </p>
    <p id="4"><s id="4">&quot;The plane landed safely on its belly on the runway which had been sprayed with special flame retardant substances.</s> <s id="5">All the passengers disembarked, no one was injured,&quot; Chorzewski added.</s> </p>
    <p id="5"><s id="6">Raw video footage of the emergency landing aired within minutes of the event by Poland's TVN24 news channel showed the plane skidding down the landing strip on its belly in a splattering cloud of white foam.</s> </p>
    <p id="6"><s id="7">Sparks appeared from the jet engines on its wings as they scraped the runway.</s> <s id="8">After it stopped, passengers exited the plane using inflatable  emergency slides to the runway where emergency crews were waiting for them.</s> </p>
    <p id="7"><s id="9">Poland's President Bronislaw Komorowski thanked the crew, particularly the pilot, for the safe landing and hailed passengers for their &quot;efficient cooperation at a very difficult moment.&quot;</s> </p>
    <p id="8"><s id="10">The pilot, identified as Tadeusz Wrona, had 20 years of flight experience on Boeings in addition to his background as a flight planner.</s> </p>
    <p id="9"><s id="11">&quot;He managed the landing perfectly,&quot; LOT chairman Marcin Pirog told reporters.</s> </p>
    <p id="10"><s id="12">Wrona circled the aircraft near Warsaw for over an hour, to burn off excess fuel stocks before the landing.</s> </p>
    <p id="11"><s id="13">Two Polish F-16 military fighter jets escorted the plane in line with routine procedures, an air force spokesperson told the Polish PAP news agency.</s> </p>
    <p id="12"><s id="14">Warsaw airport has suspended all flights until Wednesday morning in connection with the incident.</s> </p>
    <p id="13"><s id="15">An Iran Air Boeing 727 arriving from Moscow made a similar emergency landing on October 18 in Tehran after a landing gear failure.</s> <s id="16">None of the 116 passengers were hurt.</s> </p>
    <p id="14"><s id="17">mas-bo-sw/boc</s> </p>
  </content>
</article>
