<article>
  <headers>
    <dct>20150630T134457Z</dct>
    <title>At least 116 feared dead in Indonesia military plane crash: officials</title>
    <dateline>Medan, Indonesia, June 30, 2015 (AFP) -</dateline>
    <credit>Agence France-Presse (AFP)</credit>
    <origin country="IDN" city="Medan" />
    <keywords>
      <keyword>military</keyword>
      <keyword>air</keyword>
      <keyword>accident</keyword>
      <keyword>Indonesia</keyword>
    </keywords>
    <categories>
      <iptc>03013000</iptc>
      <iptc>11006000</iptc>
      <iptc>11000000</iptc>
      <iptc>11001004</iptc>
      <iptc>03010000</iptc>
      <iptc>03000000</iptc>
      <iptc>03010003</iptc>
      <iptc>11001000</iptc>
    </categories>
  </headers>
  <content>
    <p id="1"><s id="1">At least 116 people are feared dead after an Indonesian air force transport plane crashed Tuesday into a major city shortly after take-off and exploded in a fireball, officials said.</s> </p>
    <p id="2"><s id="2">Buildings were left in ruins and cars reduced to flaming wrecks when the Hercules C-130 came down in a residential area of Medan, a city of two million on the island of Sumatra.</s> </p>
    <p id="3"><s id="3">Air force chief Agus Supriatna said the manifest showed there were 113 people on board the plane -- 12 crew and 101 passengers -- when it crashed, and he did not believe any had survived.</s> </p>
    <p id="4"><s id="4">&quot;No, no.</s> <s id="5">No survivors, I have just returned from the site,&quot; he told AFP in answer to a question.</s> </p>
    <p id="5"><s id="6">So far, 49 bodies had been recovered and taken to hospital, he said.</s> </p>
    <p id="6"><s id="7">Many passengers were likely to be family members of servicemen and women, said a spokesman for Medan airbase, where the plane took off.</s> <s id="8">At least one child has so far been confirmed killed.</s> </p>
    <p id="7"><s id="9">The local search and rescue agency also said that three people were killed on the ground when the 51-year-old plane went down near a newly built residential area, hitting a massage parlour and a small hotel.</s> </p>
    <p id="8"><s id="10">A rescue operation swung into action, with ambulances ferrying bodies from the site, and crowds of anxious residents gathering around a police cordon to view the smouldering wreckage.</s> </p>
    <p id="9"><s id="11">Residents of Medan described the terrifying moment just after midday when the plane came down.</s> </p>
    <p id="10"><s id="12">&quot;It was very scary,&quot; said Novi, an employee of an international school who goes by one name, describing how she heard the plane and saw it flying very low before the crash.</s> </p>
    <p id="11"><s id="13">Another local resident Januar, 26, said the aircraft appeared to be in trouble just before the accident.</s> </p>
    <p id="12"><s id="14">&quot;I saw the plane from the direction of the airport and it was tilting already, then I saw smoke billowing.&quot;</s> </p>
    <p id="13"></p>
    <p id="14"></p>
    <p id="15"><s id="15">Medan's police chief described the bodies as &quot;crushed by debris of the buildings and the fuselage&quot;.</s> </p>
    <p id="16"><s id="16">Indonesian President Joko Widodo expressed sorrow at the accident, tweeting: &quot;May the families be given patience and strength... May we remain protected from disaster.&quot;</s> </p>
    <p id="17"><s id="17">The plane took off at 12:08 pm (0508 GMT) from the airbase and crashed in the city about two minutes later, about five kilometres (three miles) from the base, according to the military.</s> </p>
    <p id="18"><s id="18">Shortly after take-off, the pilot had asked to return to base, Supriatna said, adding the aircraft might have suffered engine trouble.</s> </p>
    <p id="19"><s id="19">But he added the plane was in  &quot;very good condition&quot; and had made several stops before arriving in Medan.</s> </p>
    <p id="20"><s id="20">It was the second time in a decade that Medan had suffered a fatal plane accident.</s> <s id="21">A Mandala Airlines domestic flight crashed shortly after take-off in 2005 into a densely populated suburb, killing at least 150 including passengers, crew and people on the ground.</s> </p>
    <p id="21"><s id="22">Medan is the biggest Indonesian city outside the main island of Java and is a major economic centre.</s> </p>
    <p id="22"><s id="23">The Indonesian air force has suffered accidents before.</s> </p>
    <p id="23"><s id="24">At least 11 people were killed when a Fokker-27 military jet crashed into a housing complex in the capital Jakarta in June 2012.</s> </p>
    <p id="24"><s id="25">In April an F-16 fighter jet caught fire as it was about to take off from an airbase in Jakarta, prompting the pilot to jump to safety as flames and thick smoke engulfed the plane.</s> </p>
    <p id="25"><s id="26">The pilot escaped with minor injuries from the jet, which had been due to provide security at a summit of Asian and African leaders in Indonesia.</s> </p>
    <p id="26"><s id="27">Indonesia also has a poor civil aviation safety record, and has suffered many fatal crashes in the past.</s> </p>
    <p id="27"><s id="28">An Indonesia AirAsia plane crashed in December en route from Indonesia's Surabaya to Singapore, killing all 162 people on board.</s> </p>
    <p id="28"><s id="29">olr-aa-np-str/sr/sm</s> </p>
    <p id="29"></p>
    <p id="30"><s id="30">AirAsia</s> </p>
    <p id="31"></p>
  </content>
</article>
