<article>
  <headers>
    <dct>20170116T054937Z</dct>
    <title>Kyrgyzstan says at least 32 dead after Turkish cargo plane hits village</title>
    <dateline>Bishkek, Kyrgyzstan, Jan 16, 2017 (AFP) -</dateline>
    <credit>Agence France-Presse (AFP)</credit>
    <origin country="KGZ" city="Bishkek" />
    <keywords>
      <keyword>Kyrgystan</keyword>
      <keyword>aviation</keyword>
      <keyword>accident</keyword>
    </keywords>
    <categories>
      <iptc>03013000</iptc>
      <iptc>03010000</iptc>
      <iptc>03000000</iptc>
      <iptc>03010003</iptc>
      <iptc infered="true">04015001</iptc>
    </categories>
  </headers>
  <content>
    <p id="1"><s id="1">A cargo plane crashed near Kyrgyzstan's main airport Monday, leaving 32 people dead including four pilots as it hit a populated area after attempting to land in thick fog, authorities said.</s> </p>
    <p id="2"><s id="2">The majority of the dead were from the village of Dacha-Suu where the plane -- a Turkish Airlines flight from Hong Kong to Istanbul via Kyrgyzstan's capital Bishkek -- crashed at around 7.30 am local time (0130 GMT), a spokesman for the country's emergency services ministry told AFP.</s> </p>
    <p id="3"><s id="3">Four pilots also died, the health ministry said.</s> </p>
    <p id="4"><s id="4">Around 15 houses have been damaged by the crash, according to the emergency services ministry, which said that the crash caused fires that have now been localised.</s> </p>
    <p id="5"><s id="5">The country's Manas airport has been closed and flights cancelled until evening at the earliest, airport authorities said.</s> </p>
    <p id="6"><s id="6">tol-cr/ceb/tm</s> </p>
  </content>
</article>
