<article>
  <headers>
    <dct>20150920T201910Z</dct>
    <title>Greek conservative leader Meimarakis concedes election defeat</title>
    <dateline>Athens, Sept 20, 2015 (AFP) -</dateline>
    <credit>Agence France-Presse (AFP)</credit>
    <origin country="GRC" city="Athens" />
    <keywords>
      <keyword>Greece</keyword>
      <keyword>politics</keyword>
      <keyword>concede</keyword>
      <keyword>vote</keyword>
    </keywords>
    <categories>
      <iptc>11000000</iptc>
      <iptc>04000000</iptc>
      <iptc infered="true">11003000</iptc>
    </categories>
  </headers>
  <content>
    <p id="1"><s id="1">Greek conservative leader Vangelis Meimarakis on Sunday conceded defeat in a general election that returned leftwing Alexis Tsipras to power.</s> </p>
    <p id="2"><s id="2">&quot;I congratulate him,&quot; Meimarakis told reporters.</s> <s id="3">&quot;It seems citizens did not change their mind&quot; after January's election, which first brought the radical left to power, he said.</s> </p>
    <p id="3"><s id="4">With more than a third of the vote counted, Tsipras' Syriza party was on 35.46 percent to New Democracy's 28.07 percent.</s> </p>
    <p id="4"><s id="5">However, the leftists are likely to end up with 149 seats in the 300-seat parliament -- two short of an absolute majority -- in an exact repeat of their showing in January.</s> </p>
    <p id="5"><s id="6">The nationalist Independent Greeks, with whom Tsipras had governed, are again likely to end up with 13 lawmakers, according to interior ministry estimates.</s> <s id="7">The party seems set to join to a new coalition government.</s> </p>
    <p id="6"><s id="8">Neo-Nazi party Golden Dawn is in a narrow race for third place with 7.16 percent, followed by the Pasok socialists with 6.4 percent.</s> </p>
    <p id="7"><s id="9">Centrist To Potami party is likely to finish with a mere 3.9 percent, while the small anti-corruption Centrist Union party will probably exceed 3.0 percent and enter parliament for the first time.</s> </p>
    <p id="8"><s id="10">jph/fg</s> </p>
    <p id="9"></p>
  </content>
</article>
