<article>
  <headers>
    <dct>20161219T210001Z</dct>
    <title>Lorry ploughs into Berlin Christmas market, at least one dead: police</title>
    <dateline>Berlin, Dec 19, 2016 (AFP) -</dateline>
    <credit>Agence France-Presse (AFP)</credit>
    <origin country="DEU" city="Berlin" />
    <keywords>
      <keyword>market</keyword>
      <keyword>attack</keyword>
      <keyword>Germany</keyword>
    </keywords>
    <categories>
      <iptc>03013000</iptc>
      <iptc>02003000</iptc>
      <iptc>02003001</iptc>
      <iptc>03000000</iptc>
      <iptc>02000000</iptc>
      <iptc infered="true">16001000</iptc>
    </categories>
  </headers>
  <content>
    <p id="1"><s id="1">A lorry smashed into a busy Christmas market in central Berlin on Monday, causing at least one death according to police cited by local news agency DPA, who said it was probably an attack.</s> </p>
    <p id="2"><s id="2">The driver drove up the pavement of the market in a central Berlin square popular with tourists, also injuring several, a police spokesman said.</s> </p>
    <p id="3"><s id="3">yap-ylf/ric/pdw</s> </p>
    <p id="4"></p>
  </content>
</article>
