<article>
  <headers>
    <dct>20141216T094258Z</dct>
    <title>Taliban storm army-run school in Pakistan, 20 dead: officials</title>
    <dateline>PESHAWAR, Pakistan, Dec 16, 2014 (AFP) -</dateline>
    <credit>Agence France-Presse (AFP)</credit>
    <origin country="PAK" city="Peshawar" />
    <keywords>
      <keyword>Pakistan</keyword>
      <keyword>school</keyword>
      <keyword>unrest</keyword>
    </keywords>
    <categories>
      <iptc>16000000</iptc>
      <iptc infered="true">05005000</iptc>
    </categories>
  </headers>
  <content>
    <p id="1"><s id="1">Taliban gunmen killed at least 20 people including 17 children after storming an army-run school in restive northwest Pakistan on Tuesday, officials said.</s> </p>
    <p id="2"><s id="2">The militants had been ordered to shoot older students, a Taliban spokesman said, adding the attack was revenge for a major military offensive in the region.</s> </p>
    <p id="3"><s id="3">At least five insurgents wearing military uniforms have entered the Army Public School in the city of Peshawar, a source at the school told AFP.</s> </p>
    <p id="4"><s id="4">Pakistan's military headquarters said a &quot;rescue operation&quot; was under way and the bulk of staff and students had been evacuated.</s> </p>
    <p id="5"><s id="5">A senior military official said troops had surrounded the school and television footage showed them taking up positions.</s> </p>
    <p id="6"><s id="6">&quot;Twenty people have been killed.</s> <s id="7">Among them 17 are children, one is a male teacher and one a female teacher,&quot; Shahram Khan Tarakai, the health minister for Khyber-Pakhtunkhwa province, told AFP.</s> </p>
    <p id="7"><s id="8">It was unclear who the 20th fatality was.</s> </p>
    <p id="8"><s id="9">Sharif Khan, a doctor at Peshawar's Lady Reading Hospital, confirmed the toll.</s> </p>
    <p id="9"><s id="10">A senior police official said a &quot;huge blast&quot; had occurred inside the building.</s> </p>
    <p id="10"><s id="11">The Tehreek-e-Taliban Pakistan (TTP) claimed responsibility for the attack, saying it was retaliation for the army's continuing operation against militants in the North Waziristan tribal area close to Peshawar.</s> </p>
    <p id="11"></p>
    <p id="12"></p>
    <p id="13"><s id="12">The school on Peshawar's Warsak Road is part of the Army Public Schools and Colleges System, which runs 146 schools nationwide for the children of military personnel and civilians.</s> <s id="13">Its students range in age from around 10 to 18.</s> </p>
    <p id="14"><s id="14">The schools educate the children of both officers and non-commissioned soldiers and army wives often teach in them.</s> </p>
    <p id="15"><s id="15">A security official told AFP that hundreds of students and staff were in the school when the attack began, though it was not clear how many are still being held.</s> </p>
    <p id="16"><s id="16">TTP spokesman Muhammad Khorasani told AFP there were six attackers.</s> </p>
    <p id="17"><s id="17">&quot;They include target killers and suicide attackers.</s> <s id="18">They have been ordered to shoot the older students but not the children,&quot; he said.</s> </p>
    <p id="18"><s id="19">&quot;This attack is a response to Zarb-e-Azab and the killing of Taliban fighters and harassing their families.&quot;</s> </p>
    <p id="19"><s id="20">Zarb-e-Azb is the official name for the army's offensive against strongholds of the Taliban and other militants in North Waziristan.</s> </p>
    <p id="20"><s id="21">The military has hailed the operation as a major success in disrupting the TTP's insurgency, which has killed thousands of Pakistanis since it erupted in 2007.</s> </p>
    <p id="21"><s id="22">More than 1,600 militants have been killed since the launch of Zarb-e-Azb in June, according to data compiled by AFP from regular military statements.</s> </p>
    <p id="22"><s id="23">Talat Masood, a retired general and security analyst, said the attack was intended to weaken the military's resolve.</s> </p>
    <p id="23"><s id="24">&quot;It is both tactical and strategic.</s> <s id="25">The militants know they won't be able to strike at the heart of the military, they don't have the capacity because the army are prepared,&quot; Masood told AFP.</s> </p>
    <p id="24"><s id="26">&quot;So they are going for soft targets.</s> <s id="27">These attacks have a great psychological impact.&quot;</s> </p>
    <p id="25"><s id="28">The semi-autonomous tribal areas that border Afghanistan have for years been a hideout for Islamist militants of all stripes -- including Al-Qaeda and the homegrown TTP as well as foreign fighters such as Uzbeks and Uighurs.</s> </p>
    <p id="26"><s id="29">Washington pressed Islamabad for years to wipe out the sanctuaries in North Waziristan, which militants have used to launch attacks on NATO forces in Afghanistan.</s> </p>
    <p id="27"><s id="30">shk-str-ks/ia/pdw/sm</s> </p>
  </content>
</article>
