<article>
  <headers>
    <dct>20050707T153445Z</dct>
    <title>More than 33 killed as four bombs tear through London trains, bus = (PICTURES) = ATTENTION - INCORPORATES -toll, -security series ///</title>
    <origin country="GBR" city="LONDR" />
    <keywords>
      <keyword>police</keyword>
      <keyword>attacks</keyword>
      <keyword>Britain</keyword>
    </keywords>
    <categories>
      <iptc>11999000</iptc>
      <iptc infered="true">02003000</iptc>
      <iptc infered="true">16001000</iptc>
    </categories>
  </headers>
  <content>
    <p id="1"><s id="1">LONDON, July 7 (AFP) - More than 33 people were killed and hundreds injured after four bombs ripped through London's underground network and tore the roof off a bus during Thursday morning rush hour, police said.No warning was given ahead of the attacks -- the deadliest terrorist incident in the capital in recent years -- and police said they were investigating claims that an Al-Qaeda-linked group had been involved.</s> </p>
    <p id="2"><s id="2">In less than an hour, three bombs ripped through tunnels and trains in central London, killing 33 people, while a fourth bomb devastated a bus in the West End near Russell Square causing unknown fatalities, police said.</s> </p>
    <p id="3"><s id="3">A top French official, meanwhile, said between 45 and 50 people were killed and some 1,000 injured.</s> </p>
    <p id="4"><s id="4">&quot;Four devices we believe were involved in today's incidents,&quot; the city's deputy police chief Brian Paddick told a joint press conference in London.</s> </p>
    <p id="5"><s id="5">&quot;The police service received no warning about these attacks,&quot; he said, noting that the authorities had also received no claims of responsibility.</s> </p>
    <p id="6"><s id="6">&quot;This clearly was a callous attack on purely innocent members of the public deliberately designed to kill and injure innocent members of the public.&quot;</s> </p>
    <p id="7"><s id="7">He said that seven died in a first explosion at 8:51 am (0751 GMT) in an underground railway tunnel near Moorgate on the edge of London's financial district.</s> </p>
    <p id="8"><s id="8">Five minutes later, a second bomb killed 21 near King's Cross and another five died at 9:17 am at Edgware Road station, when a bomb exploded on a train drawing into the station that blew a blast in the tunnel, affecting two more trains.</s> </p>
    <p id="9"><s id="9">Finally, at 9:47 am, a bomb ripped through the top of a double decker bus at Upper Woburn square, near to Russell Square.</s> </p>
    <p id="10"><s id="10">&quot;There are fatalites in that incident but at the moment we cannot confirm the numbers,&quot; said Paddick.</s> </p>
    <p id="11"><s id="11">Following the blasts, Russell Smith, assistant chief ambulance officer, said 45 people were being treated with serous or critical injuries, such as burns, amputations, chest and blast injuries and fractured limbs.</s> </p>
    <p id="12"><s id="12">&quot;We have also treated approximately 300 patients with minor injuries including lacerations, smoke inhalation, shock, cuts and bruises,&quot; he told reporters.</s> </p>
    <p id="13"><s id="13">bur-dmh/ec</s> </p>
  </content>
</article>
