<article>
  <headers>
    <dct>20160206T014423Z</dct>
    <title>Three dead in Taiwan quake after buildings toppled: official</title>
    <dateline>Taipei, Feb 6, 2016 (AFP) -</dateline>
    <credit>Agence France-Presse (AFP)</credit>
    <origin country="TWN" city="Taipei" />
    <keywords>
      <keyword>Taiwan</keyword>
      <keyword>quake</keyword>
      <keyword>dead</keyword>
    </keywords>
    <categories>
      <iptc>03000000</iptc>
      <iptc infered="true">03002000</iptc>
    </categories>
  </headers>
  <content>
    <p id="1"><s id="1">Three people including a 10-month-old baby died after a 16-storey residential tower block collapsed in the southern Taiwanese city of Tainan following a strong 6.4-magnitude earthquake Saturday.</s> </p>
    <p id="2"><s id="2">&quot;These three people showed no signs of life before they were sent to the hospital, said Lin Kuan-cheng, spokesman for the National Fire Agency, as rescuers battled to free residents still trapped inside.</s> </p>
    <p id="3"><s id="3">cty/lm/jom</s> </p>
  </content>
</article>
