<article>
  <headers>
    <dct>20130703T190420Z</dct>
    <title>Egypt army deploys near Cairo Islamist rally: AFP</title>
    <dateline>CAIRO, July 03, 2013 (AFP) -</dateline>
    <credit>Agence France-Presse (AFP)</credit>
    <origin country="EGY" city="Cairo" />
    <keywords>
      <keyword>army</keyword>
      <keyword>politics</keyword>
      <keyword>Egypt</keyword>
      <keyword>unrest</keyword>
      <keyword>deploy</keyword>
    </keywords>
    <categories>
      <iptc>16000000</iptc>
      <iptc>11000000</iptc>
      <iptc>16003000</iptc>
    </categories>
  </headers>
  <content>
    <p id="1"><s id="1">The Egyptian military deployed armoured vehicles on Wednesday near Cairo demonstrations by supporters of Mohamed Morsi in Cairo, AFP correspondents said, as aides of the embattled Islamist president decried a &quot;military coup&quot;.</s> </p>
    <p id="2"><s id="2">Dozens of armoured personnel carriers headed towards Cairo University where thousands of Morsi protesters massed, vowing to defend his legitimacy.</s> </p>
    <p id="3"><s id="3">The official MENA news agency, citing a senior military official, said APCs were also deployed in the capital's Heliopolis and Nasr City neighbourhoods, where other protests were being held.</s> </p>
    <p id="4"><s id="4">bur-jaz/dv/kir</s> </p>
  </content>
</article>
