<article>
  <headers>
    <dct>20150630T123404Z</dct>
    <title>45 dead after Indonesian military plane crashes into city</title>
    <dateline>Medan, Indonesia, June 30, 2015 (AFP) -</dateline>
    <credit>Agence France-Presse (AFP)</credit>
    <origin country="IDN" city="Medan" />
    <keywords>
      <keyword>military</keyword>
      <keyword>air</keyword>
      <keyword>accident</keyword>
      <keyword>Indonesia</keyword>
    </keywords>
    <categories>
      <iptc>03013000</iptc>
      <iptc>11006000</iptc>
      <iptc>11000000</iptc>
      <iptc>11001004</iptc>
      <iptc>03010000</iptc>
      <iptc>03000000</iptc>
      <iptc>03010003</iptc>
      <iptc>11001000</iptc>
    </categories>
  </headers>
  <content>
    <p id="1"><s id="1">At least 45 people were killed when an Indonesian air force transport plane crashed Tuesday into a major city shortly after take-off and exploded in a fireball.</s> </p>
    <p id="2"><s id="2">Officials warned the death toll could rise after the Hercules C-130 came down in a residential area of Medan, a city of two million on the island of Sumatra, leaving buildings severely damaged and cars reduced to flaming wrecks.</s> </p>
    <p id="3"><s id="3">A rescue operation swung into action, with ambulances ferrying bodies from the accident site, and crowds of anxious residents gathering around a police cordon to have a look at the smouldering wreckage of the plane.</s> </p>
    <p id="4"><s id="4">Novi, an employee of an international school near the accident site who goes by one name, said she heard the aircraft and from her office window saw it flying very low before it crashed.</s> </p>
    <p id="5"><s id="5">&quot;It was very scary,&quot; she told AFP, adding she rushed to the site with her colleagues and the wreckage and plumes of smoke looked &quot;very bad&quot;.</s> </p>
    <p id="6"><s id="6">Another local resident Januar, 26, said the aircraft appeared to be in trouble just before the accident.</s> </p>
    <p id="7"><s id="7">&quot;I saw the plane from the direction of the airport and it was tilting already, then I saw smoke billowing.&quot;</s> </p>
    <p id="8"><s id="8">Forty-five bodies had been brought to a hospital in Medan, hospital spokeswoman Sairi Saragih told AFP.</s> <s id="9">Red Cross official Eko Triandi said there was at least one child among the dead, adding he feared there would be more victims.</s> </p>
    <p id="9"><s id="10">Medan's police chief described the bodies as &quot;crushed by debris of the buildings and the fuselage&quot;.</s> </p>
    <p id="10"><s id="11">The military said there were 12 crew on the plane, which had been transporting military supplies to airbases.</s> </p>
    <p id="11"><s id="12">But it was also carrying other people, according to Jhoni Tarigan, a spokesman for Medan airbase where the plane had taken off from.</s> <s id="13">He said 31 additional passengers had boarded the plane in Medan and others may have got on at previous stops.</s> </p>
    <p id="12"></p>
    <p id="13"></p>
    <p id="14"><s id="14">He said these additional people were &quot;mostly families of military officers, especially those who are moving as they were assigned to another area&quot;.</s> </p>
    <p id="15"><s id="15">It was unclear if there were any victims on the ground, or how many.</s> <s id="16">The crash was in a newly built residential area and officials were unsure if people were in the buildings at the time of the accident.</s> </p>
    <p id="16"><s id="17">The plane took off at 12:08 pm (0508 GMT) from the airbase and crashed in the city about two minutes later, about five kilometres (three miles) from the base, according to the military.</s> </p>
    <p id="17"><s id="18">It was the second time in a decade that Medan had suffered a fatal plane accident.</s> <s id="19">A Mandala Airlines domestic flight crashed shortly after take-off in 2005 into a densely populated suburb, killing at least 150 including passengers, crew and people on the ground.</s> </p>
    <p id="18"><s id="20">Medan is the biggest Indonesian city outside the main island of Java and is a major economic centre.</s> </p>
    <p id="19"><s id="21">The Indonesian air force has suffered accidents before.</s> </p>
    <p id="20"><s id="22">At least 11 people were killed when a Fokker-27 military jet crashed into a housing complex in the capital Jakarta in June 2012.</s> </p>
    <p id="21"><s id="23">In April an F-16 fighter jet caught fire as it was about to take off from an airbase in Jakarta, prompting the pilot to jump to safety as flames and thick smoke engulfed the plane.</s> </p>
    <p id="22"><s id="24">The pilot escaped with minor injuries from the jet, which had been due to provide security at a summit of Asian and African leaders in Indonesia.</s> </p>
    <p id="23"><s id="25">Indonesia also has a poor civil aviation safety record, and has suffered many fatal crashes in the past.</s> </p>
    <p id="24"><s id="26">An Indonesia AirAsia plane crashed in December en route from Indonesia's Surabaya to Singapore, killing all 162 people on board.</s> </p>
    <p id="25"><s id="27">olr-aa-np-str/sr/fa</s> </p>
    <p id="26"></p>
    <p id="27"><s id="28">AirAsia</s> </p>
    <p id="28"></p>
  </content>
</article>
