<article>
  <headers>
    <dct>20160824T060130Z</dct>
    <title>At least two dead in Italian earthquake: media</title>
    <dateline>Rome, Aug 24, 2016 (AFP) -</dateline>
    <credit>Agence France-Presse (AFP)</credit>
    <origin country="ITA" city="Rome" />
    <keywords>
      <keyword>Italy</keyword>
      <keyword>earthquake</keyword>
      <keyword>toll</keyword>
    </keywords>
    <categories>
      <iptc>03015001</iptc>
      <iptc>03002000</iptc>
      <iptc>03000000</iptc>
    </categories>
  </headers>
  <content>
    <p id="1"><s id="1">At least two people died after a powerful earthquake struck central Italy in the early hours of Wednesday, local media reported.</s> </p>
    <p id="2"><s id="2">The first confirmed victims of a quake which destroyed dozens of villages were an elderly couple whose home collapsed at Pescara del Tronto in the Marche region to the east of the epicentre, national broadcaster Rai and other media reported.</s> </p>
    <p id="3"><s id="3">am/tm</s> </p>
  </content>
</article>
