<article>
  <headers>
    <dct>20161219T212622Z</dct>
    <title>At least nine dead after truck ploughs into Berlin Xmas market: police</title>
    <dateline>Berlin, Dec 19, 2016 (AFP) -</dateline>
    <credit>Agence France-Presse (AFP)</credit>
    <origin country="DEU" city="Berlin" />
    <keywords>
      <keyword>market</keyword>
      <keyword>attack</keyword>
      <keyword>toll</keyword>
      <keyword>Germany</keyword>
    </keywords>
    <categories>
      <iptc>16000000</iptc>
      <iptc>02003000</iptc>
      <iptc>02003001</iptc>
      <iptc>16001000</iptc>
      <iptc>02000000</iptc>
    </categories>
  </headers>
  <content>
    <p id="1"><s id="1">A truck crashed into a Christmas market in Berlin on Monday, killing at least nine people and injuring several more, police said.</s> </p>
    <p id="2"><s id="2">&quot;There have been at least nine deaths,&quot; a police spokesman told AFP.</s> </p>
    <p id="3"><s id="3">Berlin police tweeted that several people had also been injured when the vehicle veered onto the pavement of the market in a central square popular with tourists.</s> </p>
    <p id="4"><s id="4">dlc/ric</s> </p>
  </content>
</article>
