<article>
  <headers>
    <dct>20151203T005731Z</dct>
    <title>'Suspect down' after California mass shooting: police</title>
    <dateline>San Bernardino, United States, Dec 2, 2015 (AFP) -</dateline>
    <credit>Agence France-Presse (AFP)</credit>
    <origin country="USA" city="San Bernardino" />
    <keywords>
      <keyword>shooting</keyword>
      <keyword>crime</keyword>
      <keyword>suspect</keyword>
      <keyword>US</keyword>
    </keywords>
    <categories>
      <iptc>02001000</iptc>
      <iptc>02000000</iptc>
      <iptc infered="true">15051000</iptc>
    </categories>
  </headers>
  <content>
    <p id="1"><s id="1">A suspect in the mass shooting that killed at least 14 people in California on Wednesday is &quot;down&quot; after trading gunfire with police, authorities said.</s> </p>
    <p id="2"><s id="2">&quot;I know there is an active scene, there were shots fired and a suspect is down,&quot; Sergeant Vicki Cervantes of San Bernardino Police told reporters.</s> </p>
    <p id="3"><s id="3">A body could be seen near a bullet-riddled SUV, with dozens of police vehicles swarming around, according to live television footage.</s> </p>
    <p id="4"><s id="4">Bomb disposal experts could be seen surrounding the vehicle and fanning out across the neighborhood in a large-scale police operation.</s> </p>
    <p id="5"><s id="5">&quot;There is an active scene unfolding in San Bernardino.</s> <s id="6">Preliminary info is a suspect is down, officers are ok.</s> <s id="7">Not confirmed if related,&quot; the San Bernardino County Sheriff's Department tweeted.</s> </p>
    <p id="6"><s id="8">Cervantes said it was not known if any officers were hit in the exchange of fire.</s> </p>
    <p id="7"><s id="9">&quot;I know all officers are okay.</s> <s id="10">Whether or not they were struck I don't know.&quot;</s> </p>
    <p id="8"><s id="11">Police said earlier that up to three people had entered a center for the disabled in San Bernardino, killing at least 14 people before fleeing the scene in a dark colored car.</s> </p>
    <p id="9"><s id="12">Courts, city and county buildings in the surrounding area were locked down as a manhunt unfolded for the suspects.</s> </p>
    <p id="10"><s id="13">jz-ec/pst</s> </p>
    <p id="11"></p>
  </content>
</article>
