<article>
  <headers>
    <dct>20160715T003249Z</dct>
    <title>Up to 30 feared dead after truck rams into crowd in Nice 'attack'</title>
    <dateline>Nice, France, July 14, 2016 (AFP) -</dateline>
    <credit>Agence France-Presse (AFP)</credit>
    <origin country="FRA" city="Nice" />
    <keywords>
      <keyword>attack</keyword>
      <keyword>France</keyword>
    </keywords>
    <categories>
      <iptc>16000000</iptc>
      <iptc>16001000</iptc>
    </categories>
  </headers>
  <content>
    <p id="1"><s id="1">Up to 30 people were on Friday feared dead and around 100 injured in an &quot;attack&quot; in the French Riviera resort of Nice after a truck ploughed into a crowd of people leaving a Bastille Day firework display, city officials said.</s> </p>
    <p id="2"><s id="2">Witnesses described hearing gunfire, although this was not immediately confirmed by the authorities with images on social media showed casualties lying in the street, some being tended by paramedics.</s> </p>
    <p id="3"><s id="3">The incident comes as France remains badly shaken by November 2015 attacks which killed 130 people at the Bataclan concert hall in Paris and nightspots across the city.</s> </p>
    <p id="4"><s id="4">Describing it as a &quot;major criminal attack&quot;, Sebastien Humbert, the sub-prefect of the Alpes-Maritimes region, told BFMTV the driver had left &quot;several dozen, perhaps around 30 people dead&quot; and &quot;around a hundred injured&quot;.</s> </p>
    <p id="5"><s id="5">Police and ambulances went to the scene and authorities from the local Alpes-Maritimes prefecture urged residents to stay indoors.</s> </p>
    <p id="6"><s id="6">An AFP reporter described seeing a white truck driving at high speed onto the famed Promenade des Anglais as people were leaving after the annual Bastille Day celebration display.</s> </p>
    <p id="7"><s id="7">&quot;We saw people hit and bits of debris flying around,&quot; he said.</s> </p>
    <p id="8"><s id="8">Terrified pedestrians screamed as they fled the area.</s> <s id="9">&quot;It was absolute chaos,&quot; he added.</s> </p>
    <p id="9"><s id="10">The incident came just hours after France announced that a state of emergency declared after last November's attacks would come to an end later this month.</s> </p>
    <p id="10"><s id="11">Speaking on the national July 14 holiday, President Francois Hollande said the decree after the November 13 attacks would not be renewed beyond July 26, because a law bolstering security in France was adopted in May.</s> </p>
    <p id="11"><s id="12">Nice city mayor Christian Estrosi urged residents to stay in doors.</s> </p>
    <p id="12"><s id="13">&quot;The driver of a van appears to have killed dozens.</s> <s id="14">Stay in your homes for now.</s> <s id="15">More info to follow,&quot; Estrosi wrote on Twitter.</s> </p>
    <p id="13"><s id="16">Local authorities from the Alpes-Maritimes prefecture also urged people to remain indoors following what appeared to be a deliberate attack.</s> </p>
    <p id="14"><s id="17">bur/har</s> </p>
    <p id="15"></p>
  </content>
</article>
