<article>
  <headers>
    <dct>20170101T013142Z</dct>
    <title>At least 35 killed, 40 wounded in Istanbul nightclub 'terror attack': official</title>
    <dateline>Istanbul, Jan 1, 2017 (AFP) -</dateline>
    <credit>Agence France-Presse (AFP)</credit>
    <origin country="TUR" city="Istanbul" />
    <keywords>
      <keyword>Turkey</keyword>
      <keyword>attack</keyword>
      <keyword>toll</keyword>
    </keywords>
    <categories>
      <iptc>16000000</iptc>
      <iptc>11000000</iptc>
      <iptc>16001000</iptc>
    </categories>
  </headers>
  <content>
    <p id="1"><s id="1">At least 35 people were killed and 40 wounded in a &quot;terror attack&quot; on an Istanbul nightclub on Sunday where people were celebrating the New Year, the city's governor said.</s> </p>
    <p id="2"><s id="2">&quot;Unfortunately, at least 35 of our citizens lost their lives.</s> <s id="3">One was a police officer.</s> <s id="4">Forty people are receiving treatment in hospitals,&quot; Vasip Sahin told reporters at the scene of the elite Reina nightclub on the Bosphorus in the city's European side, describing the incident as a &quot;terror attack&quot;.</s> </p>
    <p id="3"><s id="5">Many party-goers threw themselves into the Bosphorus in panic after the attack and efforts were underway to rescue them from the waters, NTV television said.</s> </p>
    <p id="4"><s id="6">raz/sjw/ric</s> </p>
  </content>
</article>
