<article>
  <headers>
    <dct>20161219T173324Z</dct>
    <title>Russian ambassador to Ankara wounded in gun attack: reports</title>
    <dateline>Istanbul, Dec 19, 2016 (AFP) -</dateline>
    <credit>Agence France-Presse (AFP)</credit>
    <origin country="TUR" city="Istanbul" />
    <keywords>
      <keyword>Turkey</keyword>
      <keyword>ambassador</keyword>
      <keyword>Russia</keyword>
    </keywords>
    <categories>
      <iptc>16000000</iptc>
    </categories>
  </headers>
  <content>
    <p id="1"><s id="1">Russia's ambassador to Ankara Andrey Karlov was on Monday badly wounded in a gun attack while visiting an art exhibition opening in the Turkish capital, television reports said.</s> </p>
    <p id="2"><s id="2">Karlov was hospitalised and several other people were wounded in the attack by an unknown gunman, NTV and CNN-Turk televisions said.</s> </p>
    <p id="3"><s id="3">The attack came after days of protests in Turkey over Russia's role in Syria, although Moscow and Ankara are now working closely together to evacuate citizens from Aleppo.</s> </p>
    <p id="4"><s id="4">Pictures published by the Hurriyet daily showed at least two men in suits lying flat on the ground as another man brandished a gun.</s> </p>
    <p id="5"><s id="5">The attack happened at the Cagdas Sanatlar Merkezi, a major art exhibition hall in the Cankaya district of Ankara where most foreign embassies are located including Russia's mission.</s> </p>
    <p id="6"><s id="6">CNN-Turk said the ambassador was in a serious condition.</s> </p>
    <p id="7"><s id="7">Protesters in Turkey have held Moscow responsible for human rights violations in Aleppo.</s> </p>
    <p id="8"><s id="8">sjw/pvh</s> </p>
  </content>
</article>
