<article>
  <headers>
    <dct>20151012T005816Z</dct>
    <title>Turnout at 86.75% in Belarus presidential poll: election commission</title>
    <dateline>Minsk, Oct 11, 2015 (AFP) -</dateline>
    <credit>Agence France-Presse (AFP)</credit>
    <origin country="BLR" city="Minsk" />
    <keywords>
      <keyword>turnout</keyword>
      <keyword>Belarus</keyword>
      <keyword>vote</keyword>
    </keywords>
    <categories>
      <iptc>11000000</iptc>
      <iptc>11003000</iptc>
    </categories>
  </headers>
  <content>
    <p id="1"><s id="1">The turnout in Belarus's presidential election on Sunday, on course to bring a landslide victory for authoritarian leader Alexander Lukashenko, stood at 86.75 percent, the central electoral commission announced.</s> </p>
    <p id="2"><s id="2">Turnout was highest in the northern Vitebsk region where 91 percent of voters cast their ballots, and topped 90 percent in two other regions.</s> <s id="3">It was lowest in the city of Minsk at 73.33 percent, the commission said on its website.</s> </p>
    <p id="3"><s id="4">According to exit polls on state television, Lukashenko won at least 80 percent of the crucial vote, which could lead to the European Union lifting sanctions on the strongman after he appeased the West by releasing the country's last political prisoners in August.</s> </p>
    <p id="4"><s id="5">Lukashenko, who has ruled the ex-Soviet country bordering Russia and the EU since 1994, is now set to serve a fifth consecutive term.</s> </p>
    <p id="5"><s id="6">The election turnout was boosted by authorities organising a massive early vote that began Tuesday, including for soldiers and students.</s> <s id="7">Over a third of the electorate of more than seven million voted ahead of Sunday's polls.</s> </p>
    <p id="6"><s id="8">am/mfp</s> </p>
    <p id="7"></p>
  </content>
</article>
