<article>
  <headers>
    <dct>20141216T075955Z</dct>
    <title>Taliban gunmen attack army-run school in Pakistan: officials</title>
    <dateline>PESHAWAR, Pakistan, Dec 16, 2014 (AFP) -</dateline>
    <credit>Agence France-Presse (AFP)</credit>
    <origin country="PAK" city="Peshawar" />
    <keywords>
      <keyword>Pakistan</keyword>
      <keyword>school</keyword>
      <keyword>unrest</keyword>
    </keywords>
    <categories>
      <iptc>16000000</iptc>
      <iptc infered="true">05005000</iptc>
    </categories>
  </headers>
  <content>
    <p id="1"><s id="1">Taliban militants attacked an army-run school in restive northwest Pakistan on Tuesday, officials and militants said, with at least two students reportedly wounded.</s> </p>
    <p id="2"><s id="2">A spokesman for a faction of the Tehreek-e-Taliban Pakistan said the gunmen had been ordered to shoot older students at the school in the city of Peshawar.</s> </p>
    <p id="3"><s id="3">shk-str-ks/pdw/as</s> </p>
  </content>
</article>
