<article>
  <headers>
    <dct>20161219T215604Z</dct>
    <title>Nine killed as lorry ploughs into Berlin Xmas market</title>
    <dateline>Berlin, Dec 19, 2016 (AFP) -</dateline>
    <credit>Agence France-Presse (AFP)</credit>
    <origin country="DEU" city="Berlin" />
    <keywords>
      <keyword>market</keyword>
      <keyword>attack</keyword>
      <keyword>Germany</keyword>
    </keywords>
    <categories>
      <iptc>02003000</iptc>
      <iptc>12014001</iptc>
      <iptc>02001000</iptc>
      <iptc>12014000</iptc>
      <iptc>12000000</iptc>
      <iptc>02003001</iptc>
      <iptc>02000000</iptc>
      <iptc>12025000</iptc>
      <iptc infered="true">16001000</iptc>
    </categories>
  </headers>
  <content>
    <p id="1"><s id="1">A lorry ploughed into a busy Christmas market in Berlin on Monday, killing at least nine people and wounding 50 more in what police said was a possible terror attack.</s> </p>
    <p id="2"><s id="2">Ambulances and police rushed to the area after the driver drove up the pavement of the market in a central square popular with tourists, in scenes reminiscent of the deadly truck attack in the French city of Nice in July.</s> </p>
    <p id="3"><s id="3">&quot;There are at least 50 injured... some seriously.</s> <s id="4">Some are dead,&quot; a police spokeswoman told AFP.</s> </p>
    <p id="4"><s id="5">Police subsequently said nine had been killed and that one person has been detained over the incident -- which comes less than a week before Christmas.</s> </p>
    <p id="5"><s id="6">&quot;We are investigating whether it was a terror attack but do not yet know what was behind it,&quot; a police spokesman said.</s> </p>
    <p id="6"><s id="7">Germany has been shaken this year by several assaults claimed by the Islamic State group and carried out by asylum-seekers.</s> </p>
    <p id="7"><s id="8">An axe rampage on a train in the southern state of Bavaria in July injured five people, and a suicide bombing wounded 15 people in the same state six days later.</s> </p>
    <p id="8"><s id="9">In another case, a 16-year-old German-Moroccan girl in February stabbed a police officer in the neck with a kitchen knife, wounding him badly, allegedly on IS orders.</s> </p>
    <p id="9"></p>
    <p id="10"></p>
    <p id="11"><s id="10">The arrival of 890,000 refugees last year has polarised Germany and misgivings run particularly deep in the ex-communist east, even more so since IS-linked attacks in July carried out by Syrian asylum-seekers.</s> </p>
    <p id="12"><s id="11">The attack in Berlin also comes five months after Tunisian extremist Mohamed Lahouaiej Bouhlel ploughed a 19-tonne truck into a crowd on the Nice seafront, killing 86 people.</s> </p>
    <p id="13"><s id="12">The bloodshed -- as people were watching a fireworks display on the Bastille Day public holiday on July 14 -- further traumatised a France already reeling from a series of jihadist attacks.</s> </p>
    <p id="14"><s id="13">Six people have been charged so far over alleged links to the 31-year-old killer but investigators have yet to prove that any of them knew what he was planning.</s> </p>
    <p id="15"><s id="14">IS moved quickly after the attack to claim Bouhlel as one of its followers.</s> <s id="15">Investigators said he suffered from depression and appeared to have become radicalised very quickly.</s> </p>
    <p id="16"><s id="16">The massacre on the palm-fringed Promenade des Anglais was the latest in a series of jihadist attacks that have rocked France over the past two years.</s> </p>
    <p id="17"><s id="17">The violence began with the January 2015 attacks on a satirical newspaper and a Jewish supermarket in Paris and continued 10 months later with coordinated strikes on the capital's Bataclan concert hall, national stadium and cafe terraces.</s> </p>
    <p id="18"><s id="18">The attacks have hardened attitudes on security and immigration, fuelling the rise of the far-right ahead of next year's presidential election</s> </p>
    <p id="19"><s id="19">Another 11 people were arrested lat week in France suspected of helping to arm Bouhlel.</s> </p>
    <p id="20"><s id="20">yap/fjb/jm/txw</s> </p>
    <p id="21"></p>
  </content>
</article>
