<article>
  <headers>
    <dct>20161220T005152Z</dct>
    <title>Nine killed as lorry ploughs into Berlin Xmas market</title>
    <dateline>Berlin, Dec 19, 2016 (AFP) -</dateline>
    <credit>Agence France-Presse (AFP)</credit>
    <origin country="DEU" city="Berlin" />
    <keywords>
      <keyword>market</keyword>
      <keyword>attack</keyword>
      <keyword>Germany</keyword>
    </keywords>
    <categories>
      <iptc>02003000</iptc>
      <iptc>12014001</iptc>
      <iptc>02001000</iptc>
      <iptc>12014000</iptc>
      <iptc>12000000</iptc>
      <iptc>02003001</iptc>
      <iptc>02000000</iptc>
      <iptc>12025000</iptc>
      <iptc infered="true">16001000</iptc>
    </categories>
  </headers>
  <content>
    <p id="1"><s id="1">A lorry ploughed into a busy Christmas market in Berlin on Monday, killing at least nine people and injuring dozens more in what police said was a suspected terror attack.</s> </p>
    <p id="2"><s id="2">Ambulances and heavily armed police rushed to the area after the vehicle mounted the pavement of the market in a square popular with tourists, in horrific scenes reminiscent of July's deadly truck attack in the French Riviera city of Nice.</s> </p>
    <p id="3"><s id="3">&quot;I don't want to use the word 'attack' yet, although there are many things pointing to one,&quot; Interior Minister Thomas de Maiziere told public television.</s> </p>
    <p id="4"><s id="4">As witnesses described scenes of panic and carnage, police said at least nine people were killed and 45 others were injured -- four of them seriously -- in the incident which comes less than a week before Christmas.</s> </p>
    <p id="5"><s id="5">&quot;A man who was apparently driving the truck was detained,&quot; a police spokeswoman told AFP. &quot;The person riding in the vehicle is dead.&quot;</s> </p>
    <p id="6"><s id="6">The Polish owner of the lorry confirmed his driver was missing.</s> </p>
    <p id="7"><s id="7">&quot;We haven't heard from him since this afternoon.</s> <s id="8">We don't know what happened to him.</s> <s id="9">He's my cousin, I've known him since I was a kid.</s> <s id="10">I can vouch for him,&quot; transport company owner Ariel Zurawski told AFP.</s> </p>
    <p id="8"><s id="11">German authorities said there was no indication of &quot;further dangerous situations in the city near Breitscheidplatz&quot;, where the suspected attack took place.</s> </p>
    <p id="9"><s id="12">Police added that they had no indications yet about the nationality or age of the arrested man.</s> </p>
    <p id="10"><s id="13">German Chancellor Angela Merkel reacted quickly to the tragedy, with spokesman Steffen Seibert tweeting: &quot;We mourn the dead and hope that the many people injured can be helped.&quot;</s> </p>
    <p id="11"></p>
    <p id="12"></p>
    <p id="13"><s id="14">Traditional Christmas markets are popular in cities and towns throughout Germany and have frequently been mentioned by security services as potentially vulnerable to attacks.</s> </p>
    <p id="14"><s id="15">&quot;It's awful.</s> <s id="16">We were in Berlin for Christmas,&quot; said American tourist Kathy Forbes.</s> <s id="17">&quot;We also thought it would be safer than Paris.&quot;</s> </p>
    <p id="15"><s id="18">The crash happened in the shadow of the Kaiser Wilhelm Memorial Church whose damage in a World War II bombing raid has been preserved as a warning to future generations.</s> </p>
    <p id="16"><s id="19">The square is at the end of the Kurfuerstendamm boulevard which was packed with holiday shoppers.</s> </p>
    <p id="17"><s id="20">Australian Trisha O'Neill told the Australian Broadcasting Corporation she was only metres from where the truck smashed into the crowded market.</s> </p>
    <p id="18"><s id="21">&quot;I just saw this huge black truck speeding through the markets crushing so many people and then all the lights went out and everything was destroyed.</s> </p>
    <p id="19"><s id="22">&quot;I could hear screaming and then we all froze.</s> <s id="23">Then suddenly people started to move and lift all the wreckage off people, trying to help whoever was there.&quot;</s> </p>
    <p id="20"><s id="24">O'Neill said there was &quot;blood and bodies everywhere&quot;.</s> </p>
    <p id="21"><s id="25">Police said the truck made it as far as 80 metres (yards) into the Christmas market before it came to a halt.</s> </p>
    <p id="22"></p>
    <p id="23"></p>
    <p id="24"><s id="26">Europe has been on high alert for most of 2016, with terror attacks striking Paris and Brussels, while Germany has been hit by several assaults claimed by the Islamic State group and carried out by asylum-seekers.</s> </p>
    <p id="25"><s id="27">An axe rampage on a train in the southern state of Bavaria in July injured five people, and a suicide bombing wounded 15 people in the same state six days later.</s> </p>
    <p id="26"><s id="28">In another case, a 16-year-old German-Moroccan girl in February stabbed a police officer in the neck with a kitchen knife, wounding him badly, allegedly on IS orders.</s> </p>
    <p id="27"><s id="29">The arrival of 890,000 refugees last year has polarised Germany, with critics calling the influx a serious security threat.</s> </p>
    <p id="28"><s id="30">The attack in Berlin also comes five months after Tunisian extremist Mohamed Lahouaiej Bouhlel ploughed a 19-tonne truck into a crowd on the Nice seafront, killing 86 people.</s> </p>
    <p id="29"><s id="31">In response to the Berlin tragedy, France beefed up security at its own Christmas markets.</s> </p>
    <p id="30"><s id="32">&quot;The French share in the mourning of the Germans in the face of this tragedy that has hit all of Europe,&quot; President Francois Hollande said.</s> </p>
    <p id="31"><s id="33">The Nice bloodshed -- as people were watching a fireworks display on the Bastille Day holiday on July 14 -- further traumatised a France already reeling from a series of jihadist attacks.</s> </p>
    <p id="32"><s id="34">The United States labelled it an apparent &quot;terrorist attack&quot; and pledged its support.</s> </p>
    <p id="33"><s id="35">&quot;Germany is one of our closest partners and strongest allies, and we stand together with Berlin in the fight against all those who target our way of life and threaten our societies,&quot; White House National Security spokesman Ned Price said in a statement.</s> </p>
    <p id="34"><s id="36">President-elect Donald Trump blamed &quot;Islamist terrorists&quot; for a &quot;slaughter&quot; of Christians in the German capital.</s> </p>
    <p id="35"><s id="37">bur-dlc/txw</s> </p>
    <p id="36"></p>
  </content>
</article>
