<article>
  <headers>
    <dct>20150821T205144Z</dct>
    <title>Two injured in shooting on Amsterdam-Paris train</title>
    <dateline>Paris, Aug 21, 2015 (AFP) -</dateline>
    <credit>Agence France-Presse (AFP)</credit>
    <origin country="FRA" city="Paris" />
    <keywords>
      <keyword>attack</keyword>
      <keyword>France</keyword>
      <keyword>train</keyword>
    </keywords>
    <categories>
      <iptc>04015000</iptc>
      <iptc>02003000</iptc>
      <iptc>02001000</iptc>
      <iptc>04015002</iptc>
      <iptc>02003001</iptc>
      <iptc>03010000</iptc>
      <iptc>04000000</iptc>
      <iptc>03014000</iptc>
      <iptc>03000000</iptc>
      <iptc>02000000</iptc>
      <iptc>03010002</iptc>
      <iptc infered="true">16001000</iptc>
    </categories>
  </headers>
  <content>
    <p id="1"><s id="1">A heavily armed man opened fire on a high-speed train travelling from Amsterdam to Paris on Friday, injuring at least two people before being overpowered by passengers.</s> </p>
    <p id="2"><s id="2">The motives behind the attack were not immediately known, although a spokesman for the interior minister said: &quot;It is too early to speak of a terrorist link&quot;.</s> </p>
    <p id="3"><s id="3">A spokesman for the French state rail company SNCF said that the assailant was armed with guns and knives but gave no further details about the attack.</s> </p>
    <p id="4"><s id="4">The spokesman had said earlier that three people were injured, two of them seriously, and that at least one suffered gunshot wounds.</s> </p>
    <p id="5"><s id="5">An American and a Briton were reportedly among those injured.</s> </p>
    <p id="6"><s id="6">The gunman was arrested after the train pulled into the station in the northern French town of Arras, the SNCF spokesman told AFP.</s> </p>
    <p id="7"><s id="7">&quot;The passengers are safe, the situation has been brought under control,&quot; train operator Thalys said on Twitter.</s> </p>
    <p id="8"><s id="8">French Interior Minister Bernard Cazeneuve was heading to Arras in the wake of the incident, which occurred shortly after 6 pm (1600 GMT), his ministry said.</s> </p>
    <p id="9"><s id="9">His spokesman Pierre-Henry Brandet confirmed to AFP that a man had opened fire on the train but said that at this stage &quot;we do not know his motives&quot;.</s> </p>
    <p id="10"></p>
    <p id="11"></p>
    <p id="12"><s id="10">The French actor Jean-Hugues Anglade, who appeared in the 1986 cult film &quot;Betty Blue&quot; staring Beatrice Dalle, was lightly injured, a witness told AFP on condition of anonymity.</s> </p>
    <p id="13"><s id="11">Thalys said on its website that several trains had been delayed after the &quot;intervention of security forces at Arras station&quot;.</s> </p>
    <p id="14"><s id="12">&quot;The train is at the station and emergency services are at the scene,&quot; said Thalys, which is jointly owned by the national rail companies of Belgium, France and Germany.</s> </p>
    <p id="15"><s id="13">France remains on edge after Islamic extremists attacked the satirical magazine Charlie Hebdo and a Jewish supermarket in Paris in January.</s> </p>
    <p id="16"><s id="14">In June, a man beheaded his boss and tried to blow up a gas plant in southern France in what prosecutors say was an attack inspired by the Islamic State group.</s> </p>
    <p id="17"><s id="15">at/ger/txw/jm</s> </p>
    <p id="18"></p>
    <p id="19"></p>
  </content>
</article>
