<article>
  <headers>
    <dct>20070411T101355Z</dct>
    <title>Explosion at government heaquarters in Algiers</title>
    <origin country="DZA" city="ALGER" />
    <keywords>
      <keyword>Algeria</keyword>
      <keyword>blast</keyword>
    </keywords>
    <categories>
      <iptc>03000000</iptc>
      <iptc infered="true">03014000</iptc>
    </categories>
  </headers>
  <content>
    <p id="1"><s id="1">ALGIERS, April 11, 2007 (AFP) - Dozens of people were injured Wednesday in a car bomb attack at the entrance to the seat of government in the Algerian capital, Algiers, witnesses said.</s> <s id="2">The explosion, which shook several buildings, was heard all over the city.</s> </p>
    <p id="2"><s id="3">Ambulances and police cars immediately rushed to the multi-storey building, which also houses several ministries.</s> </p>
    <p id="3"><s id="4">hz-bb/ss/gh</s> </p>
  </content>
</article>
