<article>
  <headers>
    <dct>20071107T152821Z</dct>
    <title>Seven killed in Finnish school shooting by Gael Branchereau =(GRAPHIC+PICTURE)= ATTENTION - UPDATES throughout ///</title>
    <origin country="FIN" city="HELSI" />
    <keywords>
      <keyword>school</keyword>
      <keyword>Finland</keyword>
      <keyword>shooting</keyword>
      <keyword>crime</keyword>
    </keywords>
    <categories>
      <iptc>05000000</iptc>
      <iptc>02000000</iptc>
      <iptc infered="true">05005000</iptc>
      <iptc infered="true">02001000</iptc>
      <iptc infered="true">15051000</iptc>
    </categories>
  </headers>
  <content>
    <p id="1"><s id="1">HELSINKI, Nov 7, 2007 (AFP) - At least seven people were killed Wednesday and around a dozen wounded when a gunman went on the rampage at a school in southern Finland, medical officials said.&quot;I</s> <s id="2">confirm that seven people have died, and one might still die.</s> <s id="3">Six are students and one is a middle-aged woman,&quot; said Eero Hirvensalo, the chief traumatology physician at Helsinki University Hospital.</s> </p>
    <p id="2"><s id="4">Local government official Taina Vaerri described the incident at the Jokela secondary school, north of Helsinki, as &quot;over&quot; but did not confirm a newspaper report that the shooter was a student at the school.</s> </p>
    <p id="3"><s id="5">The Ilta-Sanomat newspaper reported that an 18-year-old student, who might now be among the dead, had started shooting inside a classroom at the school of 500 pupils and had also fired at police.</s> </p>
    <p id="4"><s id="6">&quot;Suddenly people began running and shots were heard and began raining down,&quot; student Miro Lukinmaa told the Iltalehti newspaper.</s> </p>
    <p id="5"><s id="7">&quot;I saw injured people lying in the corridor.</s> <s id="8">We started to run and followed (the crowd) in panic.</s> <s id="9">Everyone was trying to squeeze through a narrow door,&quot; he said.</s> </p>
    <p id="6"><s id="10">Police had gone into the building and all the students were being evacuated.</s> <s id="11">A crisis centre has been set up near the school.</s> </p>
    <p id="7"><s id="12">The shooting came after a video entitled &quot;Jokela High School Massacre -- 11/7/2007&quot; was posted on the video-sharing website You Tube warning there would be a bloodbath at the school.</s> </p>
    <p id="8"><s id="13">The video zooms in on the school with heavy metal music blaring in the background and shows a young man against a red background pointing a gun at the camera.</s> </p>
    <p id="9"><s id="14">Within hours of the shooting, the video had been downloaded more than 140,000 times.</s> </p>
    <p id="10"><s id="15">In his bio on You Tube, 18-year-old Sturmgeist89 who posted the video and has no confirmed links to the shooting, says: &quot;I am prepared to fight and die for my cause.</s> </p>
    <p id="11"><s id="16">&quot;I, as a natural selector, will eliminate all who I see unfit, disgraces of human race and failures of natural selection.&quot;</s> </p>
    <p id="12"><s id="17">Sturmgeist89 had most recently logged into his You Tube account Wednesday morning.</s> <s id="18">His account has since been suspended.</s> </p>
    <p id="13"><s id="19">Privately-run television station MTV3 meanwhile reported the suspected shooter had repeatedly expressed their admiration for Hitler and Stalin.</s> </p>
    <p id="14"><s id="20">While there have been a number of stabbings at Finnish schools in recent years, this was the first shooting since a 14-year-old student shot dead two classmates in a school in the coastal city of Rauma in 1989, according to the Yle broadcaster.</s> </p>
    <p id="15"><s id="21">Local police called a press conference later in the afternoon.</s> </p>
    <p id="16"><s id="22">gab-nl/po/ag</s> </p>
  </content>
</article>
