<article>
  <headers>
    <dct>20151112T184612Z</dct>
    <title>Twin suicide blasts kill 37 in Beirut Hezbollah bastion</title>
    <dateline>Beirut, Nov 12, 2015 (AFP) -</dateline>
    <credit>Agence France-Presse (AFP)</credit>
    <origin country="LBN" city="Beirut" />
    <keywords>
      <keyword>Lebanon</keyword>
      <keyword>unrest</keyword>
      <keyword>Hezbollah</keyword>
      <keyword>blast</keyword>
    </keywords>
    <categories>
      <iptc>16000000</iptc>
      <iptc>16001000</iptc>
      <iptc infered="true">03014000</iptc>
    </categories>
  </headers>
  <content>
    <p id="1"><s id="1">At least 37 people have been killed and more than 180 wounded after twin suicide bombings rocked a stronghold of Lebanon's Shiite Hezbollah movement in south Beirut, officials said.</s> </p>
    <p id="2"><s id="2">Police said two men on foot set off suicide vests in front of a shopping centre in Burj al-Barajneh, in the southern suburbs of the capital, where the movement is popular.</s> </p>
    <p id="3"><s id="3">The Red Cross said 37 people had been killed and 181 wounded in the blasts, which happened around 6:00 pm (1600 GMT), according to witnesses.</s> </p>
    <p id="4"><s id="4">An AFP photographer saw extensive damage to buildings around the site of the blast and bodies inside some of the nearby shops.</s> </p>
    <p id="5"><s id="5">There was blood on the streets, and security forces were trying to cordon off the scene and keep people from gathering.</s> </p>
    <p id="6"><s id="6">The blast is the first to target Beirut's southern suburbs since June 2014, when a suicide car bomb killed a security officer who had tried to stop the bomber.</s> </p>
    <p id="7"><s id="7">But prior to that, a string of attacks targeted Hezbollah strongholds throughout the country.</s> </p>
    <p id="8"><s id="8">Between July 2013 and February 2014, there were nine attacks on Hezbollah bastions, most claimed by Sunni extremists.</s> </p>
    <p id="9"><s id="9">The groups claimed the attacks were in revenge for Hezbollah's decision to send thousands of fighters into neighbouring Syria to support President Bashar al-Assad's forces against a Sunni-dominated uprising.</s> </p>
    <p id="10"><s id="10">Local television stations showed footage of wounded people being carried away by emergency services and civilians.</s> </p>
    <p id="11"><s id="11">&quot;I'd just arrived at the shops when the blast went off.</s> <s id="12">I carried four bodies with my own hands, three women and a man, a friend of mine,&quot; one man who gave his name as Zein al-Abideen Khaddam told local television.</s> </p>
    <p id="12"><s id="13">Another, who did not give his name, described the sound of the two blasts.</s> </p>
    <p id="13"><s id="14">&quot;When the second blast went off, I thought the world had ended,&quot; he said.</s> </p>
    <p id="14"><s id="15">bur-sah/mm</s> </p>
  </content>
</article>
