<article>
  <headers>
    <dct>20160824T094740Z</dct>
    <title>Italy toll quake climbs: at least 18 dead</title>
    <dateline>Rome, Aug 24, 2016 (AFP) -</dateline>
    <credit>Agence France-Presse (AFP)</credit>
    <origin country="ITA" city="Rome" />
    <keywords>
      <keyword>Italy</keyword>
      <keyword>earthquake</keyword>
      <keyword>toll</keyword>
    </keywords>
    <categories>
      <iptc>03015001</iptc>
      <iptc>03002000</iptc>
      <iptc>03000000</iptc>
    </categories>
  </headers>
  <content>
    <p id="1"><s id="1">At least 18 people have died after a powerful earthquake struck central Italy in the early hours of Wednesday, according to local officials.</s> </p>
    <p id="2"><s id="2">Deaths were reported in three villages in a mountainous area straddling the regions of Lazio and Marche: Amatrice, Accumoli and Pescara del Tronto.</s> </p>
    <p id="3"><s id="3">At least 10 people died in Pescara, a hamlet that is part of the bigger village of Arquata del Tronto, according to civil protection officers cited by the ANSA news agency.</s> </p>
    <p id="4"><s id="4">Six bodies were recovered at Amatrice, according to the president of the Lazio region, and two at Accumoli, according to the town's mayor.</s> </p>
    <p id="5"><s id="5">am/pdw</s> </p>
    <p id="6"></p>
  </content>
</article>
