<article>
  <headers>
    <dct>20160614T122919Z</dct>
    <title>Islamist attacks against police and soldiers in France</title>
    <dateline>Paris, June 14, 2016 (AFP) -</dateline>
    <credit>Agence France-Presse (AFP)</credit>
    <origin country="FRA" city="Paris" />
    <keywords>
      <keyword>police</keyword>
      <keyword>attacks</keyword>
      <keyword>France</keyword>
    </keywords>
    <categories>
      <iptc>16000000</iptc>
      <iptc>02003002</iptc>
      <iptc>12010000</iptc>
      <iptc>12000000</iptc>
      <iptc>11006000</iptc>
      <iptc>12002000</iptc>
      <iptc>02003001</iptc>
      <iptc>11000000</iptc>
      <iptc>16001000</iptc>
      <iptc>02000000</iptc>
      <iptc>11001000</iptc>
    </categories>
  </headers>
  <content>
    <p id="1"><s id="1">The murder of a policeman and his partner in a Paris suburb on Monday adds to the list of members of the French security forces who have been targeted by Islamist militants.</s> </p>
    <p id="2"><s id="2">The attacker, identified as Larossi Abballa, claimed allegiance to the Islamic State group after stabbing the officer to death in a western suburb late on Monday.</s> </p>
    <p id="3"><s id="3">He then took the victim's partner and their three-year-old son hostage in the couple's home, with the woman found dead after a police raid.</s> <s id="4">The child was not hurt.</s> </p>
    <p id="4"><s id="5">Following are other attacks against security forces in France:</s> </p>
    <p id="5"></p>
    <p id="6"><s id="6">March 11 and 15, 2012: Self-proclaimed jihadist Mohamed Merah kills three French soldiers, two of whom are Muslim, in Toulouse and Montauban in southern France.</s> </p>
    <p id="7"><s id="7">He later attacks a Jewish school on March 19, 2012, where he kills three children and a teacher.</s> <s id="8">Merah is shot dead on March 22 by police.</s> </p>
    <p id="8"><s id="9">May 25, 2013: A soldier patrolling the business district of La Defense, west of Paris is injured by Alexandre Dhaussy, 22, a convert to Islam.</s> </p>
    <p id="9"><s id="10">Dhaussy is arrested a few days later and claims his motive was religious.</s> <s id="11">A court decides that he suffers from psychiatric problems.</s> </p>
    <p id="10"><s id="12">December 20, 2014: Bertrand Nzohabonayo is shot dead as he cries &quot;Allahu akbar&quot; (God is greatest) as he attacks police with a knife in Joue-les-Tours, in central France.</s> </p>
    <p id="11"><s id="13">January 8, 2015: Islamist Amedy Coulibaly shoots dead a policewoman in Montrouge, south of Paris, before taking hostages the next day at a kosher supermarket, where he kills four more people.</s> <s id="14">He later dies during a police assault.</s> </p>
    <p id="12"><s id="15">Coulibaly was linked to Cherif and Said Kouachi, who attacked the satirical weekly Charlie Hebdo on January 7, 2015 during which 12 people, including two policemen, are killed.</s> </p>
    <p id="13"><s id="16">February 3, 2015: Moussa Coulibaly, unrelated to Amedy Coulibaly, uses a knife to attack three soldiers guarding a Jewish community centre in Nice, southern France.</s> </p>
    <p id="14"><s id="17">January 7, 2016: A year to the day after the Charlie Hebdo attack, a man identified as Tarek Belgacem tries to attack a police station in Paris with a meat cleaver and a device that turns out to be a fake bomb.</s> </p>
    <p id="15"><s id="18">He is shot dead by police, who find a pledge of allegiance to the Islamic State group on his body.</s> </p>
    <p id="16"><s id="19">or/wai/jm/ri/ric</s> </p>
    <p id="17"></p>
  </content>
</article>
