<article>
  <headers>
    <dct>20150724T062003Z</dct>
    <title>Three dead, seven hurt in Louisiana theater shooting</title>
    <dateline>Chicago, July 24, 2015 (AFP) -</dateline>
    <credit>Agence France-Presse (AFP)</credit>
    <origin country="USA" city="Chicago" />
    <keywords>
      <keyword>shooting</keyword>
      <keyword>crime</keyword>
      <keyword>US</keyword>
    </keywords>
    <categories>
      <iptc>02001000</iptc>
      <iptc>02000000</iptc>
      <iptc infered="true">15051000</iptc>
    </categories>
  </headers>
  <content>
    <p id="1"><s id="1">A gunman opened fire at a movie theater in the US state of Louisiana late Thursday, fatally shooting two people and wounding seven others before killing himself, police said.</s> </p>
    <p id="2"><s id="2">The shooting comes as a jury deliberates the death penalty for the gunman in a 2012 theater massacre in Colorado that left 12 dead and 70 injured.</s> </p>
    <p id="3"><s id="3">&quot;Whenever we hear about these senseless acts of violence it makes us both furious and sad at the same time,&quot; Louisiana Governor Bobby Jindal told reporters.</s> </p>
    <p id="4"><s id="4">&quot;There's no good reason why this type of evil should intrude on the lives of people who are just out for entertainment.&quot;</s> </p>
    <p id="5"><s id="5">Police said they have identified the shooter as a 58-year-old white male, but did not release his name.</s> </p>
    <p id="6"><s id="6">He opened fire randomly on fellow movie goers about 30 minutes into a showing of &quot;Trainwreck&quot; at the Grand 16 theater in Lafayette, Louisiana witnesses said.</s> </p>
    <p id="7"><s id="7">About 100 people reportedly were in the theater when the gunman opened fire with a handgun.</s> </p>
    <p id="8"><s id="8">Jindal met with some of the victims at a local hospital and said praised their heroism.</s> </p>
    <p id="9"><s id="9">One teacher threw herself in front of her friend to shield her from the bullets.</s> <s id="10">The friend was shot in the leg, but managed to &quot;have the presence of mind&quot; to pull a fire alarm in an effort to warn others of the danger, Jindal said.</s> </p>
    <p id="10"><s id="11">&quot;Even in the worst of times, it brings out the best in people,&quot; Jindal told reporters.</s> </p>
    <p id="11"><s id="12">Lafayette Police chief Jim Craft said officers were able to respond within a minute of the first call for help.</s> </p>
    <p id="12"><s id="13">&quot;Four officers entered the theater to engage the shooter,&quot; he told reporters.</s> </p>
    <p id="13"><s id="14">&quot;They did hear shots being fired at the time.</s> <s id="15">What they found upon making entry was it appeared the shooter died from a self-inflicted gunshot wound.&quot;</s> </p>
    <p id="14"><s id="16">Some of the seven people being treated at hospital were in critical condition, he said.</s> <s id="17">Others have non life-threatening injuries.</s> </p>
    <p id="15"><s id="18">The Louisiana shooting comes almost exactly three years after James Holmes, 27, opened fire on a packed screening of &quot;The Dark Knight Rises&quot; in Aurora, Colorado, in a meticulously-planned attack during which he wore body armor and used tear gas to prevent victims from escaping.</s> </p>
    <p id="16"><s id="19">Comedian Amy Schumer, who stars in &quot;Trainwreck&quot; swiftly offered her condolences.</s> </p>
    <p id="17"><s id="20">&quot;My heart is broken and all my thoughts and prayers are with everyone in Louisiana,&quot; she tweeted.</s> </p>
    <p id="18"><s id="21">Television images in Lafayette showed a hectic scene at the cinema, which was surrounded by dozens of emergency medical vehicles and police cars.</s> </p>
    <p id="19"><s id="22">&quot;It was crazy, chaos everywhere,&quot; witness Jacob Broussard told CNN.</s> </p>
    <p id="20"><s id="23">Broussard was watching a movie across the hall when the sirens went off and the lights came on.</s> </p>
    <p id="21"><s id="24">A voice came over the intercom asking people to evacuate the building as quickly as possible.</s> <s id="25">As he was leaving, Broussard heard three shots.</s> <s id="26">When he got outside, he saw a woman bleeding from the leg and realized something awful had happened.</s> </p>
    <p id="22"><s id="27">sdo-mso/sg</s> </p>
  </content>
</article>
