<article>
  <headers>
    <dct>20150817T195041Z</dct>
    <title>Bomb attack in central Bangkok kills 19: police</title>
    <dateline>Bangkok, Aug 17, 2015 (AFP) -</dateline>
    <credit>Agence France-Presse (AFP)</credit>
    <origin country="THA" city="Bangkok" />
    <keywords>
      <keyword>unrest</keyword>
      <keyword>bombing</keyword>
      <keyword>Thailand</keyword>
    </keywords>
    <categories>
      <iptc>16000000</iptc>
      <iptc>16001000</iptc>
      <iptc>16005002</iptc>
    </categories>
  </headers>
  <content>
    <p id="1"><s id="1">A bomb exploded Monday outside a religious shrine in a bustling hub of the Thai capital, killing at least 19 people and injuring more than 120 others in an attack authorities said targeted foreigners.</s> </p>
    <p id="2"><s id="2">The blast occurred about 6:30 pm (1130 GMT) when the streetside Erawan Shrine close to upscale shopping malls was packed with worshippers and tourists.</s> </p>
    <p id="3"><s id="3">&quot;I heard a very loud bang, it made the whole building shake so I ran outside to see what had happened,&quot; Panupan Chansing, 20, a hotel worker at the nearby Grand Hyatt Erawan, told AFP.</s> </p>
    <p id="4"><s id="4">&quot;I saw bodies lying on the ground and I saw vehicles on fire.</s> <s id="5">I feel very sad and sorry that this has happened to Thai people... I'm scared.&quot;</s> </p>
    <p id="5"><s id="6">Police confirmed 19 people were killed, including 10 Thais, one Chinese and one Filipino citizen.</s> <s id="7">More than 120 others were injured, according to police.</s> </p>
    <p id="6"><s id="8">The nationalities of the other people who died were not immediately clear.</s> </p>
    <p id="7"><s id="9">But China's official Xinhua news agency said two Chinese nationals had died, while the governments of Hong Kong, Singapore and Taiwan reported that some of their citizens were injured.</s> </p>
    <p id="8"><s id="10">Bangkok has endured years of deadly political violence, with a military junta now ruling the nation, and a decades-long Muslim insurgency in the far south that has claimed thousands of lives.</s> </p>
    <p id="9"><s id="11">Police spokesman Prawut Thavornsiri told AFP the blast was likely politically motivated and designed to bring &quot;chaos&quot;.</s> </p>
    <p id="10"><s id="12">Thailand's defence minister said the bombing was aimed at foreigners in an attempt to damage the country's tourist industry, which is a rare bright spot in an otherwise gloomy economy.</s> </p>
    <p id="11"><s id="13">&quot;It was a TNT bomb... the people who did it targeted foreigners and to damage tourism and the economy,&quot; said Prawit Wongsuwong, a former general who is believed to have been one of the key coup-makers.</s> </p>
    <p id="12"><s id="14">No-one claimed responsibility for the attack, however, and it was unclear immediately who was responsible.</s> </p>
    <p id="13"><s id="15">Islamic militants have carried out many attacks in other parts of Southeast Asia, including on Indonesia's holiday island of Bali in 2002 that killed 202 people.</s> </p>
    <p id="14"><s id="16">But they have not made Thailand a prime target.</s> </p>
    <p id="15"><s id="17">A government spokesman said it was too early to speculate on who was behind the attack.</s> </p>
    <p id="16"></p>
    <p id="17"></p>
    <p id="18"><s id="18">Glass was strewn across the street after the explosion inside the gates to the shrine, which is in the central Chidlom district close to the famous Sukhmuvit Road shopping strip.</s> </p>
    <p id="19"><s id="19">Charred and shattered motorcycles littered the scene, alongside hunks of concrete, with pools of blood on the pavement and two bodies crumpled on the steps of the shrine.</s> </p>
    <p id="20"><s id="20">There were chaotic scenes at Chulakongkorn Hospital, one of a number of nearby medical facilities that received victims as nurses ferried the injured on gurneys.</s> </p>
    <p id="21"><s id="21">One man who was conscious had visibly burned hair and a number of cuts that were bandaged, an AFP reporter on the scene said.</s> </p>
    <p id="22"><s id="22">The attack drew quick condemnation internationally, with UN Secretary-General Ban Ki-moon's office releasing a statement saying he was shocked.</s> </p>
    <p id="23"><s id="23">&quot;He expresses his condolences to the bereaved families and to the people and government of Thailand,&quot; the statement said.</s> </p>
    <p id="24"><s id="24">&quot;He hopes that those responsible will be brought to justice.&quot;</s> </p>
    <p id="25"></p>
    <p id="26"></p>
    <p id="27"><s id="25">Although there was no immediate claim of responsibility, the initial comments by Thai police and military cast immediate focus on the kingdom's rival political factions.</s> </p>
    <p id="28"><s id="26">Thailand has been seared by a near-decade of political violence that has left the country deeply divided and seen repeated rounds of deadly street protests and bombings -- but none on Monday's scale.</s> </p>
    <p id="29"><s id="27">Many observers had predicted a fresh round of violence after the military seized power in a coup in May last year, toppling a civilian government led by Yingluck Shinawatra.</s> </p>
    <p id="30"><s id="28">Self-exiled former premier Thaksin Shinawatra, who is Yingluck's brother and who was toppled by a 2006 coup, sits at the heart of the political divide.</s> </p>
    <p id="31"><s id="29">Parties led by him or his sister or supporters have won every election since 2001 thanks to the votes of the rural north and northeast.</s> <s id="30">But he is loathed by the Bangkok-based royalist elite.</s> </p>
    <p id="32"><s id="31">Thailand is also fighting a festering insurgency in its Muslim-majority southernmost provinces bordering Malaysia.</s> <s id="32">More than 6,400 people -- mostly civilians -- have been killed there.</s> </p>
    <p id="33"><s id="33">In the so-called &quot;Deep South&quot;, bombs are a near-daily reality alongside shootings and ambushes of security forces.</s> </p>
    <p id="34"><s id="34">Civilians are overwhelmingly the target.</s> <s id="35">But the conflict, which sees local rebels calling for greater autonomy from the Thai state, has stayed highly localised.</s> </p>
    <p id="35"><s id="36">There has never been a confirmed attack by the insurgents outside the southern region despite the years of war.</s> </p>
    <p id="36"><s id="37">The Erawan is an enormously popular shrine to the Hindu god Brahma but is visited by thousands of Buddhist devotees every day.</s> </p>
    <p id="37"><s id="38">It is located on a traffic-choked intersection in Bangkok's commercial hub and surrounded by three major shopping malls.</s> </p>
    <p id="38"><s id="39">apj/jta/kma/tm</s> </p>
    <p id="39"><s id="40">Hyatt</s> </p>
    <p id="40"></p>
  </content>
</article>
