<article>
  <headers>
    <dct>20160209T090227Z</dct>
    <title>'Several dead', around 100 injured in German train crash: police</title>
    <dateline>Berlin, Feb 9, 2016 (AFP) -</dateline>
    <credit>Agence France-Presse (AFP)</credit>
    <origin country="DEU" city="Berlin" />
    <keywords>
      <keyword>rail</keyword>
      <keyword>transport</keyword>
      <keyword>Germany</keyword>
      <keyword>accident</keyword>
    </keywords>
    <categories>
      <iptc>03013000</iptc>
      <iptc>03010000</iptc>
      <iptc>03000000</iptc>
      <iptc>03010002</iptc>
      <iptc infered="true">04015000</iptc>
      <iptc infered="true">04015002</iptc>
    </categories>
  </headers>
  <content>
    <p id="1"><s id="1">Two trains collided in southern Germany on Tuesday, killing &quot;several&quot; people and injuring around 100, police said.</s> </p>
    <p id="2"><s id="2">&quot;We are now talking about 100 people who are slightly injured, a number of seriously injured people and several dead,&quot; police spokesman Martin Winkler in the southern town of Rosenheim said.</s> </p>
    <p id="3"><s id="3">The cause of the accident near Bad Aibling, around 60 kilometres (40 miles) southeast of Munich, was not immediately clear.</s> </p>
    <p id="4"><s id="4">bro-dlc/pdw</s> </p>
    <p id="5"></p>
  </content>
</article>
