<article>
  <headers>
    <dct>20160715T011424Z</dct>
    <title>At least 60 dead in Nice truck 'attack'</title>
    <dateline>Nice, France, July 14, 2016 (AFP) -</dateline>
    <credit>Agence France-Presse (AFP)</credit>
    <origin country="FRA" city="Nice" />
    <keywords>
      <keyword>attack</keyword>
      <keyword>France</keyword>
    </keywords>
    <categories>
      <iptc>16000000</iptc>
      <iptc>16001000</iptc>
    </categories>
  </headers>
  <content>
    <p id="1"><s id="1">A truck ploughed into a crowd in the French resort of Nice Thursday, leaving at least 60 dead and scores injured in an &quot;attack&quot; after a Bastille Day fireworks display, prosecutors said.</s> </p>
    <p id="2"><s id="2">Local government official Sebastien Humbert told BFMTV that the driver of the truck was shot dead after barrelling down the palm-lined Promenade des Anglais in what he called &quot;a major criminal attack&quot;.</s> </p>
    <p id="3"><s id="3">&quot;We saw people hit and bits of debris flying around,&quot; said an AFP reporter who witnessed the white truck driving at high speed onto the seaside road.</s> </p>
    <p id="4"><s id="4">Hundreds of terrified pedestrians screamed as they fled the area.</s> <s id="5">&quot;It was absolute chaos,&quot; he added.</s> </p>
    <p id="5"><s id="6">Nice prosecutor Jean-Michel Pretre said at least 60 people were killed after the truck drove two kilometres (1.3 miles) through the crowd.</s> </p>
    <p id="6"><s id="7">Witnesses speaking to local television stations described bodies lying on the promenade covered in sheets.</s> </p>
    <p id="7"><s id="8">While officials referred to an &quot;attack&quot;, the incident had not been claimed by any group.</s> </p>
    <p id="8"><s id="9">The bloodshed comes eight months after Islamic State jihadist attacks on Paris nightspots left 130 people dead.</s> </p>
    <p id="9"><s id="10">France has repeatedly been singled out as a prime target of the group, and has been under a state of emergency ever since, boosting security across the country.</s> </p>
    <p id="10"><s id="11">The apparent assault came just hours after France announced that a state of emergency declared after last November's attacks would come to an end later this month.</s> </p>
    <p id="11"><s id="12">President Francois Hollande said the decree after the November 13 attacks would not be renewed beyond July 26, because a law bolstering security in France was adopted in May.</s> </p>
    <p id="12"></p>
    <p id="13"></p>
    <p id="14"><s id="13">The incident comes after a day of revelry as France celebrated its national day, Bastille Day, which began with military pomp and ceremony as its armed forces, tanks and fighter jets swooped down the Champs-Elysees avenue.</s> </p>
    <p id="15"><s id="14">The holiday typically ends with spectacular fireworks over the Eiffel Tower in Paris, as well as cities around the country.</s> </p>
    <p id="16"><s id="15">However celebrations were quickly overshadowed.</s> </p>
    <p id="17"><s id="16">Images on television showed the Promenade Des Anglais sealed off, crawling with police and ambulances and authorities from the local Alpes-Maritimes prefecture urged residents to stay indoors.</s> </p>
    <p id="18"><s id="17">&quot;The driver of a van appears to have killed dozens.</s> <s id="18">Stay in your homes for now.</s> <s id="19">More info to follow,&quot; said Nice Mayor Christian Estrosi.</s> </p>
    <p id="19"><s id="20">A large section of the city -- extremely popular with sun-seeking tourists -- was cordoned off.</s> </p>
    <p id="20"><s id="21">French President Francois Hollande rushed back from the southern city of Avignon for crisis talks, his office said.</s> </p>
    <p id="21"><s id="22">France's Interior Minister Bernard Cazeneuve meanwhile headed straight to Nice.</s> </p>
    <p id="22"><s id="23">US President Barack Obama was being briefed, the White House said.</s> </p>
    <p id="23"><s id="24">&quot;The president has been apprised of the situation in Nice, France, and his national security team will update him, as appropriate,&quot; said National Security Council spokesman Ned Price.</s> </p>
    <p id="24"><s id="25">The incident comes as France was breathing a sigh of relief after successfully hosting the month-long Euro 2016 football championship, which passed off without incident.</s> </p>
    <p id="25"><s id="26">bur-fb/gj/ric</s> </p>
    <p id="26"></p>
  </content>
</article>
