<article>
  <headers>
    <dct>20160824T054659Z</dct>
    <title>Strong 6.2 quake hits Italy, triggering red alert</title>
    <dateline>Rome, Aug 24, 2016 (AFP) -</dateline>
    <credit>Agence France-Presse (AFP)</credit>
    <origin country="ITA" city="Rome" />
    <keywords>
      <keyword>quake</keyword>
      <keyword>Italy</keyword>
    </keywords>
    <categories>
      <iptc>03015001</iptc>
      <iptc>03000000</iptc>
      <iptc>03002000</iptc>
    </categories>
  </headers>
  <content>
    <p id="1"><s id="1">Central Italy was hit by a powerful, 6.2-magnitude earthquake on Wednesday, triggering the collapse of dozens of buildings and a red alert for the possibility of casualties and further damage.</s> </p>
    <p id="2"><s id="2">Witnesses in the area told Italian media that many buildings had collapsed in villages close to the epicentre of the quake near the town of Norcia in the region of Umbria.</s> </p>
    <p id="3"><s id="3">&quot;Half the village has disappeared,&quot; said Sergio Pirozzi, mayor of Amatrice, a mountain village in neighbouring Lazio that was packed with visitors at the peak of the summer season.</s> </p>
    <p id="4"><s id="4">He said access to the village had been blocked, making it impossible for rescue services to get through.</s> </p>
    <p id="5"><s id="5">&quot;There is a landslide on one road, a bridge is about to collapse on the other one,&quot; he said, quoted by the AGI news agency.</s> </p>
    <p id="6"><s id="6">Amatrice is famous in Italy as a beauty spot and is a popular holiday destination for Romans seeking cool mountain air at the height of the summer.</s> </p>
    <p id="7"><s id="7">There were no immediate reports of casualties after the first quake, which struck shortly after 3.30 am (0130 GMT), according to the United States Geological Survey, or a 5.4 magnitude aftershock an hour later.</s> </p>
    <p id="8"><s id="8">USGS's PAGER system, which predicts the impact of earthquakes, issued a red alert -- suggesting significant casualties and damage based on previous quake data.</s> </p>
    <p id="9"><s id="9">A resident of the Rieti region, which is between Rome and the epicentre of the quake, told the Rainews24 channel that she and most of her neighbours had come out onto the street after feeling &quot;very strong shaking&quot;.</s> </p>
    <p id="10"><s id="10">In 2009 a 6.3-magnitude earthquake in the Aquila region, which was also felt in the Italian capital, left more than 300 dead.</s> </p>
    <p id="11"><s id="11">Italy is often shaken by earthquakes.</s> <s id="12">Another quake hit the northern Emilia Romagna region in May 2012, when two violent shocks 10 days apart left 23 people dead and 14,000 others homeless.</s> </p>
    <p id="12"><s id="13">am/tm</s> </p>
  </content>
</article>
