<article>
  <headers>
    <dct>20160114T065653Z</dct>
    <title>At least four dead in Jakarta explosions, shooting</title>
    <dateline>Jakarta, Jan 14, 2016 (AFP) -</dateline>
    <credit>Agence France-Presse (AFP)</credit>
    <origin country="IDN" city="Jakarta" />
    <keywords>
      <keyword>attacks</keyword>
      <keyword>Indonesia</keyword>
    </keywords>
    <categories>
      <iptc>03000000</iptc>
      <iptc infered="true">16001000</iptc>
    </categories>
  </headers>
  <content>
    <p id="1"><s id="1">Gunfire and explosions in the Indonesian capital Jakarta killed at least four people Thursday, with police flooding the streets amid fears gun-toting militants were still on the run.</s> </p>
    <p id="2"><s id="2">Witnesses said at least one gunman had attacked a cafe in the city centre -- near a cluster of embassies -- shooting at bystanders, as a series of explosions rocked the area.</s> </p>
    <p id="3"><s id="3">Badly mangled bodies were seen lying on the streets as security forces moved in, with regular reports of gunfire and warnings of snipers in the area.</s> </p>
    <p id="4"><s id="4">&quot;Four people died, one police officer and three civilians,&quot; national police spokesman Anton Charliyan told AFP.</s> </p>
    <p id="5"><s id="5">&quot;For now the gunfire has stopped but they are still on the run, we are afraid there will be more gunshots.&quot;</s> </p>
    <p id="6"><s id="6">Indonesia, the world's most populous Muslim-majority country, suffered several major bomb attacks by Islamic radicals between 2000 and 2009, including the 2002 bombings on the resort island of Bali that killed 202 people.</s> </p>
    <p id="7"><s id="7">A security crackdown weakened the most dangerous extremist networks, leading to a long lull in large-scale strikes.</s> <s id="8">However, the emergence of Islamic State has raised concern that Indonesians returning from Middle East battlefields could stage attacks on home soil.</s> </p>
    <p id="8"></p>
    <p id="9"></p>
    <p id="10"><s id="9">As well as the known deaths, a number of people were feared injured in Thursday's assault, with an eyewitness telling AFP he had seen a &quot;terrorist&quot; open fire on a local journalist.</s> </p>
    <p id="11"><s id="10">Ruli Koestaman, 32, who had been in a meeting in a nearby building, said the attack started around 10:35am (0335 GMT).</s> </p>
    <p id="12"><s id="11">&quot;Then I heard a loud bang, boom.</s> <s id="12">It felt like an earthquake.</s> <s id="13">We all went downstairs,&quot; he said.</s> </p>
    <p id="13"><s id="14">&quot;We then saw that the Starbucks downstairs was destroyed too.</s> <s id="15">I saw a foreigner, Westerner, a man, with a mangled hand but alive.</s> </p>
    <p id="14"><s id="16">&quot;A Starbucks waiter then ran out with blood coming out of his ear.</s> <s id="17">And I asked anyone hurt inside, he said yes, one.</s> <s id="18">Dead already.</s> </p>
    <p id="15"><s id="19">&quot;Then everybody gathered and a terrorist appeared.</s> <s id="20">He had a gun and started shooting at us and then at Starbucks.</s> <s id="21">Then the police post... exploded.&quot;</s> </p>
    <p id="16"><s id="22">Koestaman said the attacker shot at a reporter who was at the scene.</s> </p>
    <p id="17"><s id="23">&quot;Police then started to shoot at the guy, who kept reloading his gun.</s> <s id="24">And then there was another explosion.</s> <s id="25">Then shootings.&quot;</s> </p>
    <p id="18"><s id="26">The blasts -- at least six, according to eyewitnesses -- were close to a shopping centre, the Sarinah.</s> </p>
    <p id="19"><s id="27">Graphic photographs from the scene showed the bloodied bodies of what appeared to be two men in civilian clothes lying by the side of a road next to the wrecked police post.</s> </p>
    <p id="20"><s id="28">Another body, also apparently male, dressed all in black was pictured lying on his back in the centre of the street while another, almost naked, lay nearby.</s> </p>
    <p id="21"></p>
    <p id="22"></p>
    <p id="23"><s id="29">Anton Charliyan, national police spokesman, told Metro TV :</s> </p>
    <p id="24"><s id="30">&quot;This is not a suicide bomb, based on witness account at the police post it was something that was thrown, whether it was a grenade or a bomb we still haven't been able to confirm.</s> </p>
    <p id="25"><s id="31">&quot;Nobody has been arrested&quot;</s> </p>
    <p id="26"><s id="32">He said at least one attacker -- maybe two -- fled afterwards, using a motorbike.</s> </p>
    <p id="27"><s id="33">Police had earlier said the explosions were caused by bombs.</s> </p>
    <p id="28"><s id="34">Officers at the scene told AFP reporters to &quot;get back&quot; because there &quot;is a sniper&quot; on the roof of a building.</s> </p>
    <p id="29"><s id="35">Plainclothes police officers were also seen aiming their handguns towards people outside the Starbucks.</s> </p>
    <p id="30"><s id="36">Other armed officers were seen taking up positions behind a vehicle.</s> </p>
    <p id="31"><s id="37">It was not immediately clear who was behind the attacks.</s> </p>
    <p id="32"><s id="38">The bombs come just weeks after Jakarta was placed on high alert after anti-terror police foiled what they said were plans for an New Year suicide attack in the Indonesian capital.</s> </p>
    <p id="33"><s id="39">Late last month police said they had arrested two men, including a member of China's Uighur minority, who they claimed were involved in the plot.</s> </p>
    <p id="34"><s id="40">After a series of attacks on foreigners in the last decade, Indonesian extremists have in recent years directed their violence at domestic &quot;enemies of Islam&quot;, mostly police.</s> </p>
    <p id="35"><s id="41">There have been no attacks against foreigners since the 2009 twin hotel bombings in Jakarta that killed seven people.</s> </p>
    <p id="36"><s id="42">bur-fa/hg</s> </p>
  </content>
</article>
