<article>
  <headers>
    <dct>20161129T064132Z</dct>
    <title>Plane carrying football players from Brazil crashes in Colombia</title>
    <dateline>Bogota, Nov 29, 2016 (AFP) -</dateline>
    <credit>Agence France-Presse (AFP)</credit>
    <origin country="COL" city="Bogota" />
    <keywords>
      <keyword>plane</keyword>
      <keyword>Colombia</keyword>
      <keyword>fbl</keyword>
      <keyword>accident</keyword>
    </keywords>
    <categories>
      <iptc>15000000</iptc>
      <iptc>15054000</iptc>
      <iptc>03013000</iptc>
      <iptc>03010000</iptc>
      <iptc>03000000</iptc>
    </categories>
  </headers>
  <content>
    <p id="1"><s id="1">A plane carrying members of Brazil's Chapecoense Real football team crashed late Monday near the Colombian city of Medellin, officials said.</s> </p>
    <p id="2"><s id="2">&quot;Confirmed, the aircraft license number CP2933 was carrying the team @ChapecoenseReal.</s> <s id="3">Apparently there are survivors,&quot; the Jose Maria Cordova de Rionegro airport, which serves Medellin, said on its Twitter account.</s> </p>
    <p id="3"><s id="4">jm/jah</s> </p>
  </content>
</article>
