<article>
  <headers>
    <dct>20150822T183056Z</dct>
    <title>Seven killed in British airshow crash as jet hits road</title>
    <dateline>Shoreham-by-Sea, United Kingdom, Aug 22, 2015 (AFP) -</dateline>
    <credit>Agence France-Presse (AFP)</credit>
    <origin country="GBR" city="Shoreham-by-Sea" />
    <keywords>
      <keyword>Britain</keyword>
      <keyword>air</keyword>
      <keyword>accident</keyword>
    </keywords>
    <categories>
      <iptc>03013000</iptc>
      <iptc>03010000</iptc>
      <iptc>03000000</iptc>
      <iptc>03010003</iptc>
      <iptc>01000000</iptc>
    </categories>
  </headers>
  <content>
    <p id="1"><s id="1">Seven people were killed Saturday at an airshow on the English seaside when a military jet failed to pull up out of a loop and crashed into a road.</s> </p>
    <p id="2"><s id="2">The Hawker Hunter aircraft taking part in the Shoreham Airshow on the southeast coast hit several cars, creating a fireball and sending thick black smoke billowing into the air.</s> </p>
    <p id="3"><s id="3">Footage of the crash showed the jet carrying out a loop manoeuvre high in the air.</s> <s id="4">The plane banked up steeply, looped over but did not pull up in time before hitting the ground.</s> </p>
    <p id="4"><s id="5">It is not yet clear whether the pilot was able to eject.</s> </p>
    <p id="5"><s id="6">The South East Coast Ambulance Service confirmed the death toll.</s> </p>
    <p id="6"><s id="7">&quot;SECAMB confirm seven fatalities from the crash at the Shoreham air show today.</s> <s id="8">Thoughts are with the families and loved ones,&quot; the emergency service said on Twitter.</s> </p>
    <p id="7"><s id="9">West Sussex Police said one casualty was being treated in hospital with serious, life-threatening injuries, while a further 14 were being treated for minor injuries.</s> </p>
    <p id="8"><s id="10">The crash happened at around 1:20pm (1220 GMT).</s> <s id="11">The plane hit the A27, a major road that runs along England's southeast coast.</s> </p>
    <p id="9"><s id="12">Pictures from the scene showed police had cordoned off the four-lane dual carriageway road, with ambulances and fire crews and emergency service helicopters in attendance.</s> <s id="13">Debris was visible across the road.</s> </p>
    <p id="10"><s id="14">rjm/gj</s> </p>
  </content>
</article>
