<article>
  <headers>
    <dct>20141024T220746Z</dct>
    <title>Two dead, three critical in US school shooting</title>
    <dateline>LOS ANGELES, Oct 24, 2014 (AFP) -</dateline>
    <credit>Agence France-Presse (AFP)</credit>
    <origin country="USA" city="Los Angeles" />
    <keywords>
      <keyword>school</keyword>
      <keyword>shooting</keyword>
      <keyword>US</keyword>
    </keywords>
    <categories>
      <iptc>05005000</iptc>
      <iptc>02001000</iptc>
      <iptc>05000000</iptc>
      <iptc>02000000</iptc>
      <iptc infered="true">15051000</iptc>
    </categories>
  </headers>
  <content>
    <p id="1"><s id="1">A student opened fire at a US school Friday, killing another student and injuring several others before taking his own life, police and reports said.</s> </p>
    <p id="2"><s id="2">Three students were rushed to hospital in critical condition, a doctor said.</s> </p>
    <p id="3"><s id="3">Marysville police spokesman Robb Lamoureux told reporters: &quot;We are confident that there was only one shooter and the shooter is deceased.&quot;</s> </p>
    <p id="4"><s id="4">The Seattle Times reported that two students had died, and that four other people had been injured.</s> </p>
    <p id="5"><s id="5">Live TV pictures showed swarms of police and emergency workers descending on the Marysville-Pilchuck High School in the western state of Washington.</s> </p>
    <p id="6"><s id="6">The shooting occurred in the school cafeteria, according to multiple reports.</s> </p>
    <p id="7"><s id="7">&quot;I was eating...</s> <s id="8">I heard four gunshots and it was behind me.</s> <s id="9">I saw a gun pointed at a table... then I ran out of the exit,&quot; one student in the cafeteria, named only as Alex, told KIRO TV news.</s> </p>
    <p id="8"><s id="10">A student identified as Austin told a CNN affiliate how the gunman was initially &quot;quiet&quot; before opening fire on fellow diners.</s> </p>
    <p id="9"><s id="11">&quot;There was just a big group of kids.</s> <s id="12">...</s> <s id="13">He was quiet.</s> <s id="14">He was just sitting there.</s> <s id="15">Everyone was talking.</s> <s id="16">All of a sudden I see him stand up, pull something out of his pocket,&quot; he said.</s> </p>
    <p id="10"><s id="17">&quot;At first I thought it was just someone making a really loud noise with like a bag, like a pretty loud pop until I heard four more after that, and I saw three kids just fall from the table like they were falling to the ground dead.&quot;</s> </p>
    <p id="11"><s id="18">Television footage also showed schoolchildren coming out of the sprawling campus in Marysville, 35 miles (55 kilometers) north of Seattle, which has some 2,500 students.</s> </p>
    <p id="12"><s id="19">Parents appeared to be gathering at a nearby church.</s> </p>
    <p id="13"><s id="20">&quot;I never thought I would be standing here after a school shooting,&quot; Heather Parker, whose son Corbin is at the school, told the Seattle Times.</s> </p>
    <p id="14"><s id="21">&quot;He's pretty shook up.</s> <s id="22">He just said 'I'm Okay.'</s> <s id="23">He was trying to calm me down,&quot; he added.</s> </p>
    <p id="15"><s id="24">Adam Holston, 14, said he was leaving the lunchroom when the shooting erupted.</s> </p>
    <p id="16"><s id="25">&quot;Everyone just started running.</s> <s id="26">I could hear the gunshots and my heart was racing and we didn't know what was going on,&quot; he said.</s> </p>
    <p id="17"><s id="27">Austin, also speaking to a local CNN affilate, said: &quot;I jumped under the table as fast as I could and when it stopped I looked back up and I saw he was trying to reload his gun.</s> </p>
    <p id="18"><s id="28">&quot;When that happened I just ran the opposite direction and I was out of there as fast as I could.&quot;</s> </p>
    <p id="19"><s id="29">A hospital spokeswoman told CNN: &quot;Four patients came to this center from the scene.</s> <s id="30">Three of them remained at the center... the three most critically ill were kept here.&quot;</s> </p>
    <p id="20"><s id="31">mt/dc</s> </p>
  </content>
</article>
