<article>
  <headers>
    <dct>20170106T193513Z</dct>
    <title>Shots fired at Fort Lauderdale airport, several victims: US media</title>
    <dateline>Miami, Jan 6, 2017 (AFP) -</dateline>
    <credit>Agence France-Presse (AFP)</credit>
    <origin country="USA" city="Miami" />
    <keywords>
      <keyword>shooting</keyword>
      <keyword>crime</keyword>
      <keyword>travel</keyword>
      <keyword>US</keyword>
      <keyword>airport</keyword>
    </keywords>
    <categories>
      <iptc>04015001</iptc>
      <iptc>04015000</iptc>
      <iptc>02001000</iptc>
      <iptc>04000000</iptc>
      <iptc>02000000</iptc>
      <iptc infered="true">10006000</iptc>
      <iptc infered="true">15051000</iptc>
    </categories>
  </headers>
  <content>
    <p id="1"><s id="1">A gunman opened fire Friday at Fort Lauderdale-Hollywood airport in Florida, killing at least one person and injuring nine before being taken into custody, US media reported.</s> </p>
    <p id="2"><s id="2">Television footage showed passengers running to safety, and others gathered on the tarmac as NBC reported, citing Broward County officials, that one person had been killed.</s> </p>
    <p id="3"><s id="3">&quot;There is an ongoing incident in Terminal 2, Baggage Claim,&quot; the airport tweeted.</s> </p>
    <p id="4"><s id="4">Both NBC News and CNN reported that the gunman had been taken into custody.</s> </p>
    <p id="5"><s id="5">ec/oh</s> </p>
  </content>
</article>
