<article>
  <headers>
    <dct>20160209T111717Z</dct>
    <title>At least eight dead, 100 injured in German train crash: police</title>
    <dateline>Bad Aibling, Germany, Feb 9, 2016 (AFP) -</dateline>
    <credit>Agence France-Presse (AFP)</credit>
    <origin country="DEU" city="Bad Aibling" />
    <keywords>
      <keyword>rail</keyword>
      <keyword>transport</keyword>
      <keyword>Germany</keyword>
      <keyword>accident</keyword>
    </keywords>
    <categories>
      <iptc>03013000</iptc>
      <iptc>03010000</iptc>
      <iptc>03000000</iptc>
      <iptc>03010002</iptc>
      <iptc infered="true">04015000</iptc>
      <iptc infered="true">04015002</iptc>
    </categories>
  </headers>
  <content>
    <p id="1"><s id="1">Two commuter trains collided head-on in southern Germany on Tuesday, killing at least eight people and injuring around 100, in one of the country's deadliest rail accidents in years.</s> </p>
    <p id="2"><s id="2">Hundreds of rescuers were racing to pull passengers from the wreckage in a wooded area near Bad Aibling, a spa town about 60 kilometres (40 miles) southeast of Munich.</s> </p>
    <p id="3"><s id="3">Several carriages were overturned.</s> </p>
    <p id="4"><s id="4">&quot;We have eight dead on the trains,&quot; said police spokesman Juergen Thaimeier, adding that about 100 people had been injured, 55 of them seriously.</s> </p>
    <p id="5"><s id="5">Local police spokesman Martin Winkler had earlier given a toll of four dead.</s> </p>
    <p id="6"><s id="6">But rescuers subsequently found another four bodies in the train wreckage.</s> </p>
    <p id="7"><s id="7">The &quot;tragic accident occurred on the single-track route between Rosenheim and Holzkirchen this morning shortly after 7:00 am (0600 GMT),&quot; regional rail company Meridian, a subsidiary of the French group Transdev, said in a statement.</s> </p>
    <p id="8"><s id="8">The cause of the accident was not immediately clear.</s> </p>
    <p id="9"><s id="9">Rainer Scharf, a police officer from the southern state of Bavaria, said that &quot;given the severity of the accident, we believe the two regional trains collided head-on at a low speed.&quot;</s> </p>
    <p id="10"><s id="10">He added that the priority was to &quot;rescue the many injured&quot;.</s> </p>
    <p id="11"><s id="11">The police tweeted that several hundred emergency services workers were on the scene in the rural area.</s> </p>
    <p id="12"><s id="12">Rescue workers from nearby Austria were also on site, rolling news channel NTV said.</s> </p>
    <p id="13"><s id="13">About a dozen helicopters were also deployed, with television footage showing them waiting in a clearing outside the forest, from where rescuers were emerging with stretchers carrying the injured.</s> </p>
    <p id="14"><s id="14">A journalist for local broadcaster Bayerischer Rundfunk reported that rescuers were climbing on the wreckage and pulling people out.</s> </p>
    <p id="15"><s id="15">The rail route was closed to traffic, as well as two local roads.</s> </p>
    <p id="16"><s id="16">&quot;The accident is an enormous shock for us,&quot; said Bernd Rosenbusch, who heads the Bavarian rail company BOB that operates trains on the route.</s> </p>
    <p id="17"><s id="17">&quot;We will do everything to help travellers, their relatives and our employees,&quot; he added.</s> </p>
    <p id="18"><s id="18">The accident is believed to be the first deadly train crash since April 2012, when three people were killed and 13 injured in a collision between two regional trains in the western German town of Offenbach.</s> </p>
    <p id="19"><s id="19">The country's deadliest post-war accident happened in 1998, when a high-speed ICE train linking Munich and Hamburg derailed, killing 101 people and injuring 88 at the northern town of Eschede.</s> </p>
    <p id="20"><s id="20">ran-hmn/dlc/cb</s> </p>
  </content>
</article>
