<article>
  <headers>
    <dct>20141021T014139Z</dct>
    <title>CEO of oil giant Total killed in Moscow plane crash: Russian media</title>
    <dateline>MOSCOW, Oct 20, 2014 (AFP) -</dateline>
    <credit>Agence France-Presse (AFP)</credit>
    <origin country="RUS" city="Moscow" />
    <keywords>
      <keyword>energy</keyword>
    </keywords>
    <categories>
      <iptc>04005000</iptc>
      <iptc>03000000</iptc>
      <iptc>04000000</iptc>
    </categories>
  </headers>
  <content>
    <p id="1"><s id="1">The CEO of French oil company Total, Christophe de Margerie has died after a private jet crashed at a Moscow airport, Russian media reported Tuesday citing aviation and law enforcement sources.</s> </p>
    <p id="2"><s id="2">&quot;There was one passenger registered on the plane, French citizen Christophe de Margerie.</s> <s id="3">The three crew members were also French citizens.</s> <s id="4">They all died,&quot; the TASS news agency cited an aviation source as saying.</s> <s id="5">The Interfax news agency cited a police source as saying one of the dead was a top executive at Total.</s> </p>
    <p id="3"><s id="6">There was no immediate response from Total in France, who were contacted by AFP.</s> </p>
    <p id="4"><s id="7">am/dh</s> </p>
    <p id="5"></p>
    <p id="6"></p>
  </content>
</article>
