<article>
  <headers>
    <dct>20120718T143511Z</dct>
    <title>Head of crisis cell killed in Damascus blast: NGO</title>
    <dateline>BEIRUT, July 18, 2012 (AFP) -</dateline>
    <credit>Agence France-Presse (AFP)</credit>
    <origin country="LBN" city="BEIRUT" />
    <keywords>
      <keyword>Turkmani</keyword>
      <keyword>Syria</keyword>
      <keyword>conflict</keyword>
    </keywords>
    <categories>
      <iptc>16000000</iptc>
      <iptc>16010000</iptc>
    </categories>
  </headers>
  <content>
    <p id="1"><s id="1">The Syrian regime's crisis cell head, General Hassan Turkmani, was among those killed in a suicide bomb attack on the National Security headquarters on Wednesday, a monitoring group said.</s> </p>
    <p id="2"><s id="2">A security source told AFP the attack was carried out by a bodyguard of one of those taking part in a meeting of top security officials at the headquarters in Damascus.</s> </p>
    <p id="3"><s id="3">Lebanon's Hezbollah-owned television Al-Manar also reported the death of former defence minister Turkmani, hours after the current defence minister and President Bashar al-Assad's brother-in-law were confirmed killed in the attack.</s> </p>
    <p id="4"><s id="4">The Syrian authorities have not confirmed Turkmani's death, though they did acknowledge earlier that several officials were badly wounded in the attack.</s> </p>
    <p id="5"><s id="5">&quot;General Hassan Turkmani, currently assistant to the Syrian vice president, has died from wounds he sustained as a result of the blast,&quot; the Syrian Observatory for Human Rights said, citing sources in Damascus.</s> </p>
    <p id="6"><s id="6">He was the third official to be killed on Wednesday, in an operation claimed by the rebel Free Syrian Army (FSA).</s> </p>
    <p id="7"><s id="7">The attack was carried out by a bodyguard wearing an explosive belt which he detonated in the room where the top-level meeting was being held, a security source said.</s> </p>
    <p id="8"><s id="8">Defence Minister General Daoud Rajha and Assad's brother-in-law Assef Shawkat were killed and Interior Minister Mohammed al-Shaar and General Hisham Ikhtiyar, head of National Security, wounded, state television said.</s> </p>
    <p id="9"><s id="9">The FSA command announced &quot;the good news of the outstanding operation this morning that targeted the National Security headquarters and the killing&quot; of the officials &quot;responsible for barbaric massacres.&quot;</s> </p>
    <p id="10"><s id="10">Officials said a suicide bomber struck as ministers and security officials were meeting at the heavily guarded site, but the FSA did not say how the officials were killed.</s> </p>
    <p id="11"><s id="11">ram/hc/bpz</s> </p>
  </content>
</article>
