<article>
  <headers>
    <dct>20160805T153659Z</dct>
    <title>Gunmen kill 12 in attack on market in northeast India</title>
    <dateline>Guwahati, India, Aug 5, 2016 (AFP) -</dateline>
    <credit>Agence France-Presse (AFP)</credit>
    <origin country="IND" city="Guwahati" />
    <keywords>
      <keyword>politics</keyword>
      <keyword>unrest</keyword>
      <keyword>India</keyword>
    </keywords>
    <categories>
      <iptc>16000000</iptc>
      <iptc>11000000</iptc>
      <iptc>16003000</iptc>
    </categories>
  </headers>
  <content>
    <p id="1"><s id="1">Gunmen on Friday opened fire on a busy market in a restive area of northeast India, killing 12 people and wounding several others, police said.</s> </p>
    <p id="2"><s id="2">Authorities in Assam state where the attack took place blamed the outlawed National Democratic Front of Bodoland (NDFB), which waged a violent decades-long campaign for an independent homeland for the indigenous Bodo people.</s> </p>
    <p id="3"><s id="3">Police said there were around six gunmen, one of whom was killed after the attack by security forces.</s> </p>
    <p id="4"><s id="4">&quot;The attack was carried out by the Songbijit faction of the outlawed National Democratic Front of Bodoland (NDFB),&quot; Assam police chief Mukesh Sahay told AFP.</s> </p>
    <p id="5"><s id="5">&quot;There could be five to six militants involved in the attack.</s> <s id="6">We are trying to zero in on the remaining militants after our forces were able to neutralise one.&quot;</s> </p>
    <p id="6"><s id="7">He said the attackers also used a grenade, setting off a fire at a building in the marketplace which was packed with shoppers.</s> </p>
    <p id="7"><s id="8">The Press Trust of India (PTI) news agency put the death toll at 14, citing an unnamed police official as saying two others died on their way to the hospital.</s> </p>
    <p id="8"><s id="9">The state government said police and paramilitary reinforcements had been rushed to the scene in Balajan, around 220 kilometres (140 miles) west of Assam's main city of Guwahati and near the border with Bhutan.</s> </p>
    <p id="9"><s id="10">Assam's newly elected Chief Minister Sarbananda Sonowal condemned the killings and pledged strong action against the perpetrators.</s> </p>
    <p id="10"><s id="11">&quot;We will not tolerate any threat from any group.</s> <s id="12">The government will not bow to any pressure while tackling terrorist groups,&quot; Sonowal told reporters.</s> </p>
    <p id="11"><s id="13">His government has pledged 500,000 rupees ($7,488) in compensation to the families of those killed and 100,000 rupees to those injured.</s> </p>
    <p id="12"><s id="14">Images from Friday's attack uploaded on social media showed the victims lying in pools of blood at a local morgue, many of whom were beyond recognition.</s> </p>
    <p id="13"><s id="15">Others showed corrugated iron roofs strewn around the bloodied marketplace as charred scooters and cycles lay in mangled heaps while security forces storm through the site.</s> </p>
    <p id="14"><s id="16">Witness Manik Debnath, a 30-year-old shopkeeper, told how some five gunmen, wearing army fatigues and with covered faces, arrived in a van and began firing indiscriminately for about 15 to 20 minutes.</s> </p>
    <p id="15"><s id="17">&quot;A grenade was also lobbed by the militants which set on fire eight shops and screaming people began to run helter-skelter in a bid to escape,&quot; Debnath was quoted as saying by PTI.</s> </p>
    <p id="16"></p>
    <p id="17"></p>
    <p id="18"><s id="18">Prime Minister Narendra Modi expressed his grief at the loss of life on Twitter.</s> </p>
    <p id="19"><s id="19">&quot;Saddened by the attack in Kokrajhar.</s> <s id="20">We strongly condemn it.</s> <s id="21">Thoughts &amp; prayers with the bereaved families &amp; those injured,&quot; Modi said, adding the home ministry was closely monitoring the situation.</s> </p>
    <p id="20"><s id="22">Northeast India, which is linked to the rest of the country by a narrow land bridge, has seen decades of unrest among ethnic and separatist groups.</s> </p>
    <p id="21"><s id="23">The region is home to dozens of tribal groups and small guerrilla armies that resist rule from New Delhi.</s> </p>
    <p id="22"><s id="24">Many are fighting for separate homelands for their tribes, and they often compete against each other.</s> </p>
    <p id="23"><s id="25">Experts say the region's isolation from the rest of the country is economic and political as well as geographical.</s> </p>
    <p id="24"><s id="26">Assam has been relatively peaceful in recent years, but tensions between the Bodo and other communities in the area persist, particularly over land rights.</s> </p>
    <p id="25"><s id="27">Bodo guerrillas have in recent years launched ferocious attacks on both Muslim settlers and other tribal communities in the tea-growing state of Assam.</s> </p>
    <p id="26"><s id="28">In 2014 thousands of people fled their homes in Assam after a series of coordinated attacks by armed rebels left at least 69 people dead, 18 of them children.</s> </p>
    <p id="27"><s id="29">Two years earlier, ethnic clashes in the same area claimed about 100 lives and displaced more than 400,000 people.</s> </p>
    <p id="28"><s id="30">&quot;It is very unfortunate because peace had actually returned to entire Bodoland area in Assam,&quot; said junior home minister Kiren Rijiju after the latest incident.</s> </p>
    <p id="29"><s id="31">&quot;We have to ascertain that who are exactly the people behind this dastardly act, it is very unfortunate so many people lost their lives.&quot;</s> </p>
    <p id="30"><s id="32">str-cc-anb/ds</s> </p>
  </content>
</article>
