<article>
  <headers>
    <dct>20161219T231420Z</dct>
    <title>Nine killed as lorry ploughs into Berlin Xmas market</title>
    <dateline>Berlin, Dec 19, 2016 (AFP) -</dateline>
    <credit>Agence France-Presse (AFP)</credit>
    <origin country="DEU" city="Berlin" />
    <keywords>
      <keyword>market</keyword>
      <keyword>attack</keyword>
      <keyword>Germany</keyword>
    </keywords>
    <categories>
      <iptc>02003000</iptc>
      <iptc>12014001</iptc>
      <iptc>02001000</iptc>
      <iptc>12014000</iptc>
      <iptc>12000000</iptc>
      <iptc>02003001</iptc>
      <iptc>02000000</iptc>
      <iptc>12025000</iptc>
      <iptc infered="true">16001000</iptc>
    </categories>
  </headers>
  <content>
    <p id="1"><s id="1">A lorry ploughed into a busy Christmas market in central Berlin on Monday, killing at least nine people and hurting 50 more in what police said was a possible terror attack.</s> </p>
    <p id="2"><s id="2">Ambulances and heavily armed officers rushed to the area after the driver mounted the pavement of the market in a square popular with tourists, in scenes reminiscent of July's deadly truck attack in the French city of Nice.</s> </p>
    <p id="3"><s id="3">&quot;A man who was apparently driving the truck was detained,&quot; a police spokeswoman told AFP. &quot;The person riding in the vehicle is dead.&quot;</s> </p>
    <p id="4"><s id="4">As witnesses described scenes of panic and carnage, police said at least nine were killed and 50 others were injured -- four of them seriously -- in the incident which comes less than a week before Christmas.</s> </p>
    <p id="5"><s id="5">&quot;We are investigating whether it was a terror attack but do not yet know what was behind it,&quot; a police spokesman said.</s> </p>
    <p id="6"><s id="6">Authorities said there was no indication of &quot;further dangerous situations in the city near Breitscheidplatz&quot;, where the suspected attack took place.</s> </p>
    <p id="7"><s id="7">Police added they had no indications as yet to the nationality or age of the arrested man.</s> </p>
    <p id="8"><s id="8">Germany Chancellor Angela Merkel reacted quickly to the tragedy, with spokesman Steffen Seibert tweeting: &quot;We mourn the dead and hope that the many people injured can be helped&quot;.</s> </p>
    <p id="9"></p>
    <p id="10"></p>
    <p id="11"><s id="9">Traditional Christmas markets are popular in cities and towns throughout Germany and have frequently been mentioned by security services as potentially vulnerable to attacks.</s> </p>
    <p id="12"><s id="10">&quot;It's awful.</s> <s id="11">We were in Berlin for Christmas&quot;, said American tourist Kathy Forbes.</s> <s id="12">&quot;We also thought it would be safer than Paris.&quot;</s> </p>
    <p id="13"><s id="13">Australian Trisha O'Neill told the Australian Broadcasting Corporation she was only metres from where the truck smashed into the crowded market.</s> </p>
    <p id="14"><s id="14">&quot;I just saw this huge black truck speeding through the markets crushing so many people and then all the lights went out and everything was destroyed.</s> </p>
    <p id="15"><s id="15">&quot;I could hear screaming and then we all froze.</s> <s id="16">Then suddenly people started to move and lift all the wreckage off people, trying to help whoever was there.&quot;</s> </p>
    <p id="16"><s id="17">O'Neill added that there was &quot;blood and bodies everywhere&quot;.</s> </p>
    <p id="17"><s id="18">Europe has been on high alert for most of 2016, with terror attacks striking Paris and Brussels, while Germany has been hit by several assaults claimed by the Islamic State group and carried out by asylum-seekers.</s> </p>
    <p id="18"><s id="19">An axe rampage on a train in the southern state of Bavaria in July injured five people, and a suicide bombing wounded 15 people in the same state six days later.</s> </p>
    <p id="19"><s id="20">In another case, a 16-year-old German-Moroccan girl in February stabbed a police officer in the neck with a kitchen knife, wounding him badly, allegedly on IS orders.</s> </p>
    <p id="20"><s id="21">The arrival of 890,000 refugees last year has polarised Germany and misgivings run particularly deep in the ex-communist east, even more so since IS-linked attacks in July carried out by asylum-seekers.</s> </p>
    <p id="21"><s id="22">The attack in Berlin also comes five months after Tunisian extremist Mohamed Lahouaiej Bouhlel ploughed a 19-tonne truck into a crowd on the Nice seafront, killing 86 people.</s> </p>
    <p id="22"><s id="23">In response to the suspected attack in Berlin, French President Francois Hollande said, &quot;The French share in the mourning of the Germans in the face of this tragedy that has hit all of Europe.&quot;</s> </p>
    <p id="23"><s id="24">The Nice bloodshed -- as people were watching a fireworks display on the Bastille Day public holiday on July 14 -- further traumatised a France already reeling from a series of jihadist attacks.</s> </p>
    <p id="24"><s id="25">Six people have been charged so far over alleged links to the 31-year-old killer but investigators have yet to prove that any of them knew what he was planning.</s> </p>
    <p id="25"><s id="26">IS moved quickly after the attack to claim Bouhlel as one of its followers.</s> <s id="27">Investigators said he suffered from depression and appeared to have become radicalised very quickly.</s> </p>
    <p id="26"><s id="28">bur-dlc/jm/ric</s> </p>
    <p id="27"></p>
  </content>
</article>
