<article>
  <headers>
    <dct>20151030T235646Z</dct>
    <title>25 dead in Bucharest disco fire: interior ministry</title>
    <dateline>Bucharest, Oct 30, 2015 (AFP) -</dateline>
    <credit>Agence France-Presse (AFP)</credit>
    <origin country="ROU" city="Bucharest" />
    <keywords>
      <keyword>Romania</keyword>
      <keyword>disco</keyword>
      <keyword>fire</keyword>
    </keywords>
    <categories>
      <iptc>03004000</iptc>
      <iptc>03000000</iptc>
    </categories>
  </headers>
  <content>
    <p id="1"><s id="1">At least 25 people were killed after fire raged through a nightclub  in Bucharest late Friday, the Romanian interior ministry said.</s> </p>
    <p id="2"><s id="2">&quot;So far 88 people have been taken to hospital in the capital.</s> <s id="3">Twenty-five people are dead,&quot; the ministry said.</s> </p>
    <p id="3"><s id="4">ilp/mct/pvh/cw</s> </p>
  </content>
</article>
