<article>
  <headers>
    <dct>20120718T190915Z</dct>
    <title>One dead as north Lebanon celebrates Damascus blast</title>
    <dateline>TRIPOLI, Lebanon, July 18, 2012 (AFP) -</dateline>
    <credit>Agence France-Presse (AFP)</credit>
    <origin country="LBN" city="TRIPOLI" />
    <keywords>
      <keyword>Lebanon</keyword>
      <keyword>Syria</keyword>
      <keyword>conflict</keyword>
    </keywords>
    <categories>
      <iptc>16010000</iptc>
    </categories>
  </headers>
  <content>
    <p id="1"><s id="1">A child died on Wednesday as gunmen fired into the air at a mainly Alawite area in northern Lebanon after a Damascus bombing in which top regime figures died, a security source said.</s> </p>
    <p id="2"><s id="2">&quot;One child was killed&quot; when shots were fired from Bab al-Tebbaneh, a majority Sunni district of the port city, into Jabal Mohsen, the official told AFP on condition of anonymity.</s> </p>
    <p id="3"><s id="3">Gunmen in the majority Sunni town, the scene of frequent Syria-linked clashes, earlier fired into the air to celebrate the killing of three top security officials in the Damascus bomb attack.</s> </p>
    <p id="4"><s id="4">A total of eight people were wounded by gunfire in the Jabal Mohsen area and elsewhere in the city, including four Lebanese soldiers, the official said.</s> </p>
    <p id="5"><s id="5">On Wednesday evening, some 200 people -- Lebanese and Syrians -- took to the streets of the Abu Samra neighbourhood of Tripoli to celebrate the killing of the three officials, according to activists.</s> </p>
    <p id="6"><s id="6">&quot;You could feel most people in Tripoli were happy today, but as refugees we really hope there aren't any more clashes here as there have been in recent months,&quot; Mustafa Obeid, a Syrian refugee in Tripoli, told AFP.</s> </p>
    <p id="7"><s id="7">Most of Tripoli's Sunni population supports the revolt in Syria, while members of the Alawite community -- an offshoot of Shiite Islam to which Syrian President Bashar al-Assad belongs -- generally support the regime.</s> </p>
    <p id="8"><s id="8">The security official said &quot;the Lebanese army has reinforced its patrols on Syria Street,&quot; an informal frontline between Bab al-Tebbaneh and Jabal Mohsen districts when clashes break out.</s> </p>
    <p id="9"><s id="9">ser/al</s> </p>
  </content>
</article>
