<article>
  <headers>
    <dct>20160221T105426Z</dct>
    <title>Seven killed in Michigan shooting rampage, suspect arrested</title>
    <dateline>Chicago, Feb 21, 2016 (AFP) -</dateline>
    <credit>Agence France-Presse (AFP)</credit>
    <origin country="USA" city="Chicago" />
    <keywords>
      <keyword>shooting</keyword>
      <keyword>crime</keyword>
      <keyword>US</keyword>
    </keywords>
    <categories>
      <iptc>02001000</iptc>
      <iptc>02001001</iptc>
      <iptc>02000000</iptc>
      <iptc infered="true">15051000</iptc>
    </categories>
  </headers>
  <content>
    <p id="1"><s id="1">A man suspected of randomly opening fire in a Michigan town and shooting dead at least seven people, including a teenager, was arrested Sunday, US police said.</s> </p>
    <p id="2"><s id="2">The suspect was apprehended at 12:40 am on Sunday (0540 GMT) after a shooting rampage Saturday in the town of Kalamazoo, police said.</s> </p>
    <p id="3"><s id="3">&quot;We believe we have our suspect in custody,&quot; Lieutenant Dave Hines told a press conference.</s> </p>
    <p id="4"><s id="4">Hines said that there were three separate shootings - one outside an apartment complex, another outside a car dealership, and the third at a chain restaurant.</s> </p>
    <p id="5"><s id="5">Chief Jeff Hadley of the Kalamazoo Department of Public Safety later described the man arrested as a &quot;strong suspect,&quot; and told local media that the danger had passed.</s> </p>
    <p id="6"><s id="6">The gunman's motives were as yet unclear, police said.</s> </p>
    <p id="7"><s id="7">Several police agencies were involved in the case, and the death toll and profiles of those killed changed as details emerged.</s> </p>
    <p id="8"><s id="8">Kalamazoo County Undersheriff Paul Matyas told CNN that seven people had been killed in the random shooting, while another person was wounded.</s> <s id="9">Earlier police reports had put the death toll at between five and six.</s> </p>
    <p id="9"><s id="10">All three shooting incidents appear to be related, Matyas said.</s> </p>
    <p id="10"><s id="11">&quot;This is your worst nightmare, when you have somebody just driving around randomly killing people,&quot; Matyas told the local CNN affiliate 24 Hours News 8.</s> </p>
    <p id="11"><s id="12">One of the five people shot at the restaurant was a teenage girl -- not a child as initially reported -- while a father and son were among the dead at the car dealership.</s> </p>
    <p id="12"><s id="13">The suspect was armed when he was arrested at a traffic stop, but surrendered peacefully, Matyas said.</s> </p>
    <p id="13"><s id="14">The suspect was described as a white male in his late 50s, who drove a blue station wagon.</s> </p>
    <p id="14"><s id="15">Kalamazoo, in the northern state of Michigan, is located some 190 kilometers (160 miles) west of the industrial city of Detroit and has a population of 76,000, according to census figures.</s> </p>
    <p id="15"><s id="16">The Kalamazoo shootings follow a pattern of mass shootings in the United States that include the December 2 massacre in San Bernardino, California that left 14 people dead and 22 wounded, and the December 14, 2012 Sandy Hook school massacre in which 20 children and six adults were shot dead.</s> </p>
    <p id="16"><s id="17">Gun violence kills about 30,000 Americans every year and mass shootings -- rare in most countries -- have been on the rise in the United States.</s> </p>
    <p id="17"><s id="18">According to the tracking website gunviolencearchive.org,</s> <s id="19">there were 330 mass shootings in the United States in 2015, up from 281 in 2014.</s> <s id="20">They affected nearly every part of the country, reaching into both big cities and small towns.</s> </p>
    <p id="18"><s id="21">ch/cb</s> </p>
  </content>
</article>
