<article>
  <headers>
    <dct>20110302T110207Z</dct>
    <title>French jet fighter crashes, crew missing</title>
    <dateline>GUERET, France, March 2, 2011 (AFP) -</dateline>
    <credit>Agence France-Presse (AFP)</credit>
    <origin country="FRA" city="GUERET" />
    <keywords>
      <keyword>defence</keyword>
      <keyword>air</keyword>
      <keyword>France</keyword>
      <keyword>accident</keyword>
    </keywords>
    <categories>
      <iptc>03010003</iptc>
      <iptc>11001000</iptc>
    </categories>
  </headers>
  <content>
    <p id="1"><s id="1">A French air force Mirage 2000 jet fighter crashed in the central French countryside overnight and its pilot and navigator are missing, officials said Wednesday.</s> </p>
    <p id="2"><s id="2">According to the military press centre, the plane dropped off radar 9.20pm local time (2020 GMT) on Tuesday, triggering a large-scale search and rescue effort.</s> </p>
    <p id="3"><s id="3">The wreck of the jet was found on Wednesday in the Creuse region of central France, the regional state prefect Claude Serra told AFP.</s> </p>
    <p id="4"><s id="4">&quot;The crew have given no sign of life since last night.</s> <s id="5">No locator beacon signal has been detected,&quot; he said, after his office said wreckage had been found near the village of Saint-Oradoux-pres-Crocq.</s> </p>
    <p id="5"><s id="6">He said that the jet hit the ground near a small lake so hard that it created a massive crater that quickly filled with water, complicating the search for any sign of the pilots.</s> </p>
    <p id="6"><s id="7">The armed forces said that a helicopter had been dispatched to the scene.</s> </p>
    <p id="7"><s id="8">There was no immediate word on the cause of the crash, but an air force spokesman said that the jet had been conducting an extremely low level training flight at night in dense fog.</s> </p>
    <p id="8"><s id="9">The Mirage 2000 is a multirole jet fighter and mainstay of the French air force, which has more than 300 deployed and is one of nine countries to use it.</s> <s id="10">It first flew in the late 1970s and entered service in 1982.</s> </p>
    <p id="9"><s id="11">dsa/dc/cjo/jj</s> </p>
  </content>
</article>
