<article>
  <headers>
    <dct>20130712T183915Z</dct>
    <title>'Several dead', dozens injured in train derailment near Paris: officials</title>
    <dateline>PARIS, France, July 12, 2013 (AFP) -</dateline>
    <credit>Agence France-Presse (AFP)</credit>
    <origin country="FRA" city="Paris" />
    <keywords>
      <keyword>rail</keyword>
      <keyword>transport</keyword>
      <keyword>France</keyword>
      <keyword>toll</keyword>
      <keyword>accident</keyword>
    </keywords>
    <categories>
      <iptc>03013000</iptc>
      <iptc>04015000</iptc>
      <iptc>04015002</iptc>
      <iptc>04000000</iptc>
      <iptc>03010000</iptc>
      <iptc>03000000</iptc>
      <iptc>03010002</iptc>
    </categories>
  </headers>
  <content>
    <p id="1"><s id="1">Emergency workers said Friday that several people were killed and dozens injured following a train derailment in the Paris suburb of Bretigny-sur-Orge.</s> </p>
    <p id="2"><s id="2">&quot;There are several dead,&quot; a senior emergency worker told AFP, while another source in emergency services said there were &quot;several dozen wounded&quot;.</s> </p>
    <p id="3"><s id="3">ng/mm/boc</s> </p>
    <p id="4"></p>
  </content>
</article>
