<article>
  <headers>
    <dct>20160221T145135Z</dct>
    <title>Six killed in Michigan shooting rampage, suspect arrested</title>
    <dateline>Chicago, Feb 21, 2016 (AFP) -</dateline>
    <credit>Agence France-Presse (AFP)</credit>
    <origin country="USA" city="Chicago" />
    <keywords>
      <keyword>shooting</keyword>
      <keyword>crime</keyword>
      <keyword>US</keyword>
    </keywords>
    <categories>
      <iptc>02001000</iptc>
      <iptc>02001001</iptc>
      <iptc>02000000</iptc>
      <iptc infered="true">15051000</iptc>
    </categories>
  </headers>
  <content>
    <p id="1"><s id="1">A gunman killed six people in a shooting spree in the northern US state of Michigan,  police said Sunday, after arresting an armed 45-year-old white male for the crime.</s> </p>
    <p id="2"><s id="2">Officials corrected an earlier report of seven dead, stating that one of the victims was alive but seriously injured.</s> </p>
    <p id="3"><s id="3">The suspect was apprehended at 12:40 am on Sunday (0540 GMT) after the shooting rampage Saturday night in the city of Kalamazoo, police said.</s> </p>
    <p id="4"><s id="4">Michigan state trooper Lieutenant Dave Hines told a post-midnight press conference that there were three separate shootings -- one outside an apartment complex, another outside a car dealership, and the third at a chain restaurant.</s> </p>
    <p id="5"><s id="5">&quot;What it looks like is we have somebody driving around, finding people and shooting them dead in their tracks,&quot; Kalamazoo County Undersheriff Paul Matyas told the local CNN affiliate 24 Hours News 8.</s> </p>
    <p id="6"><s id="6">&quot;This is your worst nightmare, when you have somebody just driving around randomly killing people,&quot; he added.</s> </p>
    <p id="7"><s id="7">At a later press conference at sunrise Kalamazoo County prosecutor Jeff Getting identified the white male suspect as Jason Brian Dalton, 45, and said that he will face murder charges in court on Monday.</s> </p>
    <p id="8"><s id="8">Getting said Dalton is accused of shooting eight people, six of whom died.</s> <s id="9">Earlier reports of the death of seventh victim, a teenage girl, were incorrect, Getting said, though he did say that the teen was &quot;gravely injured.&quot;</s> </p>
    <p id="9"><s id="10">The gunman's motives were unclear, officials said.</s> </p>
    <p id="10"><s id="11">Several police agencies were involved in the case, and the death toll and profiles of those killed changed as the hours went by and details emerged.</s> </p>
    <p id="11"><s id="12">The suspect was armed when he was arrested at a traffic stop, but surrendered peacefully, Matyas said.</s> </p>
    <p id="12"><s id="13">Kalamazoo, in the northern state of Michigan, is located some 190 kilometers (160 miles) west of the industrial city of Detroit and has a population of 76,000, according to census figures.</s> </p>
    <p id="13"><s id="14">The Kalamazoo killings follow a pattern of mass shootings in the United States that include the December 2 massacre in San Bernardino, California that left 14 people dead and 22 wounded, and the December 14, 2012 Sandy Hook school massacre in which 20 children and six adults were shot dead.</s> </p>
    <p id="14"><s id="15">Gun violence kills about 30,000 Americans every year and mass shootings -- rare in most countries -- have been on the rise in the United States.</s> </p>
    <p id="15"><s id="16">According to the tracking website gunviolencearchive.org,</s> <s id="17">there were 330 mass shootings in the United States in 2015, up from 281 in 2014.</s> <s id="18">They affected nearly every part of the country, reaching into both big cities and small towns.</s> </p>
    <p id="16"><s id="19">ch/jm</s> </p>
  </content>
</article>
