<article>
  <headers>
    <dct>20160825T005411Z</dct>
    <title>Italy quake toll climbs to at least 159: official</title>
    <dateline>Rome, Aug 24, 2016 (AFP) -</dateline>
    <credit>Agence France-Presse (AFP)</credit>
    <origin country="ITA" city="Rome" />
    <keywords>
      <keyword>agency</keyword>
      <keyword>quake</keyword>
      <keyword>Italy</keyword>
      <keyword>toll</keyword>
    </keywords>
    <categories>
      <iptc>03015001</iptc>
      <iptc>03002000</iptc>
      <iptc>03000000</iptc>
    </categories>
  </headers>
  <content>
    <p id="1"><s id="1">The death toll from a powerful earthquake that struck a remote area of central Italy climbed to at least 159 late Wednesday, said the head of the country's civil protection agency, Fabrizio Curcio.</s> </p>
    <p id="2"><s id="2">Prime Minister Matteo Renzi had earlier given a toll of 120 dead and 368 injured.</s> <s id="3">Rescuers were working through the night to pull survivors from the rubble and &quot;won't slow down&quot;, Curcio told public broadcaster Rai.</s> </p>
    <p id="3"><s id="4">ob-gde/mfp/kb</s> </p>
    <p id="4"></p>
    <p id="5"></p>
  </content>
</article>
