<article>
  <headers>
    <dct>20160714T233408Z</dct>
    <title>Vehicle ploughs into crowd in Nice in apparent attack, several hurt: officials</title>
    <dateline>Nice, France, July 14, 2016 (AFP) -</dateline>
    <credit>Agence France-Presse (AFP)</credit>
    <origin country="FRA" city="Nice" />
    <keywords>
      <keyword>police</keyword>
      <keyword>France</keyword>
      <keyword>incident</keyword>
    </keywords>
    <categories>
      <iptc>03014000</iptc>
      <iptc>03000000</iptc>
      <iptc infered="true">02003000</iptc>
    </categories>
  </headers>
  <content>
    <p id="1"><s id="1">A van ploughed into a crowd leaving a fireworks display in the French Riviera town of Nice on Thursday, injuring several people and sparking panic, in what local officials said could be an attack.</s> </p>
    <p id="2"><s id="2">Police and ambulances went to the scene and authorities from the local Alpes-Maritimes prefecture urged residents to stay indoors.</s> </p>
    <p id="3"><s id="3">An AFP reporter described seeing a white van driving at high speed onto the famed Promenade des Anglais as people were leaving after the annual Bastille Day celebration display.</s> </p>
    <p id="4"><s id="4">&quot;We saw people hit and bits of debris flying around,&quot; he said.</s> </p>
    <p id="5"><s id="5">vxm-rh/mfp/har</s> </p>
    <p id="6"></p>
    <p id="7"></p>
  </content>
</article>
