<article>
  <headers>
    <dct>20150827T012702Z</dct>
    <title>Two US journalists shot dead on live TV</title>
    <dateline>Roanoke, United States, Aug 26, 2015 (AFP) -</dateline>
    <credit>Agence France-Presse (AFP)</credit>
    <origin country="USA" city="Roanoke" />
    <keywords>
      <keyword>shooting</keyword>
      <keyword>crime</keyword>
      <keyword>media</keyword>
      <keyword>US</keyword>
    </keywords>
    <categories>
      <iptc>02001000</iptc>
      <iptc>02000000</iptc>
      <iptc>01026000</iptc>
      <iptc>01000000</iptc>
      <iptc infered="true">15051000</iptc>
    </categories>
  </headers>
  <content>
    <p id="1"><s id="1">A former reporter fired by a Virginia television station shot dead two of its journalists during a live broadcast Wednesday and posted chilling footage of the crime online before fatally shooting himself.</s> </p>
    <p id="2"><s id="2">The gunman -- Vester Lee Flanagan, 41, also known as Bryce Williams -- died in a hospital from a self-inflicted gunshot wound after being taken into custody by state police following an intense morning manhunt across the state.</s> </p>
    <p id="3"><s id="3">Reporter Alison Parker, 24, and cameraman Adam Ward, 27, were fatally shot at close range while conducting an on-air interview for WDBJ, a CBS affiliate in Roanoke, about 240 miles (385 kilometers) southwest of Washington.</s> </p>
    <p id="4"><s id="4">The killings once again highlighted gun violence in America -- prompting a quick White House call for action -- and also raised questions about how the Internet provided a brief but unfiltered window on a horrific crime.</s> </p>
    <p id="5"><s id="5">&quot;It breaks my heart every time you read or hear about these kinds of incidents,&quot; President Barack Obama told an ABC affiliate in Philadelphia.</s> </p>
    <p id="6"><s id="6">In a rambling manifesto sent to ABC News in New York, Flanagan -- an African American sacked in 2013 by WDBJ -- said he was sent over the edge by the June mass shooting of black worshippers at a church in South Carolina.</s> </p>
    <p id="7"><s id="7">Describing himself as a &quot;human powder keg... just waiting to go BOOM!!!!,&quot; Flanagan also complained in what he called a &quot;Suicide Note for Friends and Family&quot; of racial discrimination and bullying &quot;for being a gay, black man.&quot;</s> </p>
    <p id="8"><s id="8">The disturbing video of the deadly on-air shooting -- apparently filmed by Flanagan himself -- was posted on Twitter and Facebook.</s> <s id="9">The footage, seen by AFP, was later taken down.</s> </p>
    <p id="9"><s id="10">&quot;You send people into war zones and into dangerous situations, into riots, and you worry that they're going to get hurt,&quot; WDBJ general manager Jeffrey Marks told CNN.</s> </p>
    <p id="10"><s id="11">&quot;You send somebody out to do a story on tourism, and this -- how can you ever expect something like this to happen?&quot;</s> </p>
    <p id="11"></p>
    <p id="12"></p>
    <p id="13"><s id="12">Parker was talking to Vicki Gardner, head of the Smith Mountain Lake Chamber of Commerce, at the lakeside Bridgewater Resort in the town of Moneta near Roanoke when the attack occurred.</s> </p>
    <p id="14"><s id="13">Several shots were heard, as well as screams, as Ward's camera fell to the floor, capturing a fuzzy and chilling glimpse of the gunman pointing his weapon at the ground.</s> </p>
    <p id="15"><s id="14">The station then hastily cut away to a startled anchorwoman back in the studio.</s> </p>
    <p id="16"><s id="15">Later, a video posted under the Twitter account @bryce_williams7, showed the shooter brandishing a weapon at Parker, who was interviewing Gardner.</s> <s id="16">Both she and Ward apparently did not see the shooter.</s> </p>
    <p id="17"><s id="17">Multiple shots are then heard, and screams.</s> <s id="18">Parker runs away.</s> </p>
    <p id="18"><s id="19">The shooter's hand is clearly visible.</s> <s id="20">He appears to be wearing a blue checkered shirt.</s> </p>
    <p id="19"><s id="21">Gardner, 62, was in stable condition, according to Chris Turnbull, a spokesman for the hospital in Roanoke where she was being treated.</s> </p>
    <p id="20"></p>
    <p id="21"></p>
    <p id="22"><s id="22">ABC News said it received a 23-page manifesto from a man identifying himself as Bryce Williams nearly two hours after the shooting.</s> <s id="23">A man later called the network and said he had shot two people.</s> </p>
    <p id="23"><s id="24">He said authorities were &quot;after me&quot; and &quot;all over the place&quot; before hanging up, ABC said.</s> </p>
    <p id="24"><s id="25">&quot;The church shooting was the tipping point... but my anger has been building steadily... I've been a human powder keg for a while... just waiting to go BOOM!!!!&quot; the statement said.</s> </p>
    <p id="25"><s id="26">&quot;Yes, it will sound like I am angry...</s> <s id="27">I am.</s> <s id="28">And I have every right to be.</s> <s id="29">But when I leave this Earth, the only emotion I want to feel is peace...&quot; it said.</s> </p>
    <p id="26"><s id="30">Marks, the station manager, said Flanagan was dismissed &quot;after many incidents of his anger coming to the fore.&quot;</s> </p>
    <p id="27"><s id="31">Parker's boyfriend, WDBJ anchor Chris Hurst, said on Twitter that he was &quot;numb.&quot;</s> </p>
    <p id="28"><s id="32">&quot;We were together almost nine months.</s> <s id="33">It was the best nine months of our lives.</s> <s id="34">We wanted to get married.&quot;</s> </p>
    <p id="29"><s id="35">The cameraman's fiancee, Melissa Ott, a producer at the TV station, was in the control room when the shooting occurred and watched it unfold, Marks told CNN.</s> </p>
    <p id="30"><s id="36">Ott was working her last day at WDBJ before moving on to another station in another city, and looking forward to a farewell party with her colleagues.</s> </p>
    <p id="31"><s id="37">&quot;This was going to be a day of celebration for her time here and wishing her good luck,&quot; Marks said, adding staff were very emotional and planning a memorial gathering.</s> </p>
    <p id="32"></p>
    <p id="33"></p>
    <p id="34"><s id="38">The shooting, which took place not far from the scene of the Virginia Tech University mass killing in April 2007, launched a fresh round of hand-wringing about gun control in America.</s> </p>
    <p id="35"><s id="39">Obama, who has talked openly about his frustration at not making headway in gun-control laws, said: &quot;What we know is that the number of people who die from gun-related incidents around this country dwarfs any deaths that happen through terrorism.&quot;</s> </p>
    <p id="36"><s id="40">Even in the face of mass shootings, US lawmakers have been hesitant to enact tougher limitation on access to arms, in part because they are loath to anger constituents who fiercely defend their constitutional right to bear arms.</s> </p>
    <p id="37"><s id="41">&quot;There are some common sense things that only Congress can do that we know would have a tangible impact,&quot; White House spokesman Josh Earnest told reporters.</s> </p>
    <p id="38"><s id="42">Democratic presidential candidate Hillary Clinton said she was &quot;heartbroken and angry.&quot;</s> </p>
    <p id="39"><s id="43">bur-rom-pst/sst</s> </p>
    <p id="40"></p>
  </content>
</article>
