<article>
  <headers>
    <dct>20160112T095001Z</dct>
    <title>Blast in Istanbul tourist hub, casualties: reports</title>
    <dateline>Istanbul, Jan 12, 2016 (AFP) -</dateline>
    <credit>Agence France-Presse (AFP)</credit>
    <origin country="TUR" city="Istanbul" />
    <keywords>
      <keyword>Turkey</keyword>
      <keyword>blast</keyword>
    </keywords>
    <categories>
      <iptc>16000000</iptc>
      <iptc>16003000</iptc>
      <iptc>02000000</iptc>
      <iptc infered="true">03014000</iptc>
    </categories>
  </headers>
  <content>
    <p id="1"><s id="1">An explosion of unknown origin occurred Tuesday in the historic centre of Turkey's largest city Istanbul, causing casualties, reports said.</s> </p>
    <p id="2"><s id="2">Ambulances and police were despatched to Sultanahmet, the city's main tourist hub, after a slew of deadly attacks across Turkey in past months that has left the city on edge, television reports said.</s> </p>
    <p id="3"><s id="3">sjw/ri</s> </p>
  </content>
</article>
