<article>
  <headers>
    <dct>20160805T125218Z</dct>
    <title>Gunmen kill 12 in attack on market in northeast India</title>
    <dateline>Guwahati, India, Aug 5, 2016 (AFP) -</dateline>
    <credit>Agence France-Presse (AFP)</credit>
    <origin country="IND" city="Guwahati" />
    <keywords>
      <keyword>politics</keyword>
      <keyword>unrest</keyword>
      <keyword>India</keyword>
    </keywords>
    <categories>
      <iptc>16000000</iptc>
      <iptc>11000000</iptc>
      <iptc>16003000</iptc>
    </categories>
  </headers>
  <content>
    <p id="1"><s id="1">Gunmen on Friday opened fire on a busy market in a restive area of northeast India, killing 12 people and wounding several others, police said.</s> </p>
    <p id="2"><s id="2">Authorities in Assam state where the attack took place blamed the outlawed National Democratic Front of Bodoland (NDFB), which waged a violent decades-long campaign for an independent homeland for the indigenous Bodo people.</s> </p>
    <p id="3"><s id="3">Police said there were around six gunmen, one of whom was killed after the attack by security forces.</s> </p>
    <p id="4"><s id="4">&quot;The attack was carried out by the Songbijit faction of the outlawed National Democratic Front of Bodoland (NDFB),&quot; Assam police chief Mukesh Sahay told AFP.</s> </p>
    <p id="5"><s id="5">&quot;There could be five to six militants involved in the attack.</s> <s id="6">We are trying to zero in on the remaining militants after our forces were able to neutralise one.&quot;</s> </p>
    <p id="6"><s id="7">He said the attackers also used a grenade, setting off a fire at a building in the marketplace which was packed with shoppers.</s> </p>
    <p id="7"><s id="8">The state government said police and paramilitary reinforcements had been rushed to the scene in Balajan, around 220 kilometres (140 miles) west of Assam's main city of Guwahati and near the border with Bhutan.</s> </p>
    <p id="8"><s id="9">Assam's recently elected Chief Minister Sarbananda Sonowal condemned the killings and pledged strong action against the perpetrators.</s> </p>
    <p id="9"><s id="10">Northeast India, linked to the rest of the country by a narrow land bridge, has seen decades of unrest among ethnic and separatist groups.</s> </p>
    <p id="10"><s id="11">The region is home to dozens of tribal groups and small guerrilla armies that resist rule from New Delhi.</s> </p>
    <p id="11"><s id="12">Many are fighting for separate homelands for their tribes, and they often compete against each other.</s> </p>
    <p id="12"><s id="13">Experts say the region's isolation from the rest of the country is economic and political as well as geographical.</s> </p>
    <p id="13"><s id="14">Assam has been relatively peaceful in recent years, but tensions between the Bodo and other communities in the area persist, particularly over land rights.</s> </p>
    <p id="14"><s id="15">Bodo guerrillas have in recent years launched ferocious attacks on both Muslim settlers and other tribal communities in the tea-growing state of Assam.</s> </p>
    <p id="15"><s id="16">In 2014 thousands of people fled their homes in Assam after a series of coordinated attacks by armed rebels that left at least 69 people dead, 18 of them children.</s> </p>
    <p id="16"><s id="17">Two years earlier, ethnic clashes in the same area claimed about 100 lives and displaced more than 400,000 people.</s> </p>
    <p id="17"><s id="18">&quot;It is very unfortunate because peace had actually returned to entire Bodoland area in Assam,&quot; said junior home minister Kiren Rijiju after the latest incident.</s> </p>
    <p id="18"><s id="19">&quot;We have to ascertain that who are exactly the people behind this dastardly act, it is very unfortunate so many people lost their lives.&quot;</s> </p>
    <p id="19"><s id="20">str-cc/ceb</s> </p>
  </content>
</article>
