<article>
  <headers>
    <dct>20151112T174936Z</dct>
    <title>'Eight dead in suicide bombings' in Beirut Hezbollah bastion</title>
    <dateline>Beirut, Nov 12, 2015 (AFP) -</dateline>
    <credit>Agence France-Presse (AFP)</credit>
    <origin country="LBN" city="Beirut" />
    <keywords>
      <keyword>Lebanon</keyword>
      <keyword>unrest</keyword>
      <keyword>blast</keyword>
    </keywords>
    <categories>
      <iptc>16000000</iptc>
      <iptc>16001000</iptc>
      <iptc infered="true">03014000</iptc>
    </categories>
  </headers>
  <content>
    <p id="1"><s id="1">At least eight people have been killed and many wounded after twin suicide bombings rocked a stronghold of Lebanon's Shiite Hezbollah movement in south Beirut, officials said.</s> </p>
    <p id="2"><s id="2">Police said two men on foot set off suicide vests in front of a shopping centre in Bourj al-Barajneh, in the southern suburbs of the capital.</s> </p>
    <p id="3"><s id="3">&quot;The preliminary toll is eight dead and a large number of wounded,&quot; a Red Cross spokesman told AFP.</s> </p>
    <p id="4"><s id="4">rh/sk/mm/al</s> </p>
    <p id="5"></p>
  </content>
</article>
