<article>
  <headers>
    <dct>20160313T191936Z</dct>
    <title>27 killed, 75 wounded in Ankara car bombing: local administration</title>
    <dateline>Ankara, March 13, 2016 (AFP) -</dateline>
    <credit>Agence France-Presse (AFP)</credit>
    <origin country="TUR" city="Ankara" />
    <keywords>
      <keyword>Turkey</keyword>
      <keyword>toll</keyword>
      <keyword>blast</keyword>
    </keywords>
    <categories>
      <iptc>16000000</iptc>
      <iptc>16001000</iptc>
      <iptc>16005002</iptc>
      <iptc infered="true">03014000</iptc>
    </categories>
  </headers>
  <content>
    <p id="1"><s id="1">A car bombing in a busy square in central Ankara on Sunday killed at least 27 people and wounded 75 others, the provincial governor's office said.</s> </p>
    <p id="2"><s id="2">&quot;The blast was caused by a vehicle packed with explosives close to Kizilay square,&quot; an official statement said.</s> <s id="3">The square is a key commercial and transport hub close to the city's embassy area.</s> </p>
    <p id="3"><s id="4">ba/pdw/txw</s> </p>
  </content>
</article>
