<article>
  <headers>
    <dct>20151202T220951Z</dct>
    <title>Mass shooting in California, reports of 20 victims</title>
    <dateline>San Bernardino, United States, Dec 2, 2015 (AFP) -</dateline>
    <credit>Agence France-Presse (AFP)</credit>
    <origin country="USA" city="San Bernardino" />
    <keywords>
      <keyword>shooting</keyword>
      <keyword>crime</keyword>
      <keyword>US</keyword>
    </keywords>
    <categories>
      <iptc>03013000</iptc>
      <iptc>02001000</iptc>
      <iptc>03000000</iptc>
      <iptc>02000000</iptc>
      <iptc infered="true">15051000</iptc>
    </categories>
  </headers>
  <content>
    <p id="1"><s id="1">One or more gunman opened fire inside a building in San Bernardino in California, with reports of 20 victims at a center that provides services for the disabled.</s> </p>
    <p id="2"><s id="2">Police were still hunting for the shooter, saying one to three possible suspects were involved.</s> </p>
    <p id="3"><s id="3">Heavily armed SWAT teams, firefighters and ambulances swarmed the scene, located about an hour east of Los Angeles, as police warned residents away.</s> </p>
    <p id="4"><s id="4">&quot;Area remains VERY ACTIVE.</s> <s id="5">AVOID!&quot; tweeted the local sheriff department, which confirmed there were &quot;multiple victims.&quot;</s> </p>
    <p id="5"><s id="6">The city fire department said on Twitter that it was responding to &quot;reports of 20 victim shooting incident&quot; and was working to clear the scene.</s> </p>
    <p id="6"><s id="7">Witnesses quoted by local media, said the suspects were seen leaving the scene after the shooting in a black SUV and had left a package behind.</s> </p>
    <p id="7"><s id="8">&quot;It appears there is more than one shooter,&quot; Sergeant Vicki Cervantes of the San Bernardino Police told CNN.</s> </p>
    <p id="8"><s id="9">She said she could not confirm the SUV report, nor reports that the shooter or shooters were wearing military-style body armor.</s> </p>
    <p id="9"><s id="10">CBS Evening News said on Twitter that a bomb squad had been dispatched to the scene to &quot;immobilize what's believed to be explosive device&quot;.</s> </p>
    <p id="10"><s id="11">News reports said the shooting took place at Inland Regional Center, which assists people with developmental disabilities.</s> </p>
    <p id="11"><s id="12">Television footage showed dozens of people coming out of a building with their hands raised and walking to a parking lot, ringed by heavily armed police.</s> </p>
    <p id="12"><s id="13">One man whose son works in the building where the shooting took place said he received text messages from his son who told him he saw three shooters enter the building.</s> </p>
    <p id="13"><s id="14">&quot;He said there were multiple wounded and fatalities,&quot; the man told the local television station KABC.</s> </p>
    <p id="14"><s id="15">A spokeswoman for Loma Linda University Medical Center said it was expecting an unknown number of patients from the shooting, according to CNN.</s> <s id="16">She said the extent of the anticipated patients' injuries is not clear.</s> </p>
    <p id="15"><s id="17">The White House said President Barack Obama had been &quot;briefed by his Homeland Security Advisor Lisa Monaco about the shooting and had asked to be updated on the situation as it develops.&quot;</s> </p>
    <p id="16"><s id="18">The Democratic presidential hopeful Hillary Clinton tweeted: &quot;I refuse to accept this as normal.</s> <s id="19">We must take action to stop gun violence now.&quot;</s> </p>
    <p id="17"><s id="20">The shooting took place near a golf course where an employee told AFP that staff had been told to stop all activities.</s> </p>
    <p id="18"><s id="21">The man, who did not want his name used, said the area houses office and industrial buildings.</s> <s id="22">He said there were also government offices in the area.</s> </p>
    <p id="19"><s id="23">Inland Regional Center -- the reported site of the shooting -- serves thousands of people with developmental disabilities in San Bernardino and Riverside counties, according to its Facebook page.</s> </p>
    <p id="20"><s id="24">The center has nearly 670 staff at its locations in the two counties providing services to more than 30,200 people.</s> </p>
    <p id="21"><s id="25">The shooting comes just days after a lone gunman killed three people during a standoff at a Planned Parenthood clinic in Colorado.</s> </p>
    <p id="22"><s id="26">It was certain to further stoke the bitter about gun control in the United States, where shootings are a part of daily life.</s> </p>
    <p id="23"><s id="27">jz/ec</s> </p>
  </content>
</article>
