<article>
  <headers>
    <dct>20150724T050854Z</dct>
    <title>Three killed, seven injured in Louisiana theater shooting: police</title>
    <dateline>Washington, July 24, 2015 (AFP) -</dateline>
    <credit>Agence France-Presse (AFP)</credit>
    <origin country="USA" city="Washington" />
    <keywords>
      <keyword>shooting</keyword>
      <keyword>toll</keyword>
      <keyword>US</keyword>
    </keywords>
    <categories>
      <iptc>02001000</iptc>
      <iptc>02000000</iptc>
      <iptc infered="true">15051000</iptc>
    </categories>
  </headers>
  <content>
    <p id="1"><s id="1">A gunman opened fire in a movie theater in the US state of Louisiana on Thursday, shooting dead two people before killing himself, police said.</s> </p>
    <p id="2"><s id="2">Seven other people were shot by the gunman, police said, describing the shooter as a &quot;white male in his 50s&quot;.</s> <s id="3">Local police said in press conference the shooter appeared to have died from a self-inflicted wound.</s> </p>
    <p id="3"><s id="4">The shooting took place at the Grand 16 theater in the city of Lafayette during a showing of the film &quot;Trainwreck,&quot; local media reported.</s> </p>
    <p id="4"><s id="5">sdo/st</s> </p>
    <p id="5"></p>
  </content>
</article>
