<article>
  <headers>
    <dct>20160616T181134Z</dct>
    <title>British MP attack: what we know so far</title>
    <dateline>London, June 16, 2016 (AFP) -</dateline>
    <credit>Agence France-Presse (AFP)</credit>
    <origin country="GBR" city="London" />
    <keywords>
      <keyword>politics</keyword>
      <keyword>shooting</keyword>
      <keyword>Britain</keyword>
      <keyword>Cox</keyword>
    </keywords>
    <categories>
      <iptc>02001000</iptc>
      <iptc>11000000</iptc>
      <iptc>02000000</iptc>
      <iptc infered="true">15051000</iptc>
    </categories>
  </headers>
  <content>
    <p id="1"><s id="1">British MP Jo Cox is in a serious condition in hospital after being attacked in the street in her constituency.</s> </p>
    <p id="2"><s id="2">This is what we know so far:</s> </p>
    <p id="3"></p>
    <p id="4"><s id="3">Cox, 41, is the member of parliament representing the constituency of Batley and Spen in West Yorkshire, northern England.</s> </p>
    <p id="5"><s id="4">On Twitter she has 10,400 followers and describes herself as: &quot;Mum.</s> <s id="5">Proud Yorkshire Lass.</s> <s id="6">Labour MP for Batley and Spen.</s> <s id="7">Boat dweller.</s> <s id="8">Mountain climber.</s> <s id="9">Former aid worker.&quot;</s> </p>
    <p id="6"><s id="10">She entered the House of Commons in the May 2015 general election, winning 43.2 percent of the vote.</s> </p>
    <p id="7"><s id="11">Cox co-chairs the newly-formed cross-party parliamentary group on Syria.</s> </p>
    <p id="8"><s id="12">She is also part of parliamentary groups working on Palestine, devolution, Pakistan, Kashmir and Yorkshire's economy.</s> </p>
    <p id="9"><s id="13">She was one of 36 of Labour's 232 MPs who nominated veteran socialist Jeremy Corbyn to become party leader last year.</s> </p>
    <p id="10"><s id="14">Like the vast majority of Labour MPs, she is campaigning for Britain to stay in the European Union in the June 23 referendum.</s> </p>
    <p id="11"></p>
    <p id="12"><s id="15">The attack took place in Birstall, a large village in her constituency.</s> <s id="16">It happened near the library, where she regularly holds meetings with her constituents.</s> </p>
    <p id="13"><s id="17">Police said they were called at 12:53 pm (1153 GMT) on Thursday to reports of an incident where a woman in her 40s had suffered serious injuries.</s> </p>
    <p id="14"><s id="18">A man in his late 40s to early 50s also suffered slight injuries.</s> </p>
    <p id="15"><s id="19">British newspapers reported that the MP had been shot, quoting locals, but this has not been confirmed by police.</s> </p>
    <p id="16"></p>
    <p id="17"><s id="20">Police said she was in a &quot;critical condition&quot;.</s> </p>
    <p id="18"><s id="21">Health Secretary Jeremy Hunt said staff at Leeds General Infirmary were &quot;doing everything possible&quot;.</s> </p>
    <p id="19"></p>
    <p id="20"><s id="22">Armed officers attended the scene and a 52-year-old man was arrested.</s> </p>
    <p id="21"></p>
    <p id="22"><s id="23">Cox is from the textile town of Batley, which has a large South Asian Muslim population.</s> </p>
    <p id="23"><s id="24">Her father Gordon worked in a toothpaste factory and her mother Jean was a school secretary.</s> </p>
    <p id="24"><s id="25">She graduated in 1995 from the University of Cambridge, where she first got interested in politics.</s> </p>
    <p id="25"><s id="26">She helped to launch the pro-European campaign organisation Britain in Europe, and spent two years with European Parliament member Glenys Kinnock in Brussels.</s> </p>
    <p id="26"><s id="27">She then spent a decade working for the aid agency Oxfam in New York, Brussels and war zones as the head of policy and of humanitarian campaigning.</s> </p>
    <p id="27"><s id="28">She was the national chair of Labour Women's Network for four years and worked with the Bill and Melinda Gates Foundation before standing for parliament.</s> </p>
    <p id="28"></p>
    <p id="29"><s id="29">Her husband is Brendan Cox, a former adviser to prime minister Gordon Brown on Africa and international development.</s> </p>
    <p id="30"><s id="30">He was formerly the chief executive of the Crisis Action organisation, which works to protect civilians from armed conflict.</s> </p>
    <p id="31"><s id="31">He was also the director of policy and advocacy at the Save the Children charity.</s> </p>
    <p id="32"><s id="32">The couple have two young children, Lejla and Cuillin.</s> </p>
    <p id="33"><s id="33">They live on a converted barge moored near Tower Bridge in London.</s> </p>
    <p id="34"></p>
    <p id="35"><s id="34">The EU referendum Remain camp has suspended all campaigning.</s> </p>
    <p id="36"><s id="35">The official Vote Leave campaign has withdrawn its battle bus.</s> </p>
    <p id="37"><s id="36">Conservative British Prime Minister David Cameron cancelled a pro-EU rally in Gibraltar.</s> </p>
    <p id="38"><s id="37">&quot;It's right that all campaigning has been stopped after the terrible attack on Jo Cox,&quot; he said.</s> </p>
    <p id="39"><s id="38">Labour leader Jeremy Corbyn said he was &quot;utterly shocked&quot;.</s> <s id="39">&quot;The thoughts of the whole Labour Party are with her and her family at this time.&quot;</s> </p>
    <p id="40"><s id="40">European Commission president Jean-Claude Juncker said he too was &quot;deeply shocked&quot; and was thinking of her husband and children.</s> <s id="41">His thoughts were echoed by Danish Prime Minister Lars Lokke Rasmussen.</s> </p>
    <p id="41"><s id="42">Archbishop of Canterbury Justin Welby said: &quot;Deeply shocked to hear about the attack on Jo Cox.</s> <s id="43">Heartfelt thoughts and prayers of all here are with Jo and her family and friends.&quot;</s> </p>
    <p id="42"></p>
    <p id="43"><s id="44">rjm/ar/har</s> </p>
    <p id="44"></p>
  </content>
</article>
