<article>
  <headers>
    <dct>20060527T085850Z</dct>
    <title>At least 1,971 dead in Indonesian quake: ministry ATTENTION - ADDS quotes ///</title>
    <origin country="IDN" city="YOGYAKARTA" />
    <keywords>
      <keyword>quake</keyword>
      <keyword>toll</keyword>
      <keyword>Indonesia</keyword>
    </keywords>
    <categories>
      <iptc>03000000</iptc>
      <iptc infered="true">03002000</iptc>
    </categories>
  </headers>
  <content>
    <p id="1"><s id="1">YOGYAKARTA, Indonesia, May 27, 2006 (AFP) - At least 1,971 people were killed and thousands injured when a strong earthquake rocked Indonesia's densely-populated island of Java on Saturday, the social affairs ministry said.</s> <s id="2">&quot;Our latest data shows 1,971 were killed,&quot; said Yuni Nuraini, an official at the ministry's disaster relief center in Jakarta.</s> </p>
    <p id="2"><s id="3">tn/mtp</s> </p>
  </content>
</article>
