<article>
  <headers>
    <dct>20120718T094910Z</dct>
    <title>Suicide bombing at Damascus security building: TV</title>
    <dateline>DAMASCUS, July 18, 2012 (AFP) -</dateline>
    <credit>Agence France-Presse (AFP)</credit>
    <origin country="SYR" city="DAMASCUS" />
    <keywords>
      <keyword>Damascus</keyword>
      <keyword>Syria</keyword>
      <keyword>conflict</keyword>
      <keyword>blast</keyword>
    </keywords>
    <categories>
      <iptc>16010000</iptc>
      <iptc>03014000</iptc>
    </categories>
  </headers>
  <content>
    <p id="1"><s id="1">A suicide bomber attacked a security building in the heart of Damascus, Syria's state television reported on Wednesday as fighting raged across the capital for the fourth straight day.</s> </p>
    <p id="2"><s id="2">&quot;A suicide attack has targeted the National Security building,&quot; the channel said of the security apparatus headed by General Hisham Ikhtiyar.</s> <s id="3">The building is a heavily guarded headquarters in the city's central Rawda district.</s> </p>
    <p id="3"><s id="4">The attack came as battles raged across the city for the fourth consecutive day.</s> <s id="5">There was no immediate news of Ikhtiyar's fate after the bombing.</s> </p>
    <p id="4"><s id="6">Born in 1941, Ikhtiyar is a key figure in the regime's repression of the 16-month revolt.</s> <s id="7">On May 23 last year, the European Union added his name to the list of Syrian political figures targeted by sanctions.</s> </p>
    <p id="5"><s id="8">On May 20 this year, a reported attempt was made to poison Ikhtiyar and other key regime figures.</s> <s id="9">A delivery boy was said to have added mercury to their food during a meal before fleeing.</s> </p>
    <p id="6"><s id="10">ser/srm</s> </p>
  </content>
</article>
