<article>
  <headers>
    <dct>20141216T120333Z</dct>
    <title>Carnage as Taliban storm Pakistan school, kill more than 100</title>
    <dateline>PESHAWAR, Pakistan, Dec 16, 2014 (AFP) -</dateline>
    <credit>Agence France-Presse (AFP)</credit>
    <origin country="PAK" city="Peshawar" />
    <keywords>
      <keyword>Pakistan</keyword>
      <keyword>school</keyword>
      <keyword>unrest</keyword>
    </keywords>
    <categories>
      <iptc>16000000</iptc>
      <iptc infered="true">05005000</iptc>
    </categories>
  </headers>
  <content>
    <p id="1"><s id="1">Taliban gunmen stormed an army-run school in Pakistan on Tuesday, killing more than 100 people including at least 80 children, in one of the country's bloodiest attacks in recent years, officials said.</s> </p>
    <p id="2"><s id="2">Witnesses described how a huge blast shook the Army Public School in the northwestern city of Peshawar and gunmen went from classroom to classroom, shooting children.</s> </p>
    <p id="3"><s id="3">The Tehreek-e-Taliban Pakistan (TTP) claimed responsibility for the attack as retaliation for a major military offensive in the region, saying militants had been ordered to shoot older students.</s> </p>
    <p id="4"><s id="4">Prime Minister Nawaz Sharif described the attack as a &quot;national tragedy unleashed by savages&quot;.</s> </p>
    <p id="5"><s id="5">&quot;These were my children.</s> <s id="6">This is my loss.</s> <s id="7">This is the nation's loss,&quot; he said.</s> </p>
    <p id="6"><s id="8">The attack began around 10.30 am (0530 GMT) when a group of at least five insurgents, reportedly in military uniforms, entered the school.</s> </p>
    <p id="7"><s id="9">A security official told AFP that hundreds of students and staff were in the school when the attack began, though according to the military the bulk of them have been evacuated.</s> </p>
    <p id="8"><s id="10">It is not clear how many are still in the school.</s> </p>
    <p id="9"><s id="11">Inayatullah, a senior minister in the Khyber-Pakhtunkhwa provincial government, told AFP 104 bodies had been taken to two hospitals in Peshawar.</s> </p>
    <p id="10"><s id="12">The toll of 104 was confirmed by provincial chief minister Pervez Khattak, who said the attackers were wearing uniforms of the government paramilitary Frontier Corps.</s> </p>
    <p id="11"></p>
    <p id="12"></p>
    <p id="13"><s id="13">Provincial information minister Mushtaq Ghani said many of the dead were killed in a suicide blast.</s> </p>
    <p id="14"><s id="14">Mudassar Abbas, a physics laboratory assistant at the school, said some students were celebrating at a party when the attack began.</s> </p>
    <p id="15"><s id="15">&quot;I saw six or seven people walking class-to-class and opening fire on children,&quot; he said.</s> </p>
    <p id="16"><s id="16">A student who survived the attack said soldiers came to rescue students during a lull in the firing.</s> </p>
    <p id="17"><s id="17">&quot;When we were coming out of the class we saw dead bodies of our friends lying in the corridors.</s> <s id="18">They were bleeding.</s> <s id="19">Some were shot three times, some four times,&quot; the student said.</s> </p>
    <p id="18"><s id="20">&quot;The men entered the rooms one by one and started indiscriminate firing at the staff and students.&quot;</s> </p>
    <p id="19"><s id="21">Distraught parents thronged the Lady Reading Hospital, weeping uncontrollably as children's bodies arrived, their school uniforms drenched in blood.</s> </p>
    <p id="20"><s id="22">Irshadah Bibi, 40, whose 12-year-old son was among the dead, beat her face in grief, throwing herself against an ambulance.</s> </p>
    <p id="21"><s id="23">&quot;O God, why did you snatch away my son?</s> <s id="24">What is the sin of my child and all these children?&quot; she wept.</s> </p>
    <p id="22"></p>
    <p id="23"></p>
    <p id="24"><s id="25">The school on Peshawar's Warsak Road is part of the Army Public Schools and Colleges System, which runs 146 schools nationwide for the children of military personnel and civilians.</s> <s id="26">Its students range in age from around 10 to 18.</s> </p>
    <p id="25"><s id="27">The schools educate the children of both officers and non-commissioned soldiers and army wives often teach in them.</s> </p>
    <p id="26"><s id="28">TTP spokesman Muhammad Khorasani said the attack was carried out to avenge Taliban fighters and their families killed in the army's offensive against militant strongholds in North Waziristan.</s> </p>
    <p id="27"><s id="29">&quot;We are doing this because we want them to feel the pain of how terrible it is when your loved ones are killed,&quot; he said.</s> </p>
    <p id="28"><s id="30">&quot;We are taking this step so that their families should mourn as ours are mourning.&quot;</s> </p>
    <p id="29"><s id="31">The military has hailed the operation as a major success in disrupting the TTP's insurgency, which has killed thousands of Pakistanis since it erupted in 2007.</s> </p>
    <p id="30"><s id="32">More than 1,600 militants have been killed since the launch of Zarb-e-Azb in June, according to data compiled by AFP from regular military statements.</s> </p>
    <p id="31"><s id="33">Talat Masood, a retired general and security analyst, said the attack was intended to weaken the military's resolve.</s> </p>
    <p id="32"><s id="34">&quot;It is both tactical and strategic.</s> <s id="35">The militants know they won't be able to strike at the heart of the military, they don't have the capacity because the army are prepared,&quot; Masood told AFP.</s> </p>
    <p id="33"><s id="36">&quot;So they are going for soft targets.</s> <s id="37">These attacks have a great psychological impact.&quot;</s> </p>
    <p id="34"><s id="38">The semi-autonomous tribal areas that border Afghanistan have for years been a hideout for Islamist militants of all stripes -- including Al-Qaeda and the homegrown TTP as well as foreign fighters such as Uzbeks and Uighurs.</s> </p>
    <p id="35"><s id="39">shk-str-sjd-ga/pdw/sm</s> </p>
  </content>
</article>
