<article>
  <headers>
    <dct>20160209T121331Z</dct>
    <title>At least eight dead, over 100 injured in German train crash</title>
    <dateline>Bad Aibling, Germany, Feb 9, 2016 (AFP) -</dateline>
    <credit>Agence France-Presse (AFP)</credit>
    <origin country="DEU" city="Bad Aibling" />
    <keywords>
      <keyword>rail</keyword>
      <keyword>transport</keyword>
      <keyword>Germany</keyword>
      <keyword>accident</keyword>
    </keywords>
    <categories>
      <iptc>03013000</iptc>
      <iptc>04015000</iptc>
      <iptc>04015002</iptc>
      <iptc>04000000</iptc>
      <iptc>03010000</iptc>
      <iptc>03000000</iptc>
      <iptc>03010002</iptc>
    </categories>
  </headers>
  <content>
    <p id="1"><s id="1">Two commuter trains crashed head-on in southern Germany on Tuesday, killing at least eight people and injuring more than 100, in one of the country's deadliest rail accidents in years.</s> </p>
    <p id="2"><s id="2">Hundreds of rescuers raced to pull passengers from the wreckage in a wooded area near Bad Aibling, a spa town about 60 kilometres (40 miles) southeast of Munich.</s> </p>
    <p id="3"><s id="3">Several carriages were derailed, with blue, yellow and silver metal debris left strewn around the crash site next to a river in the southern state of Bavaria.</s> </p>
    <p id="4"><s id="4">&quot;We have eight dead on the trains,&quot; said police spokesman Juergen Thaimeier.</s> </p>
    <p id="5"><s id="5">A total of 126 people were injured, including 15 critically and another 40 with serious injuries, said national rail operator Deutsche Bahn.</s> </p>
    <p id="6"><s id="6">The two train drivers and a conductor were among the dead, local broadcaster Bayerische Rundfunk reported.</s> </p>
    <p id="7"><s id="7">At least 100 firemen were deployed in the rescue operation, which was complicated because the forest crash site was difficult to access, said Thaimeier.</s> </p>
    <p id="8"><s id="8">Rescuers focused on the impact area of the trains, using electric saws to cut through the mangled wreckage.</s> </p>
    <p id="9"><s id="9">Rescue workers from nearby Austria were also on site, rolling news channel NTV said.</s> </p>
    <p id="10"><s id="10">Underlining the difficulty of the emergency operation, mountain rescuer Joerg Becker told NTV: &quot;The terrain is not only difficult to access but the large number of injured also requires a massive coordination effort between so many rescue and aid groups.&quot;</s> </p>
    <p id="11"></p>
    <p id="12"></p>
    <p id="13"><s id="11">The &quot;tragic accident occurred on the single-track route between Rosenheim and Holzkirchen this morning shortly after 7:00 am (0600 GMT),&quot; regional rail company Meridian, a subsidiary of the French group Transdev, said in a statement.</s> </p>
    <p id="14"><s id="12">The cause of the accident was not immediately clear.</s> </p>
    <p id="15"><s id="13">Rainer Scharf, a Bavarian police officer, said that &quot;given the severity of the accident, we believe the two regional trains collided head-on at low speed&quot;.</s> </p>
    <p id="16"><s id="14">About a dozen helicopters were deployed, with television footage showing them waiting in a clearing outside the forest, from where rescuers were emerging with stretchers carrying the injured.</s> </p>
    <p id="17"><s id="15">A journalist for Bayerischer Rundfunk reported that rescuers were climbing on the wreckage and pulling people out.</s> </p>
    <p id="18"><s id="16">The rail route and two nearby roads were closed to traffic.</s> </p>
    <p id="19"><s id="17">&quot;The accident is an enormous shock for us,&quot; said Bernd Rosenbusch, who heads the Bavarian rail company BOB that operates trains on the route.</s> </p>
    <p id="20"><s id="18">&quot;We will do everything to help travellers, their relatives and our employees.&quot;</s> </p>
    <p id="21"><s id="19">Christian Schreyer, chief executive of Transdev, said: &quot;We are deeply shocked and stunned that something like this could have happened.</s> <s id="20">Our thoughts are with the victims and relatives of the victims&quot;.</s> </p>
    <p id="22"><s id="21">The accident is believed to be Germany's first deadly train crash since April 2012, when three people were killed and 13 injured in a collision between two regional trains in the western city of Offenbach.</s> </p>
    <p id="23"><s id="22">The country's deadliest post-war accident happened in 1998, when a high-speed ICE train linking Munich and Hamburg derailed, killing 101 people and injuring 88 at the northern town of Eschede.</s> </p>
    <p id="24"><s id="23">ran-hmn/fz/pdw</s> </p>
    <p id="25"><s id="24">IntercontinentalExchange</s> </p>
    <p id="26"></p>
  </content>
</article>
