<article>
  <headers>
    <dct>20160114T053432Z</dct>
    <title>At least three dead in Jakarta bombs, shooting</title>
    <dateline>Hong Kong, Jan 14, 2016 (AFP) -</dateline>
    <credit>Agence France-Presse (AFP)</credit>
    <origin country="CHN" city="Hong Kong" />
    <keywords>
      <keyword>attacks</keyword>
      <keyword>Indonesia</keyword>
    </keywords>
    <categories>
      <iptc>03000000</iptc>
      <iptc infered="true">16001000</iptc>
    </categories>
  </headers>
  <content>
    <p id="1"><s id="1">A series of bombs killed at least three people in the Indonesian capital Jakarta on Thursday, with shots fired outside a cafe as police moved in, an AFP journalist at the scene said.</s> </p>
    <p id="2"><s id="2">The blasts were close to a shopping centre, the Sarinah, where victims' bodies were seen strewn on the ground.</s> </p>
    <p id="3"><s id="3">At least six explosions rang out and a police post was damaged.</s> </p>
    <p id="4"><s id="4">&quot;This is a bomb,&quot; Anton Charliyan, national police spokesman told AFP.</s> </p>
    <p id="5"><s id="5">He warned people to stay away, saying police fear there could be more bombs.</s> </p>
    <p id="6"><s id="6">The shooting was happening outside a Starbucks opposite the shopping centre.</s> </p>
    <p id="7"><s id="7">It was not immediately clear who was behind the attacks.</s> </p>
    <p id="8"><s id="8">After a series of attacks on foreigners in the last decade, Indonesian extremists have in recent years directed their violence at domestic &quot;enemies of Islam&quot;, mostly police.</s> </p>
    <p id="9"><s id="9">There have been no attacks against foreigners since the 2009 twin hotel bombings in Jakarta which killed seven people.</s> </p>
    <p id="10"><s id="10">bur-fa/hg</s> </p>
  </content>
</article>
