<article>
  <headers>
    <dct>20160824T044644Z</dct>
    <title>Strong 6.2 quake hits central Italy: USGS</title>
    <dateline>Rome, Aug 24, 2016 (AFP) -</dateline>
    <credit>Agence France-Presse (AFP)</credit>
    <origin country="ITA" city="Rome" />
    <keywords>
      <keyword>quake</keyword>
      <keyword>Italy</keyword>
    </keywords>
    <categories>
      <iptc>03015001</iptc>
      <iptc>03000000</iptc>
      <iptc>03002000</iptc>
    </categories>
  </headers>
  <content>
    <p id="1"><s id="1">A 6.2-magnitude earthquake hit central Italy on Wednesday and was felt in Rome some 150 km (90 miles) away, the United States Geological Survey and AFP journalists said.</s> </p>
    <p id="2"><s id="2">The shallow quake struck 10 kilometres southeast of Norcia, a town in the province of Perugia, at around 3.30 am (0130 GMT) according to the USGS.</s> </p>
    <p id="3"><s id="3">USGS's PAGER system, which predicts the impact of earthquakes, has issued a red alert -- suggesting significant casualties and damage based on previous quake data.</s> </p>
    <p id="4"><s id="4">A resident of the Rieti region, which is between Rome and the epicentre of the quake, told the Rainews24 channel that she and most of her neighbours had come out onto the street after feeling &quot;very strong shaking&quot;.</s> </p>
    <p id="5"><s id="5">In 2009 a 6.3-magnitude earthquake in the Aquila region, which was also felt in the Italian capital, left more than 300 dead.</s> </p>
    <p id="6"><s id="6">Italy is often shaken by earthquakes.</s> <s id="7">Another quake hit the northern Emilia Romagna region in May 2012, when two violent shocks 10 days apart left 23 people dead and 14,000 others homeless.</s> </p>
    <p id="7"><s id="8">tm/sls</s> </p>
  </content>
</article>
