<article>
  <headers>
    <dct>20160519T095413Z</dct>
    <title>EgyptAir plane crashed off Greek island of Karpathos in Egyptian airspace: Greek civil aviation source</title>
    <dateline>Athens, May 19, 2016 (AFP) -</dateline>
    <credit>Agence France-Presse (AFP)</credit>
    <origin country="GRC" city="Athens" />
    <keywords>
      <keyword>Greece</keyword>
      <keyword>Egypt</keyword>
      <keyword>France</keyword>
      <keyword>airline</keyword>
    </keywords>
    <categories>
      <iptc>03010000</iptc>
      <iptc>03014000</iptc>
      <iptc>03000000</iptc>
      <iptc>03010003</iptc>
      <iptc infered="true">04015001</iptc>
    </categories>
  </headers>
  <content>
    <p id="1"><s id="1">An EgyptAir flight which disappeared from radar screens en route from Paris to Cairo early Thursday, crashed into the sea off the southern Greek island of Karpathos while in Egyptian airspace, a Greece aviation source told AFP.</s> </p>
    <p id="2"><s id="2">&quot;At around 0029 GMT (3:29 am) when it was in Egyptian airspace, the plane disappeared from Greek radars... it crashed around 130 nautical miles off the island of Karpathos,&quot; the source told AFP.</s> </p>
    <p id="3"><s id="3">hec/hmw</s> </p>
  </content>
</article>
