<article>
  <headers>
    <dct>20160817T182337Z</dct>
    <title>Eight seriously injured in France train crash</title>
    <dateline>Montpellier, France, Aug 17, 2016 (AFP) -</dateline>
    <credit>Agence France-Presse (AFP)</credit>
    <origin country="FRA" city="Montpellier" />
    <keywords>
      <keyword>transport</keyword>
      <keyword>France</keyword>
      <keyword>accident</keyword>
    </keywords>
    <categories>
      <iptc>03013000</iptc>
      <iptc>04015000</iptc>
      <iptc>04015002</iptc>
      <iptc>04000000</iptc>
      <iptc>03010000</iptc>
      <iptc>03000000</iptc>
      <iptc>03010002</iptc>
    </categories>
  </headers>
  <content>
    <p id="1"><s id="1">A train crashed into a tree that had fallen onto the tracks in a hailstorm in southern France on Wednesday, leaving eight people seriously injured, rescue workers said.</s> </p>
    <p id="2"><s id="2">The regional service carrying some 250 passengers was travelling at 140 kilometres an hour (87 mph) between Nimes and Montpellier when it hit a tree that had been uprooted by a hailstorm.</s> </p>
    <p id="3"><s id="3">One of the seriously injured was rushed to hospital by helicopter in an &quot;absolutely urgent&quot; state, according to the head of local rescue services, Christophe Risdorfer.</s> </p>
    <p id="4"><s id="4">Another 50 people suffered minor injuries or were in shock, he said.</s> </p>
    <p id="5"><s id="5">National rail operator SNCF said in a statement: &quot;At Lunel at around 3:45 pm, a TER (regional train) going at 140 kmh hit a tree which had fallen on to the track after extremely violent storms in the region.&quot;</s> </p>
    <p id="6"><s id="6">Around 80 rescue workers deployed to the scene, where SNCF said &quot;access is very difficult.&quot;</s> </p>
    <p id="7"><s id="7">cor-bbm-gbh/gd/gj/har</s> </p>
  </content>
</article>
