<article>
  <headers>
    <dct>20170108T074047Z</dct>
    <title>France crash kills five on Portuguese tourist coach</title>
    <dateline>Lyon, Jan 8, 2017 (AFP) -</dateline>
    <credit>Agence France-Presse (AFP)</credit>
    <origin country="FRA" city="Lyon" />
    <keywords>
      <keyword>transport</keyword>
      <keyword>France</keyword>
      <keyword>Portugal</keyword>
      <keyword>accident</keyword>
    </keywords>
    <categories>
      <iptc>03013000</iptc>
      <iptc>04015000</iptc>
      <iptc>04015003</iptc>
      <iptc>03010000</iptc>
      <iptc>04000000</iptc>
      <iptc>03000000</iptc>
    </categories>
  </headers>
  <content>
    <p id="1"><s id="1">Five people were killed and 27 others injured Sunday when a bus carrying Portuguese tourists crashed off a highway in central France known locally as the &quot;road of death&quot;, authorities said.</s> </p>
    <p id="2"><s id="2">The 40-seat bus was on its way to Switzerland when tragedy struck, the local Creusot-Info website said.</s> </p>
    <p id="3"><s id="3">Before dawn, the bus crashed off the Central Europe Atlantic Road in the Saone-et-Loire region, that sees several accidents a year, many of them deadly.</s> </p>
    <p id="4"><s id="4">It appears the driver may have lost control of the vehicle because of ice on the road.</s> </p>
    <p id="5"><s id="5">As a cold wave hits much of Europe, a weather alert has been issued for central and eastern France.</s> </p>
    <p id="6"><s id="6">In March last year, 12 Portuguese passengers died when their minibus collided with a lorry on the same motorway.</s> </p>
    <p id="7"><s id="7">cor-cha/ser/mtp</s> </p>
  </content>
</article>
