<article>
  <headers>
    <dct>20120718T093151Z</dct>
    <title>Suicide bombing at Damascus security building: TV</title>
    <dateline>DAMASCUS, July 18, 2012 (AFP) -</dateline>
    <credit>Agence France-Presse (AFP)</credit>
    <origin country="SYR" city="DAMASCUS" />
    <keywords>
      <keyword>Damascus</keyword>
      <keyword>Syria</keyword>
      <keyword>conflict</keyword>
      <keyword>blast</keyword>
    </keywords>
    <categories>
      <iptc>16010000</iptc>
      <iptc>03014000</iptc>
    </categories>
  </headers>
  <content>
    <p id="1"><s id="1">A suicide bomber attacked a security building in the heart of Damascus, Syria's state television reported on Wednesday as fighting raged across the capital for the fourth straight day.</s> </p>
    <p id="2"><s id="2">&quot;A suicide attack has targeted the National Security building,&quot; the channel said of the security apparatus headed by Hisham Ikhtiar.</s> <s id="3">The building is a heavily guarded headquarters in the city's central Rawda district.</s> </p>
    <p id="3"><s id="4">ser/srm</s> </p>
  </content>
</article>
