<article>
  <headers>
    <dct>20160206T092207Z</dct>
    <title>Seven dead after powerful Taiwan quake fells buildings</title>
    <dateline>Taipei, Feb 6, 2016 (AFP) -</dateline>
    <credit>Agence France-Presse (AFP)</credit>
    <origin country="TWN" city="Taipei" />
    <keywords>
      <keyword>Taiwan</keyword>
      <keyword>quake</keyword>
    </keywords>
    <categories>
      <iptc>03000000</iptc>
      <iptc infered="true">03002000</iptc>
    </categories>
  </headers>
  <content>
    <p id="1"><s id="1">A powerful earthquake in Taiwan felled a 16-storey apartment complex full of families who had gathered for Lunar New Year celebrations Saturday, with at least seven dead and more than 30 feared trapped.</s> </p>
    <p id="2"><s id="2">The death toll was rising in the historic city of Tainan, which bore the brunt of the 6.4-magnitude quake, as rescuers scoured rubble for survivors.</s> </p>
    <p id="3"><s id="3">An entire residential complex of four buildings containing almost 100 homes toppled, left on its side with twisted metal girders exposed and clouds of dust rising from the jumbled concrete.</s> </p>
    <p id="4"><s id="4">Among the seven dead was a 10-day old baby girl, the National Fire Agency said -- she was one of five people who were killed when the apartment complex collapsed.</s> </p>
    <p id="5"><s id="5">The other two victims were killed in different parts of the city by falling debris, the agency said.</s> </p>
    <p id="6"><s id="6">Officials say they are unsure how many residents may still be inside, but media reports estimated at least 30 could be trapped.</s> </p>
    <p id="7"><s id="7">Around 400 troops have been mobilised to help the rescue effort.</s> </p>
    <p id="8"><s id="8">Residents at the 16-storey felled Wei-kuan Building told of their terror as the quake hit, with survivors pulled bleeding and crying from the ruins, some just in their underwear.</s> </p>
    <p id="9"><s id="9">&quot;I saw buildings shake up and down and left and right,&quot; said one resident.</s> </p>
    <p id="10"><s id="10">&quot;The first and second floor just collapsed and I smelt gas and water was leaking,&quot; he told local channel SET TV.</s> </p>
    <p id="11"><s id="11">Another man tied his clothes together to create a rope and lowered himself from his home on the ninth floor to the sixth floor below, Apple Daily reported.</s> </p>
    <p id="12"><s id="12">One woman told how she had fought her way out of her home.</s> </p>
    <p id="13"><s id="13">&quot;I used a hammer to break the door of my home which was twisted and locked, and managed to climb out,&quot; she told SET TV, weeping as she spoke.</s> </p>
    <p id="14"><s id="14">Rescuers have freed more than 200 people from the apartment complex, with over 40 of them hospitalised.</s> </p>
    <p id="15"><s id="15">Interior minister Chen Wei-jen said he feared there may be more people in the building than usual as family members would have returned to celebrate the Lunar New Year holidays next week.</s> </p>
    <p id="16"><s id="16">&quot;Exactly how many people were there when the quake hit was not immediately clear,&quot; said Chen.</s> </p>
    <p id="17"><s id="17">&quot;We are concerned that most members of those families may have returned for the coming new year holiday.&quot;</s> </p>
    <p id="18"></p>
    <p id="19"></p>
    <p id="20"><s id="18">Officials said there were 256 people registered as living in the complex, which contained 96 apartments.</s> </p>
    <p id="21"><s id="19">Dazed and exhausted residents stood outside the toppled buildings, watching rescue workers free survivors -- from infants to the elderly, some strapped to stretchers -- and carefully hand them down ladders.</s> </p>
    <p id="22"><s id="20">&quot;(The building) shook up and down.</s> <s id="21">I was terrified and my wife and I held each other.</s> <s id="22">We thought we weren't going to make it,&quot; one resident told TVBS.</s> </p>
    <p id="23"><s id="23">Eight shelters have been set up around the city, with over 100 people taking refuge there.</s> </p>
    <p id="24"><s id="24">As Premier Chang San-cheng visited the disaster zone, one elderly woman wept, saying her son, daughter-in-law and grandchildren were still trapped on the 15th floor, Apple Daily reported.</s> </p>
    <p id="25"><s id="25">President Ma Ying-jeou also visited Tainan to be briefed by city officials.</s> </p>
    <p id="26"><s id="26">Cranes towered over the zone with diggers trying to remove slabs of concrete.</s> </p>
    <p id="27"><s id="27">Separately, at least 30 people were earlier freed from another residential seven-storey tower, with officials saying several blocks had collapsed or half collapsed in other parts of the city, with some buildings left leaning at alarming angles.</s> </p>
    <p id="28"><s id="28">China has offered rescue assistance if needed, according to state news agency Xinhua.</s> </p>
    <p id="29"><s id="29">Across Tainan, 316 people were injured, with more than 60 hospitalised, officials said, but the search and rescue operation was focused purely on the Wei-kuan complex.</s> </p>
    <p id="30"><s id="30">The shallow quake struck at a depth of 10 kilometres (six miles) at around 4:00 am (2000 GMT Friday), 39 kilometres northeast of Kaohsiung, Taiwan's second-largest city and an important port.</s> </p>
    <p id="31"><s id="31">Taiwan lies near the junction of two tectonic plates and is regularly hit by earthquakes.</s> </p>
    <p id="32"><s id="32">A strong 6.3-magnitude quake that hit central Taiwan in June 2013 killed four people and caused widespread landslides.</s> </p>
    <p id="33"><s id="33">A 7.6-magnitude quake struck the island in September 1999 and killed around 2,400 people.</s> </p>
    <p id="34"><s id="34">cty/lm/ds</s> </p>
    <p id="35"></p>
  </content>
</article>
