<article>
  <headers>
    <dct>20141216T092053Z</dct>
    <title>At least 20 killed in Taliban attack on Pakistan school: officials</title>
    <dateline>PESHAWAR, Pakistan, Dec 16, 2014 (AFP) -</dateline>
    <credit>Agence France-Presse (AFP)</credit>
    <origin country="PAK" city="Peshawar" />
    <keywords>
      <keyword>Pakistan</keyword>
      <keyword>school</keyword>
      <keyword>unrest</keyword>
      <keyword>toll</keyword>
    </keywords>
    <categories>
      <iptc>16000000</iptc>
      <iptc infered="true">05005000</iptc>
    </categories>
  </headers>
  <content>
    <p id="1"><s id="1">At least 20 people including 17 children were killed and 36 wounded in a Taliban attack on an army-run school in Pakistan on Tuesday, officials said.</s> </p>
    <p id="2"><s id="2">The health minister for Khyber-Pakhtunkhwa, the restive northwestern province where the attack took place, said two teachers were also among the dead.</s> </p>
    <p id="3"><s id="3">str-ks/pdw/sm</s> </p>
  </content>
</article>
