<article>
  <headers>
    <dct>20150917T042306Z</dct>
    <title>Powerful Chile quake kills two, sparks tsunami alert</title>
    <dateline>Santiago, Sept 17, 2015 (AFP) -</dateline>
    <credit>Agence France-Presse (AFP)</credit>
    <origin country="CHL" city="Santiago" />
    <keywords>
      <keyword>Argentina</keyword>
      <keyword>quake</keyword>
      <keyword>Chile</keyword>
      <keyword>Peru</keyword>
    </keywords>
    <categories>
      <iptc>03000000</iptc>
      <iptc infered="true">03002000</iptc>
    </categories>
  </headers>
  <content>
    <p id="1"><s id="1">A massive 8.3-magnitude earthquake struck the center of Chile on Wednesday, triggering the evacuation of coastal areas and warnings that tsunami waves could reach as far as Japan.</s> </p>
    <p id="2"><s id="2">At least two people were killed and 10 hurt in Chile, where thousands of terrified residents rushed out onto the streets in the capital Santiago.</s> <s id="3">The quake was felt as far away as Argentina, where buildings also swayed.</s> </p>
    <p id="3"><s id="4">The United States Geological Survey (USGS) put the shallow offshore quake at a magnitude of 8.3 and said it hit just 228 kilometers (about 140 miles) north of Santiago, a city of 6.6 million people.</s> </p>
    <p id="4"><s id="5">The quake, which struck at 7:54 pm (2254 GMT), hit at a depth of eight kilometers, USGS said.</s> <s id="6">Seismologists also reported two aftershocks, both above 6.0.</s> </p>
    <p id="5"><s id="7">The Chilean government put the main earthquake at 8.0 on the Richter scale.</s> </p>
    <p id="6"><s id="8">Interior Minister Jorge Burgos said that the evacuation of coastal towns and cities was ordered as a precautionary measure.</s> </p>
    <p id="7"><s id="9">The quake was felt as far away as Buenos Aires, about 1,400 kilometers away, while a tsunami warning was initially in place for the whole of Chile and Peru's Pacific coastline.</s> </p>
    <p id="8"><s id="10">The two dead were a woman in Illapel, close to the epicenter, and an 86-year-old man in Santiago, where there were scenes of pandemonium as thousands fled swaying buildings.</s> </p>
    <p id="9"><s id="11">&quot;We fled our building and everything started to move very strong,&quot; resident Pablo Cifuentes told local Cooperativa radio.</s> </p>
    <p id="10"><s id="12">In coastal La Serena, in the north of Chile, &quot;people were running in all directions,&quot; said resident Gloria Navarro.</s> </p>
    <p id="11"><s id="13">A similar fear seized residents in Argentina, while El Salvador, in Central America, was also on the lookout for destructive waves.</s> </p>
    <p id="12"><s id="14">&quot;We went into a panic and the floor kept moving.</s> <s id="15">We went out into the hallway and down the stairs,&quot; Celina Atrave, 65, who lives in a 25-story high-rise near downtown Buenos Aires, told AFP.</s> </p>
    <p id="13"></p>
    <p id="14"></p>
    <p id="15"><s id="16">The Hawaii-based Pacific Tsunami Warning Center said that &quot;hazardous&quot; tsunami waves were possible for some parts of Chile's shoreline, including above three meters (10 feet) the tide level.</s> </p>
    <p id="16"><s id="17">Tsunami waves were also possible along French Polynesia, Hawaii and California, officials said, as well as smaller waves as far afield as Japan and New Zealand.</s> </p>
    <p id="17"><s id="18">The precautionary alert for Peru was later called off, civil defense officials said, but scared residents in the city of Ilo, close to the border with Chile, remained out on the streets and on higher ground nonetheless.</s> </p>
    <p id="18"><s id="19">In April last year, a deadly 8.2-magnitude earthquake in northern Chile killed six people and forced a million to leave their homes in the region around Iquique.</s> </p>
    <p id="19"><s id="20">And a February 27, 2010 quake that struck just off the coast of Chile's Maule region measured 8.8 in magnitude, making it one of the largest ever recorded.</s> </p>
    <p id="20"><s id="21">It killed more than 500 people and inflicted an estimated $30 billion in damages.</s> </p>
    <p id="21"><s id="22">msa-pst/sst</s> </p>
  </content>
</article>
