<article>
  <headers>
    <dct>20161219T194942Z</dct>
    <title>Russian envoy assassinated by Turkey policeman</title>
    <dateline>Ankara, Dec 19, 2016 (AFP) -</dateline>
    <credit>Agence France-Presse (AFP)</credit>
    <origin country="TUR" city="Ankara" />
    <keywords>
      <keyword>Turkey</keyword>
      <keyword>ambassador</keyword>
      <keyword>shooting</keyword>
      <keyword>Russia</keyword>
    </keywords>
    <categories>
      <iptc>16000000</iptc>
      <iptc>02001000</iptc>
      <iptc>11002000</iptc>
      <iptc>11000000</iptc>
      <iptc>11014000</iptc>
      <iptc>02000000</iptc>
      <iptc infered="true">15051000</iptc>
    </categories>
  </headers>
  <content>
    <p id="1"><s id="1">A Turkish policeman crying &quot;Aleppo&quot; and &quot;Allahu Akbar&quot; shot dead Russia's ambassador to Turkey at an art exhibition in Ankara on Monday, in what Moscow termed a &quot;terrorist act&quot;.</s> </p>
    <p id="2"><s id="2">Andrei Karlov died of his wounds after the shooting, which occurred on the eve of a key meeting between the Russian, Turkish and Iranian foreign ministers on the Syria conflict.</s> </p>
    <p id="3"><s id="3">Dramatic television footage showed the man -- dressed in a dark suit, white shirt and tie -- waving a gun and gesturing in the air at the Ankara exhibition hall where the veteran diplomat was opening a show of Russian photographs.</s> </p>
    <p id="4"><s id="4">The state-run Anadolu news agency said the gunman had been &quot;neutralised&quot; in a police operation inside the hall after 15 minutes of clashes.</s> </p>
    <p id="5"><s id="5">&quot;Today in Ankara as a result of an attack the Russian ambassador to Turkey Andrei Karlov received wounds that he died from,&quot; Russian foreign ministry spokeswoman Maria Zakharova said in televised comments.</s> </p>
    <p id="6"><s id="6">&quot;We qualify what happened as a terrorist act,&quot; she added.</s> <s id="7">&quot;The murderers will be punished.</s> </p>
    <p id="7"><s id="8">&quot;Today this issue will be raised at the UN Security Council.</s> <s id="9">Terrorism will not win out,&quot; she added.</s> </p>
    <p id="8"><s id="10">The mayor of Ankara Melih Gokcek identified the attacker as a Turkish policeman.</s> <s id="11">The Yeni Safak daily said on its website that the attacker -- named as M.M.A. -- worked with anti-riot police in Ankara.</s> </p>
    <p id="9"><s id="12">Gokcek, known for his outspoken comments, speculated on his official Twitter account that the policeman may be linked to the group of Fethullah Gulen blamed for the July 15 coup aimed at toppling President Recep Tayyip Erdogan.</s> </p>
    <p id="10"><s id="13">The incident came after days of protests in Turkey over Russia's role in Syria, although Moscow and Ankara are now working closely together to evacuate citizens from the battered city of Aleppo.</s> </p>
    <p id="11"><s id="14">The United States condemned the attack, while British ambassador Richard Moore paid tribute to a &quot;quietly spoken, hospitable professional.&quot;</s> </p>
    <p id="12"><s id="15">Erdogan phoned Putin to brief him about the attack, presidential spokesman Ibrahim Kalin said.</s> </p>
    <p id="13"></p>
    <p id="14"></p>
    <p id="15"><s id="16">The shooting took place at the Cagdas Sanatlar Merkezi, a major art exhibition hall in the Cankaya district of Ankara where most foreign embassies are located including Russia's mission.</s> </p>
    <p id="16"><s id="17">&quot;It happened during the opening of an exhibition,&quot; Hurriyet correspondent Hasim Kilic, who was at the scene, told AFP.</s> </p>
    <p id="17"><s id="18">&quot;When the ambassador was delivering a speech, a tall man wearing a suit, fired into the air first and then took aim at the ambassador,&quot; said Kilic.</s> </p>
    <p id="18"><s id="19">&quot;He said something about Aleppo and 'revenge'.</s> <s id="20">He ordered the civilians to leave the room.</s> <s id="21">When people were fleeing, he fired again,&quot; he added.</s> </p>
    <p id="19"><s id="22">Images showed the ambassador standing up to speak at a lectern at the opening of an photo exhibition called &quot;Russia from Kaliningrad to Kamchatka&quot; showing images from Russia's far west to its far east.</s> </p>
    <p id="20"><s id="23">He stumbles and then crashes to the ground after being shot, lying flat on his back as the besuited attacker brandishes the gun at terrified onlookers.</s> </p>
    <p id="21"><s id="24">The man shouts &quot;Allahu Akbar&quot; (&quot;God is greatest&quot;) and then talks about pledging allegiance to jihad in Arabic, the images showed.</s> </p>
    <p id="22"><s id="25">Switching to Turkish, he then says: &quot;Don't forget about Syria, don't forget about Aleppo.</s> <s id="26">All those who participate in this tyranny will be held accountable&quot;.</s> </p>
    <p id="23"></p>
    <p id="24"></p>
    <p id="25"><s id="27">Protesters in Turkey have held Moscow responsible for human rights violations in Aleppo with thousands turning out for protests outside the Russian consulate in Istanbul.</s> </p>
    <p id="26"><s id="28">But political relations have warmed, with intense contacts between the two sides in recent days to ease the situation in Aleppo.</s> </p>
    <p id="27"><s id="29">Turkey and Russia saw relations plunge to their worst levels since the Cold War last year when a Turkish jet shot down a Russian war plane over Syria.</s> </p>
    <p id="28"><s id="30">They stand on opposite sides of the Syria conflict with Ankara backing rebels trying to topple Moscow ally President Bashar al-Assad.</s> </p>
    <p id="29"><s id="31">But the rhetoric has warmed considerably since a reconciliation deal was signed earlier this year and a Russian and Turkish-brokered accord has helped the evacuation of citizens from Aleppo in the last days.</s> </p>
    <p id="30"><s id="32">The attack comes a day before Turkish Foreign Minister Mevlut Cavusoglu, Russian counterpart Sergei Lavrov, and Foreign Minister Mohammad Javad Zarif of Iran, Assad's other key ally, were to hold unprecedented tripartite talks on the Syria conflict in Moscow.</s> </p>
    <p id="31"><s id="33">The Syrian foreign ministry in Damascus denounced the murder as a &quot;despicable crime&quot;, state news agency SANA said.</s> </p>
    <p id="32"><s id="34">Cavusoglu learned of the news while on the plane to Moscow, Turkish television said.</s> </p>
    <p id="33"><s id="35">A Turkish official on Monday denied Ankara had forged any secret &quot;bargain&quot; with Moscow over the future of Syria, despite the improving cooperation that led to the deal for evacuations from Aleppo.</s> </p>
    <p id="34"><s id="36">Born in 1954 in Moscow, Karlov was a career diplomat who had began his career under the USSR in 1976.</s> <s id="37">He was Russian ambassador to North Korea from 2001-2006.</s> </p>
    <p id="35"><s id="38">sjw-fo/ric</s> </p>
  </content>
</article>
