<article>
  <headers>
    <dct>20071227T133431Z</dct>
    <title>Benazir Bhutto dead in Pakistan attack: interior ministry</title>
    <origin country="PAK" city="RAWALPINDI" />
    <keywords>
      <keyword>Bhutto</keyword>
      <keyword>Pakistan</keyword>
      <keyword>vote</keyword>
    </keywords>
    <categories>
      <iptc>11000000</iptc>
      <iptc infered="true">11003000</iptc>
    </categories>
  </headers>
  <content>
    <p id="1"><s id="1">RAWALPINDI, Pakistan, Dec 27, 2007 (AFP) - Pakistan opposition leader Benazir Bhutto was killed Thursday in a suicide attack at a campaign rally, the interior ministry told AFP.A suicide bomber blew himself up just after the rally and it was not immediately clear how she died.</s> </p>
    <p id="2"><s id="2">&quot;It may have been pellets packed into the suicide bomber's vest that hit her,&quot; interior ministry spokesman Javed Cheema said.</s> </p>
    <p id="3"><s id="3">mmg/mc/mtp</s> </p>
  </content>
</article>
