<article>
  <headers>
    <dct>20110722T170333Z</dct>
    <title>Militants target Norway government in twin attacks</title>
    <dateline>OSLO, July 22, 2011 (AFP) -</dateline>
    <credit>Agence France-Presse (AFP)</credit>
    <origin country="NOR" city="OSLO" />
    <keywords>
      <keyword>Norway</keyword>
      <keyword>attacks</keyword>
    </keywords>
    <categories>
      <iptc>16001000</iptc>
    </categories>
  </headers>
  <content>
    <p id="1"><s id="1">Militants staged twin bomb and shooting attacks against Norway's government Friday, as a deadly explosion ripped through ministry buildings and a gunman opened fire at a meeting of the ruling party.</s> </p>
    <p id="2"><s id="2">A police spokesman said a &quot;bomb&quot; was behind an explosion by the government headquarters in Oslo, which Norwegian media said left at least two people dead.</s> </p>
    <p id="3"><s id="3">&quot;A powerful explosion has taken place in the government quarter,&quot; Norwegian police said in a statement, though Prime Minister Jens Stoltenberg was safe.</s> </p>
    <p id="4"><s id="4">&quot;Police can confirm there were deaths and injuries following the explosion in the government quarter this afternoon,&quot; police added.</s> </p>
    <p id="5"><s id="5">A police official told a press conference that authorities had little clue who or what was behind the attack.</s> </p>
    <p id="6"><s id="6">&quot;We have no main theory, we don't even have a working theory,&quot; the official said.</s> <s id="7">&quot;We already have enough to do to get an understanding of the situation.&quot;</s> </p>
    <p id="7"><s id="8">Speaking to reporters, the police spokesman said &quot;several dozen&quot; people had been wounded in the blast which caused widespread damage to both the prime minister's office and the finance ministry.</s> </p>
    <p id="8"><s id="9">The spokesman said a vehicle had been seen driving at high speed in the area just before the explosion but did confirm that the blast had been caused by a car bomb.</s> </p>
    <p id="9"><s id="10">Adding to the confusion, a man disguised as a police officer opened fire Friday at a youth meeting of the ruling Labour Party in Utoeya, an island on the outskirts of the capital Oslo, state television NRK reported.</s> </p>
    <p id="10"><s id="11">Five people were wounded in the shooting, according to reports.</s> </p>
    <p id="11"><s id="12">Stoltenberg had at one point been scheduled to attend the event, police said.</s> </p>
    <p id="12"><s id="13">Images on Norwegian television showed the prime minister's office and other buildings heavily damaged, sidewalks covered in broken glass and smoke rising from the area.</s> </p>
    <p id="13"><s id="14">Police had sealed off the area, which also houses the country's biggest tabloid newspaper Verdens Gang (VG).</s> <s id="15">They had also urged residents to stay in their homes.</s> </p>
    <p id="14"><s id="16">The area is located in the centre of Oslo and usually very busy, but Friday's blast came at a time of year when many residents of the capital are away on holidays.</s> </p>
    <p id="15"><s id="17">Stoltenberg gave a telephone interview to show that he was unharmed after the deadly blast, which he called a &quot;serious situation&quot;.</s> </p>
    <p id="16"><s id="18">&quot;Even if one is well prepared, it is always rather dramatic when something like this happens,&quot; he said in the interview with a Norwegian TV station.</s> </p>
    <p id="17"><s id="19">Two cabinet ministers earlier told AFP that Stoltenberg had been scheduled to be visiting areas far outside Oslo on Friday.</s> </p>
    <p id="18"><s id="20">The EU condemned the attacks as &quot;acts of cowardice&quot; while the US State Department called the Oslo blast &quot;despicable&quot;.</s> </p>
    <p id="19"><s id="21">Witnesses said the damage around government headquarters was extensive while some said that police had spoken of two bombs.</s> </p>
    <p id="20"><s id="22">&quot;I see that some windows of the VG building and the government headquarters have been broken.</s> <s id="23">Some people covered with blood are lying in the street,&quot; a journalist with public radio NRK said from the scene.</s> </p>
    <p id="21"><s id="24">&quot;There is glass everywhere.</s> <s id="25">It is total chaos.</s> <s id="26">The windows of all the surrounding buildings have been blown out,&quot; said NRK journalist Ingunn Andersen.</s> </p>
    <p id="22"><s id="27">The radio reported that the explosion seemed to happen near the finance ministry, which is near the Norwegian prime minister's office and the VG editorial offices.</s> </p>
    <p id="23"><s id="28">Photos posted on the NRK website also showed shattered glass in front of the devastated facade of the VG building, soldiers closing off the area and people surrounding someone apparently injured in the blast.</s> </p>
    <p id="24"><s id="29">It was not immediately known who was behind the bombing, but Norway's intelligence police agency (PST) said in February that Islamic extremism was a major threat to the country.</s> </p>
    <p id="25"><s id="30">Islamic extremism is &quot;our main priority and our main concern,&quot; PST chief Janne Kristiansen said at the time, while presenting the agency's annual risk assessment report.</s> </p>
    <p id="26"><s id="31">The report said: &quot;Although few people in Norway support Islamic extremism, there are activities within some groups that could contribute to heightening the security risk in 2011.&quot;</s> </p>
    <p id="27"><s id="32">NATO member Norway, which counts some 500 troops in Afghanistan, has never suffered an attack at home by Islamic extremists.</s> </p>
    <p id="28"><s id="33">However, police last year arrested three Muslim men based in Norway suspected of planning an attack using explosives in the Scandinavian country.</s> </p>
    <p id="29"><s id="34">Norwegian prosecutors earlier this month also filed a terrorism charge against Mullah Krekar, founder of the Kurdish Islamist group Ansar al-Islam, who was accused of threatening a politician with death over his potential deportation from the country.</s> </p>
    <p id="30"><s id="35">Krekar had warned that &quot;Norway will pay a heavy price&quot; if he were deported.</s> </p>
    <p id="31"><s id="36">Norwegian F-16 fighter jets are also participating in air strikes in Libya, though the country has said it will withdraw its forces from the Libya operations on August 1.</s> </p>
    <p id="32"><s id="37">Neighbouring Sweden was targeted in a suicide bombing last December when an Iraqi exile blew up himself and his car in a deserted side-street off of Stockholm's busiest pedestrian thoroughfare, injuring two people.</s> </p>
    <p id="33"><s id="38">Fellow Scandinavian country Denmark was also the target of vehement protests in the Muslim world after Danish daily Jyllands-Posten's 2005 publication of controversial caricatures of the Prophet Mohammed.</s> </p>
    <p id="34"><s id="39">Norwegian newspaper Aftenposten had published reproductions of the cartoons including the one of which led to the Westergaard.</s> </p>
    <p id="35"><s id="40">The Norwegian capital is well-known symbol of international peace efforts, including as the birthplace of the 1993 Israeli-Palestinian Oslo Accords.</s> </p>
    <p id="36"><s id="41">phy/co/mm</s> </p>
  </content>
</article>
