<article>
  <headers>
    <dct>20150724T042606Z</dct>
    <title>At least six injured in Louisiana movie theater shooting: media</title>
    <dateline>Washington, July 24, 2015 (AFP) -</dateline>
    <credit>Agence France-Presse (AFP)</credit>
    <origin country="USA" city="Washington" />
    <keywords>
      <keyword>shooting</keyword>
      <keyword>US</keyword>
    </keywords>
    <categories>
      <iptc>02001000</iptc>
      <iptc>02000000</iptc>
      <iptc infered="true">15051000</iptc>
    </categories>
  </headers>
  <content>
    <p id="1"><s id="1">At least six people have been shot at a movie theater in the US state of Louisiana during a showing of the film &quot;Trainwreck&quot;, local media reported Thursday.</s> </p>
    <p id="2"><s id="2">The city of Lafayette's Daily Advertiser newspaper reported that six people were injured and the shooting at the local Grand Theatre had ended, citing an official.</s> </p>
    <p id="3"><s id="3">&quot;Prayers for Lafayette at Grand Theater.</s> <s id="4">Talking to state police colonel about shooting in Lafayette,&quot; tweeted state governor Bobby Jindal, adding that he was on his way to the city.</s> </p>
    <p id="4"><s id="5">Television images showed a hectic scene at the cinema, surrounded by dozens of emergency cars and crews.</s> </p>
    <p id="5"><s id="6">The shooting comes as a jury deliberates the death penalty for the gunman in a 2012 theater massacre in Colorado that left 12 dead and 70 injured.</s> </p>
    <p id="6"><s id="7">sdo/st</s> </p>
  </content>
</article>
