<article>
  <headers>
    <dct>20141024T212829Z</dct>
    <title>Student gunman wounds seven at US school: police</title>
    <dateline>LOS ANGELES, Oct 24, 2014 (AFP) -</dateline>
    <credit>Agence France-Presse (AFP)</credit>
    <origin country="USA" city="Los Angeles" />
    <keywords>
      <keyword>school</keyword>
      <keyword>shooting</keyword>
      <keyword>US</keyword>
    </keywords>
    <categories>
      <iptc>05005000</iptc>
      <iptc>02001000</iptc>
      <iptc>05000000</iptc>
      <iptc>02000000</iptc>
      <iptc infered="true">15051000</iptc>
    </categories>
  </headers>
  <content>
    <p id="1"><s id="1">A student opened fire at a US school Friday, injuring as many as seven people before killing himself, police and reports said.</s> </p>
    <p id="2"><s id="2">Live TV pictures showed swarms of police and emergency workers descending on the Marysville-Pilchuck High School in the western state of Washington.</s> </p>
    <p id="3"><s id="3">The shooting occurred in the school cafeteria, according to multiple reports.</s> </p>
    <p id="4"><s id="4">&quot;I was eating...</s> <s id="5">I heard four gunshots and it was behind me.</s> <s id="6">I saw a gun pointed at a table... then I ran out of the exit,&quot; one student in the cafeteria, named only as Alex, told KIRO TV news.</s> </p>
    <p id="5"><s id="7">Marysville police spokesman Robb Lamoureux told reporters: &quot;We are confident that there was only one shooter and the shooter is deceased.&quot;</s> </p>
    <p id="6"><s id="8">Television footage also showed schoolchildren coming out of the sprawling campus in Marysville, 35 miles (55 kilometers) north of Seattle, which has some 2,500 students.</s> <s id="9">Parents appeared to be gathering at a nearby church.</s> </p>
    <p id="7"><s id="10">&quot;Our son just called to let us know that his kids are ok -- his son was about 50 feet (15 meters) from the shooter -- a student that he knows,&quot; grandfather Tom Hopper told KIRO TV.</s> </p>
    <p id="8"><s id="11">&quot;Our grandson and his friends ran away -- jumped a fence and went to a home in the area.</s> <s id="12">He didn't know about any victims but thought there was at least one,&quot; he said in an email to the station.</s> </p>
    <p id="9"><s id="13">Three of those injured were rushed to hospital, including one with a head wound, according to the Seattle Times, which said police were searching room to room until the campus could be declared safe.</s> </p>
    <p id="10"><s id="14">The Marysville School District said on its website: &quot;The Marysville-Pilchuck High School is currently in lockdown due to an emergency situation.</s> <s id="15">Police and emergency services have responded.&quot;</s> </p>
    <p id="11"><s id="16">mt/pst</s> </p>
  </content>
</article>
