<article>
  <headers>
    <dct>20160623T164113Z</dct>
    <title>Man fires shots at German cinema, several wounded: reports</title>
    <dateline>Berlin, June 23, 2016 (AFP) -</dateline>
    <credit>Agence France-Presse (AFP)</credit>
    <origin country="DEU" city="Berlin" />
    <keywords>
      <keyword>crime</keyword>
      <keyword>Germany</keyword>
    </keywords>
    <categories>
      <iptc>02001000</iptc>
      <iptc>02000000</iptc>
    </categories>
  </headers>
  <content>
    <p id="1"><s id="1">A masked man opened fire at a German multiplex cinema Thursday, wounding several people, according to unconfirmed media reports.</s> </p>
    <p id="2"><s id="2">Public broadcaster Hessischer Rundfunk and Bild daily said that at least 25 people were hurt when the man fired shots and then barricaded himself in the cinema in the western town of Viernheim.</s> </p>
    <p id="3"><s id="3">A German police spokesman only confirmed &quot;an unclear threat situation&quot;.</s> </p>
    <p id="4"><s id="4">dlc/hmn/ri</s> </p>
  </content>
</article>
