<article>
  <headers>
    <dct>20170116T062547Z</dct>
    <title>At least 32 dead as cargo plane crash destroys Kyrgyzstan houses</title>
    <dateline>Bishkek, Kyrgyzstan, Jan 16, 2017 (AFP) -</dateline>
    <credit>Agence France-Presse (AFP)</credit>
    <origin country="KGZ" city="Bishkek" />
    <keywords>
      <keyword>aviation</keyword>
      <keyword>Kyrgyzstan</keyword>
      <keyword>accident</keyword>
    </keywords>
    <categories>
      <iptc>03013000</iptc>
      <iptc>03010000</iptc>
      <iptc>03000000</iptc>
      <iptc>03010003</iptc>
      <iptc infered="true">04015001</iptc>
    </categories>
  </headers>
  <content>
    <p id="1"><s id="1">A Turkish Airlines cargo plane crashed into a village near Kyrgyzstan's main airport Monday, killing 32 people and destroying homes after attempting to land in thick fog, authorities said.</s> </p>
    <p id="2"><s id="2">The majority of the dead were from the village of Dacha-Suu where the cargo plane crashed at around 7.30 am local time (0130 GMT), a spokesman for the country's emergency services, Muhammed Svarov, told AFP.</s> </p>
    <p id="3"><s id="3">The total number of dead &quot;could be bigger&quot; Svarov said, adding that authorities had launched a huge search and rescue operation.</s> </p>
    <p id="4"><s id="4">&quot;Major work is underway,&quot; Svarov said.</s> <s id="5">&quot;The damage to infrastructure in the village is significant.&quot;</s> </p>
    <p id="5"><s id="6">At least four pilots on the flight, which was travelling from Hong Kong to Istanbul via Kyrgyzstan's capital Bishkek, were among the dead, the emergency services ministry said, with one pilot's body yet to be found.</s> </p>
    <p id="6"><s id="7">Around 43 houses were damaged by the crash, according to the emergency services ministry, which said that the accident sparked fires that spread, but have now been localised.</s> </p>
    <p id="7"><s id="8">&quot;The plane crashed into the houses, it killed entire families,&quot; one eyewitness told AFP, speaking on condition of anonymity.</s> </p>
    <p id="8"><s id="9">&quot;There's nothing left of the houses, people were killed with their whole family, their children.</s> <s id="10">Many people were sleeping.&quot;</s> </p>
    <p id="9"><s id="11">The country's Manas airport has been closed and flights cancelled until evening at the earliest, airport authorities said.</s> </p>
    <p id="10"><s id="12">The government said in a statement that Deputy Prime Minister Moukhammetkali Aboulgaziev visited the scene, accompanied by the Ministers of Emergency Situations and Transport.</s> </p>
    <p id="11"><s id="13">Kyrgyz President Almazbek Atambayev canceled his visit to China to return to Bishkek, according to Kyrgyz media.</s> </p>
    <p id="12"><s id="14">tol-cr/ceb/tm</s> </p>
    <p id="13"></p>
  </content>
</article>
