<article>
  <headers>
    <dct>20161220T191133Z</dct>
    <title>Germany releases Pakistani held over Berlin attack</title>
    <dateline>Berlin, Dec 20, 2016 (AFP) -</dateline>
    <credit>Agence France-Presse (AFP)</credit>
    <origin country="DEU" city="Berlin" />
    <keywords>
      <keyword>market</keyword>
      <keyword>attack</keyword>
      <keyword>release</keyword>
      <keyword>suspect</keyword>
      <keyword>Germany</keyword>
    </keywords>
    <categories>
      <iptc>16000000</iptc>
      <iptc>12014001</iptc>
      <iptc>12000000</iptc>
      <iptc>12014000</iptc>
      <iptc>16001000</iptc>
      <iptc>12025000</iptc>
    </categories>
  </headers>
  <content>
    <p id="1"><s id="1">A Pakistani asylum seeker suspected of ploughing a lorry into a Berlin Christmas market and killing 12 people was released Tuesday for lack of evidence, prosecutors said.</s> </p>
    <p id="2"><s id="2">&quot;The accused, detained over the attack on the Berlin Christmas market on December 19, 2016, was let go on this evening on the orders of the federal prosecutor,&quot; his office said in a statement.</s> <s id="3">Authorities identified the man earlier as a Pakistani asylum seeker.</s> </p>
    <p id="3"><s id="4">&quot;The forensic tests carried out so far did not provide evidence of the accused's presence during the crimes in the cab of the lorry.&quot;</s> </p>
    <p id="4"><s id="5">dlc/mfp/jm</s> </p>
  </content>
</article>
