<article>
  <headers>
    <dct>20141228T073401Z</dct>
    <title>AirAsia plane with 162 on board missing en route to Singapore</title>
    <dateline>JAKARTA, Dec 28, 2014 (AFP) -</dateline>
    <credit>Agence France-Presse (AFP)</credit>
    <origin country="IDN" city="Jakarta" />
    <keywords>
      <keyword>Singapore</keyword>
      <keyword>AirAsia</keyword>
      <keyword>Malaysia</keyword>
      <keyword>aviation</keyword>
      <keyword>Indonesia</keyword>
    </keywords>
    <categories>
      <iptc>04015001</iptc>
      <iptc>04015000</iptc>
      <iptc>04000000</iptc>
      <iptc>03010000</iptc>
      <iptc>03014000</iptc>
      <iptc>03000000</iptc>
      <iptc>03010003</iptc>
    </categories>
  </headers>
  <content>
    <p id="1"><s id="1">An AirAsia plane with 162 people on board went missing in bad weather en route from Indonesia to Singapore Sunday morning, the airline said, in the third crisis for a Malaysian carrier this year.</s> </p>
    <p id="2"><s id="2">Air traffic controllers lost contact with the Airbus A320-200 around an hour after it left Juanda international airport in Surabaya in east Java at 5:20am.</s> </p>
    <p id="3"><s id="3">It was scheduled to arrive in Singapore at 8:30am (0030 GMT).</s> </p>
    <p id="4"><s id="4">Shortly before disappearing the aircraft asked permission from air traffic control in Jakarta to track away from its flight plan and climb above adverse weather.</s> </p>
    <p id="5"><s id="5">The pilots requested &quot;deviation due to enroute weather before communication with the aircraft was lost while it was still under the control of the Indonesian Air Traffic Control (ATC),&quot; AirAsia said in a statement on its Facebook page.</s> </p>
    <p id="6"><s id="6">The airline said 156 of those on the flight were Indonesians, along with three South Koreans and one person each from Singapore, Malaysia and France also missing.</s> </p>
    <p id="7"><s id="7">On board were 138 adult passengers, 16 children and an infant, in addition to the two pilots and five cabin crew.</s> </p>
    <p id="8"><s id="8">The Indonesian air force said two of its planes had been dispatched to scour an area of the Java Sea, southwest of Pangkalan Bun in Kalimantan province.</s> </p>
    <p id="9"><s id="9">&quot;The weather is cloudy and the area is surrounded by sea.</s> <s id="10">We are still on our way so we won't make an assumption on what happened to the plane,&quot; said Indonesian air force spokesman Hadi Cahyanto.</s> </p>
    <p id="10"><s id="11">The aircraft was operated by AirAsia Indonesia, a unit of Malaysian-based AirAsia which dominates Southeast Asia's booming low cost airline market.</s> </p>
    <p id="11"></p>
    <p id="12"></p>
    <p id="13"><s id="12">An official from Indonesia's transport ministry said the pilot asked to ascend 6,000 feet to 38,000 feet to avoid heavy clouds.</s> </p>
    <p id="14"><s id="13">&quot;The plane is in good condition but the weather is not so good,&quot; Djoko Murjatmodjo told a press conference at Jakarta's airport, addressing reports of severe storms in the area where the jet went missing.</s> </p>
    <p id="15"><s id="14">Murjatmodjo said search efforts were being focused on an area between Belitung island and Kalimantan, on the western side of the island of Borneo, about halfway along the expected route of Flight QZ8501.</s> </p>
    <p id="16"><s id="15">Singapore has offered help from its navy and air force in the hunt for the plane.</s> </p>
    <p id="17"><s id="16">The White House said US President Barack Obama had been briefed on the disappearance and that it was monitoring the situation.</s> </p>
    <p id="18"><s id="17">Indonesia, a vast archipelago with poor land transport infrastructure, has seen an explosive growth of low-cost air travel over recent years.</s> </p>
    <p id="19"><s id="18">But the air industry has been blighted by poor safety standards in an area that also experiences extreme weather -- although AirAsia said the missing jet last underwent maintenance on November 16.</s> </p>
    <p id="20"><s id="19">The company swiftly replaced its bright red logo to a grey background on its social media pages.</s> </p>
    <p id="21"><s id="20">The plane's disappearance comes at the end of a disastrous year for Malaysian aviation.</s> </p>
    <p id="22"><s id="21">Malaysia Airlines Flight MH370, carrying 239 people, vanished in March after inexplicably diverting from its Kuala Lumpur-Beijing course.</s> <s id="22">No trace of the aircraft has been found.</s> </p>
    <p id="23"><s id="23">Just months later another Malaysia Airlines plane went down in July in rebellion-torn eastern Ukraine -- believed to have been hit by a surface-to-air missile -- killing all 298 aboard.</s> </p>
    <p id="24"><s id="24">Malaysia Airlines posted a message of support to AirAsia on its Twitter page, saying: &quot;Our thoughts and prayers are with all family and friends of those on board QZ8501&quot;, along with the hashtag &quot;stay strong&quot;.</s> </p>
    <p id="25"><s id="25">AirAsia, Asia's budget travel leader, is led by flamboyant boss Tony Fernandes, a former record industry executive who acquired the then-failing airline in 2001.</s> </p>
    <p id="26"><s id="26">It has seen spectacular success and aggressive growth under his low-cost, low-overhead model.</s> </p>
    <p id="27"><s id="27">While its rival Malaysia Airlines faces potential collapse after two disasters this year, AirAsia confirmed this month its order of 55 A330-900neo passenger planes at a list price of $15 billion.</s> </p>
    <p id="28"><s id="28">burs/apj/kjl</s> </p>
  </content>
</article>
