<article>
  <headers>
    <dct>20170101T020009Z</dct>
    <title>Istanbul attack revives terror jitters in New Year</title>
    <dateline>Rio de Janeiro, Jan 1, 2017 (AFP) -</dateline>
    <credit>Agence France-Presse (AFP)</credit>
    <origin country="BRA" city="Rio de Janeiro" />
    <keywords>
      <keyword>NewYear</keyword>
      <keyword>lifestyle</keyword>
    </keywords>
    <categories>
      <iptc>16000000</iptc>
      <iptc>11000000</iptc>
      <iptc>10000000</iptc>
      <iptc>16001000</iptc>
      <iptc>01000000</iptc>
    </categories>
  </headers>
  <content>
    <p id="1"><s id="1">Gunmen who killed at least 35 revelers in an Istanbul nightclub while dressed as Santa Claus revived terror jitters as millions of people around the world ring in 2017 in style Saturday.</s> </p>
    <p id="2"><s id="2">The attack, which also wounded at least 40 more people as panicked clubgoers jumped into the Bosphorus, stoked fears that large crowds of people cramming into major cities to celebrate the New Year could present a target for violent extremists.</s> </p>
    <p id="3"><s id="3">Sydney kicked off the party -- which saw tightened security around the globe -- with a spectacular fireworks display that lit up its iconic harbor.</s> </p>
    <p id="4"><s id="4">Around 1.5 million people thronged Australia's biggest city to watch midnight fireworks erupting from the Harbour Bridge.</s> </p>
    <p id="5"><s id="5">Crowds in Hong Kong also flocked to the waterfront to watch fireworks explode over Victoria Harbour, while in Japan thousands packed the streets of Tokyo to release balloons into the air.</s> </p>
    <p id="6"><s id="6">Celebrations swung into Europe with the night sky over Moscow's Red Square literally painted red by the fireworks.</s> </p>
    <p id="7"><s id="7">And around half a million people thronged Paris's famous Champs-Elysees, where the Arc de Triomphe was lit up with a colourful countdown to 2017 and the word &quot;welcome&quot; in dozens of languages.</s> </p>
    <p id="8"><s id="8">The raucous celebrations drew to an end a year of political shocks, from Britain's vote to leave the European Union to the election of maverick leaders in the United States and Philippines.</s> </p>
    <p id="9"><s id="9">It has also been a year of celebrity deaths from David Bowie to Prince and Mohammed Ali.</s> </p>
    <p id="10"><s id="10">2016 was also a year of bloodshed and misery that has seen the war in Syria, Europe's migrant crisis and numerous terror attacks dominate the headlines.</s> </p>
    <p id="11"></p>
    <p id="12"></p>
    <p id="13"><s id="11">The violence continued on Saturday, with twin bomb blasts killing at least 27 in a busy market area in central Baghdad.</s> </p>
    <p id="14"><s id="12">But this did not stop people from flooding the streets of the Iraqi capital to celebrate and families in evening dress headed to swanky hotels for parties.</s> </p>
    <p id="15"><s id="13">Fadhel al-Araji, a 21-year-old from the Sadr City neighborhood, already had his beer in the back of his car.</s> </p>
    <p id="16"><s id="14">&quot;Tonight is about fun... Everybody can do what they want and nobody cares.</s> <s id="15">We need a night like this, Iraq needs it,&quot; he said, behind the wheel of his beat-up Toyota.</s> </p>
    <p id="17"><s id="16">In the shattered Syrian city of Aleppo, 20-year-old student Abdel Wahab Qabbani was also determined to see in 2017 in a positive frame of mind.</s> </p>
    <p id="18"><s id="17">&quot;The last two years, I didn't go out for New Year.</s> <s id="18">This time, I'm going to party,&quot; he said.</s> </p>
    <p id="19"><s id="19">The Gulf emirate of Dubai marked the new year with its usual gigantic pyrotechnics off the world's highest skyscraper, Burj Khalifa, as well as other landmarks.</s> </p>
    <p id="20"><s id="20">This year's celebration passed without problems, unlike last year when a fierce blaze broke out at a nearby tower.</s> </p>
    <p id="21"></p>
    <p id="22"></p>
    <p id="23"><s id="21">But revelers did have to contend with reinforced security measures and a heightened police presence.</s> </p>
    <p id="24"><s id="22">There were some 2,000 extra officers in Sydney after a man was arrested for allegedly making online threats against the celebrations and garbage trucks were deployed to block any attempt to plow a vehicle into the crowd.</s> </p>
    <p id="25"><s id="23">Following a deadly attack on a Berlin Christmas market on December 19, the German capital beefed up security, deploying extra police, some armed with machine guns.</s> </p>
    <p id="26"><s id="24">&quot;This year, what's new is that we will place concrete blocks and position heavy armored vehicles at the entrances&quot; to the zone around Brandenburg Gate, said a police spokesman.</s> </p>
    <p id="27"><s id="25">However, visitors seemed undeterred by recent events as they began to gather under a freezing Berlin sky for a series of concerts ahead of a large midnight fireworks display in the area.</s> </p>
    <p id="28"><s id="26">Paris saw fireworks again, after muted 2015 celebrations following the massacre of 130 people by jihadists in the French capital.</s> </p>
    <p id="29"><s id="27">Nearly 100,000 police, gendarmes and soldiers were deployed across France.</s> </p>
    <p id="30"><s id="28">Brussels reinstated its fireworks show after last year's was cancelled at the last minute due to a terrorist threat.</s> </p>
    <p id="31"><s id="29">In London, more than 100,000 people lined the banks of the River Thames to watch a spectacular 12-minute fireworks display set to a soundtrack featuring music by Bowie and Prince.</s> </p>
    <p id="32"><s id="30">There were also audio clips from Team GB's successes at the Rio Olympics as fireworks exploded into the air from platforms on the water and on the London Eye ferris wheel.</s> </p>
    <p id="33"><s id="31">Mayor Sadiq Khan proclaimed that despite the vote for Brexit, &quot;London is open to the world.&quot;</s> </p>
    <p id="34"><s id="32">An estimated 3,000 police, including armed officers, were deployed on the streets of the capital for the event.</s> </p>
    <p id="35"><s id="33">With more than a million people expected to turn out to watch the ball drop in Times Square, New York is deploying 165 &quot;blocker&quot; trucks and some 7,000 police.</s> </p>
    <p id="36"><s id="34">Extra security was also in place in Moscow, Istanbul and London.</s> </p>
    <p id="37"></p>
    <p id="38"></p>
    <p id="39"><s id="35">Rome stationed armored vehicles and greater numbers of security forces around the Coliseum and St Peter's Square, where Pope Francis will celebrate a &quot;Te Deum&quot; hymn of thanksgiving.</s> </p>
    <p id="40"><s id="36">In an earlier Mass, the pontiff urged people to reflect on the plight of the young as the year drew to a close.</s> </p>
    <p id="41"><s id="37">&quot;We have created a culture that idolizes youth... yet at the same time paradoxically we have condemned our young people to have no place in society,&quot; he said.</s> </p>
    <p id="42"><s id="38">Elsewhere, issues other than terrorism threatened to dampen the party.</s> </p>
    <p id="43"><s id="39">Up to two million people were expected at Rio's Copacabana Beach.</s> <s id="40">But with Brazil mired in its worst recession in a century, the fireworks have been cut to just 12 minutes.</s> </p>
    <p id="44"><s id="41">And normally boisterous Bangkok was seeing in the new year on a more sombre note as the nation grieves for King Bhumibol Adulyadej, who died in October.</s> </p>
    <p id="45"><s id="42">Nevertheless, revelers will at least get one extra second to enjoy the night's festivities.</s> </p>
    <p id="46"><s id="43">At the stroke of midnight, there will be a &quot;leap second&quot; decreed by the International Earth Rotation and Reference Systems Service to allow astronomical time to catch up with atomic clocks that have called the hour since 1967.</s> </p>
    <p id="47"><s id="44">burs-oh/mdl</s> </p>
  </content>
</article>
