<article>
  <headers>
    <dct>20151120T094748Z</dct>
    <title>Shooting under way at Radisson hotel in Bamako: AFP</title>
    <dateline>Bamako, Nov 20, 2015 (AFP) -</dateline>
    <credit>Agence France-Presse (AFP)</credit>
    <origin country="MLI" city="Bamako" />
    <keywords>
      <keyword>Mali</keyword>
      <keyword>unrest</keyword>
    </keywords>
    <categories>
      <iptc>16000000</iptc>
      <iptc>16001000</iptc>
      <iptc>04000000</iptc>
      <iptc>04014000</iptc>
      <iptc>04014002</iptc>
    </categories>
  </headers>
  <content>
    <p id="1"><s id="1">Jihadists launched a shooting rampage in the Radisson Blu hotel in the centre of the Malian capital Bamako on Friday, security sources and an AFP journalist said.</s> </p>
    <p id="2"><s id="2">Automatic weapons fire could be heard from outside the 190-room hotel, where security forces have set up a security cordon.</s> </p>
    <p id="3"><s id="3">&quot;It's all happening on the seventh floor, jihadists are firing in the corridor,&quot; a security source told AFP.</s> </p>
    <p id="4"><s id="4">The shooting follows a nearly 24-hour siege and hostage-taking at another hotel in August in the central Malian town of Sevare.</s> </p>
    <p id="5"><s id="5">Four soldiers, five UN workers and four attackers were killed.</s> </p>
    <p id="6"><s id="6">Islamist groups have continued to wage attacks in Mali despite a June peace deal between former Tuareg rebels in the north of the country and rival pro-government armed groups.</s> </p>
    <p id="7"><s id="7">Northern Mali fell in March-April 2012 to Al-Qaeda-linked jihadist groups long concentrated in the area before being ousted by an ongoing French-led military operation launched in January 2013.</s> </p>
    <p id="8"><s id="8">Despite the peace deal, large swathes of Mali remain beyond the control of government and foreign forces.</s> </p>
    <p id="9"><s id="9">sd/cs/txw/wdb</s> </p>
    <p id="10"></p>
    <p id="11"></p>
  </content>
</article>
