<article>
  <headers>
    <dct>20160221T201220Z</dct>
    <title>Man arrested in US shooting rampage was Uber driver</title>
    <dateline>Chicago, Feb 21, 2016 (AFP) -</dateline>
    <credit>Agence France-Presse (AFP)</credit>
    <origin country="USA" city="Chicago" />
    <keywords>
      <keyword>Uber</keyword>
      <keyword>shooting</keyword>
      <keyword>crime</keyword>
      <keyword>US</keyword>
    </keywords>
    <categories>
      <iptc>02000000</iptc>
      <iptc infered="true">02001000</iptc>
      <iptc infered="true">15051000</iptc>
    </categories>
  </headers>
  <content>
    <p id="1"><s id="1">A man arrested Sunday after a shooting rampage that left six people dead in the northern US state of Michigan was an Uber driver, the company said.</s> </p>
    <p id="2"><s id="2">Police accused Jason Dalton, 45, of carrying out a series of random shootings across Kalamazoo, Michigan late Saturday that left a trail of victims at three locations.</s> </p>
    <p id="3"><s id="3">&quot;We are horrified and heartbroken at the senseless violence in Kalamazoo, Michigan,&quot; Joe Sullivan, Uber's chief security officer, said in a statement sent to AFP.</s> </p>
    <p id="4"><s id="4">&quot;Our hearts and prayers are with the families of the victims of this devastating crime and those recovering from injuries.</s> <s id="5">We have reached out to the police to help with their investigation in any way that we can,&quot; he said.</s> </p>
    <p id="5"><s id="6">The ride-sharing company said Dalton had passed a background check and had no prior criminal record.</s> </p>
    <p id="6"><s id="7">He was carrying a semi-automatic handgun when he was arrested by police early Sunday after his vehicle was seen driving away from a bar, the county prosecutor said.</s> </p>
    <p id="7"><s id="8">The prosecutor, Jeff Getting, said Dalton surrendered without incident.</s> </p>
    <p id="8"><s id="9">bur-jm/sst</s> </p>
    <p id="9"></p>
  </content>
</article>
