<article>
  <headers>
    <dct>20140308T015508Z</dct>
    <title>Malaysia Airlines loses contact with plane carrying 239 people</title>
    <dateline>KUALA LUMPUR, March 08, 2014 (AFP) -</dateline>
    <credit>Agence France-Presse (AFP)</credit>
    <origin country="MYS" city="Kuala Lumpur" />
    <keywords>
      <keyword>MalaysiaAirlines</keyword>
      <keyword>Malaysia</keyword>
      <keyword>transport</keyword>
      <keyword>accident</keyword>
    </keywords>
    <categories>
      <iptc>03000000</iptc>
      <iptc infered="true">04015000</iptc>
    </categories>
  </headers>
  <content>
    <p id="1"><s id="1">A Malaysia Airlines flight carrying 239 people bound for Beijing has lost contact with air traffic control after leaving Malaysia's capital Kuala Lumpur, the carrier said Saturday.</s> </p>
    <p id="2"><s id="2">The airline said in a statement that Flight MH370 disappeared Saturday at 2:40 am local time (1840 GMT Friday).</s> <s id="3">It was carrying 227 passengers, including two infants, and 12 crew members.</s> </p>
    <p id="3"><s id="4">&quot;Malaysia Airlines is currently working with the authorities who have activated their search and rescue team to locate the aircraft,&quot; the carrier said.</s> </p>
    <p id="4"><s id="5">The plane, a Boeing 777-200, left Kuala Lumpur 41 minutes after midnight Saturday, and had been due to arrive in Beijing at 6:30 am local time (2230 GMT Friday).</s> </p>
    <p id="5"><s id="6">A spokeswoman said she could not immediately provide further details.</s> </p>
    <p id="6"><s id="7">Malaysia Airlines (MAS) planes have had few accidents.</s> </p>
    <p id="7"><s id="8">One of the smaller Twin Otter aircraft, operated by MASwings, crashed upon landing in Malaysia's Sabah state on Borneo island last October, killing a co-pilot and a passenger.</s> </p>
    <p id="8"><s id="9">A jet crashed in 1977 in southern Malaysia, killing all 93 passengers and seven crew.</s> </p>
    <p id="9"><s id="10">jz/st</s> </p>
  </content>
</article>
