<article>
  <headers>
    <dct>20110722T212539Z</dct>
    <title>17 killed in Norway twin attacks horror</title>
    <dateline>OSLO, July 22, 2011 (AFP) -</dateline>
    <credit>Agence France-Presse (AFP)</credit>
    <origin country="NOR" city="OSLO" />
    <keywords>
      <keyword>Norway</keyword>
      <keyword>attacks</keyword>
    </keywords>
    <categories>
      <iptc>16001000</iptc>
    </categories>
  </headers>
  <content>
    <p id="1"><s id="1">Twin shooting and bomb attacks left 17 dead on Friday as a Norwegian gunman disguised as a policeman opened fire at a youth camp and a bomb blast tore through government buildings in Oslo.</s> </p>
    <p id="2"><s id="2">Many were also reported wounded from the explosion in central Oslo and the shooting at a summer school meeting of Prime Minister Jens Stoltenberg's ruling Labour Party on an island outside the capital.</s> </p>
    <p id="3"><s id="3">In a late night press conference, Stoltenberg said it was too early to speculate to say who was behind the attacks but insisted they would not intimidate one of Europe's most peaceful countries.</s> </p>
    <p id="4"><s id="4">&quot;People have lived through a nightmare that very few of us can imagine,&quot; he said.</s> <s id="5">&quot;The coming days will show who is responsible and what kind of punishment they will get.&quot;</s> </p>
    <p id="5"><s id="6">&quot;Norway is a tight-knit small country and when this kind of catastrophe hits us this strengthens our country and that is something that will help us through this difficult time.</s> </p>
    <p id="6"><s id="7">&quot;The message to whoever attacked us, the message from all of Norway is that you will not destroy us, you will not destroy our democracy and our ideals for a better world.&quot;</s> </p>
    <p id="7"><s id="8">Speaking alongside Stoltenberg, Justice Minister Knut Storberget confirmed that a suspect who had been detained was a Norwegian national.</s> </p>
    <p id="8"><s id="9">&quot;A person has been arrested...</s> <s id="10">I have been informed that he is a Norwegian,&quot; Storberget told reporters.</s> </p>
    <p id="9"><s id="11">&quot;I do not think it is right from my position to go into details about him... (It is) way, way too early to say anything about responsibility just yet.&quot;</s> </p>
    <p id="10"><s id="12">Police confirmed at least 10 deaths on the island but added that they fear the number will rise.</s> </p>
    <p id="11"><s id="13">Police had earlier confirmed that seven people were killed in the bomb attack in Oslo.</s> </p>
    <p id="12"><s id="14">The United States and European leaders immediately denounced the attacks and vowed solidarity with NATO member Norway -- an enthusiastic participant in international military missions that has forces in Afghanistan and is participating in Western air strikes in Libya.</s> </p>
    <p id="13"><s id="15">The shootings took place at a youth camp on Utoeya, an island just outside Oslo where Stoltenberg had been due to give a speech on Saturday to the 560 people attending.</s> </p>
    <p id="14"><s id="16">Witnesses described scenes of panic and horror after the gunman, who police said was disguised as a police officer but never worked for the police force, opened fire on the youth gathering.</s> </p>
    <p id="15"><s id="17">&quot;I saw a lot of people running and screaming, I ran to the nearest building and hid under a bed,&quot; Emilie Bersaas, 19, told Britain's Sky News.</s> </p>
    <p id="16"><s id="18">&quot;It was very terrifying.</s> <s id="19">At one point the shooting was very very close to the building, it actually hit the building, the people in the next room screamed.&quot;</s> </p>
    <p id="17"><s id="20">&quot;It is kind of unreal, especially in Norway,&quot; Bersaas said.</s> <s id="21">&quot;This is something we hear about happening in the US.&quot;</s> </p>
    <p id="18"><s id="22">Norwegian police said they feared there could also be explosives on the island.</s> </p>
    <p id="19"><s id="23">Reports of the island shooting emerged shortly after a blast tore through the government quarter in central Oslo, home to the prime minister's office, other ministries and some of the country's leading media.</s> </p>
    <p id="20"><s id="24">Police said a &quot;bomb&quot; had been behind the &quot;powerful explosion&quot;.</s> </p>
    <p id="21"><s id="25">&quot;We can confirm that we have seven dead and two have been seriously injured&quot; in the bomb attack, a police spokesman told reporters at a briefing in Oslo.</s> <s id="26">Several dozen were also wounded, police said.</s> </p>
    <p id="22"><s id="27">&quot;We have no main theory, we don't even have a working theory,&quot; a police official said separately.</s> <s id="28">&quot;We already have enough to do to get an understanding of the situation.&quot;</s> </p>
    <p id="23"><s id="29">Police did say however that they believed the two attacks were connected.</s> </p>
    <p id="24"><s id="30">&quot;There are good reasons to believe that there is a link between the events,&quot; police commissioner Sveinung Sponheim told reporters in Oslo.</s> </p>
    <p id="25"><s id="31">Oslo's mayor Fabian Stang said the capital was struggling to come to terms with the idea that it had joined the list of cities targetted by bombers.</s> </p>
    <p id="26"><s id="32">&quot;Today we think about those people living in New York and London who have experienced this kind of thing,&quot; he told Sky.</s> </p>
    <p id="27"><s id="33">&quot;I do not think it is possible for us to understand what has happened today but hopefully we will be able to go on and that tomorrow Oslo will be a peaceful city again.&quot;</s> </p>
    <p id="28"><s id="34">Images on Norwegian television showed the prime minister's office and other buildings heavily damaged, sidewalks covered in broken glass and smoke rising from the area.</s> </p>
    <p id="29"><s id="35">A police spokesman said a vehicle had been seen driving at high speed in the area just before the explosion but did not confirm that the blast had been caused by a car bomb.</s> </p>
    <p id="30"><s id="36">Police had sealed off the area and urged residents to stay in their homes.</s> </p>
    <p id="31"><s id="37">The EU condemned the attacks as &quot;acts of cowardice&quot; and the NATO chief denounced them as &quot;heinous&quot;.</s> </p>
    <p id="32"><s id="38">US President Barack Obama called the attacks &quot;a reminder that the entire international community has a stake in preventing this kind of terror from occurring.&quot;</s> </p>
    <p id="33"><s id="39">Norway's intelligence police agency (PST) said in February that Islamic extremism was a major threat to the country, describing it as &quot;our main priority and our main concern&quot;.</s> </p>
    <p id="34"><s id="40">Norway, which counts some 500 troops in Afghanistan, has never suffered an attack at home by Islamic extremists.</s> </p>
    <p id="35"><s id="41">However, police last year arrested three Muslim men based in Norway suspected of planning an attack.</s> </p>
    <p id="36"><s id="42">Norwegian F-16 fighter jets are also participating in air strikes in Libya, though the country has said it will withdraw its forces from the Libya operations on August 1.</s> </p>
    <p id="37"><s id="43">The Norwegian capital is also a well-known symbol of international peace efforts, home to the Nobel Peace Prize and the birthplace of the 1993 Israeli-Palestinian Oslo Accords.</s> </p>
    <p id="38"><s id="44">phy/mm/co/gk</s> </p>
  </content>
</article>
