<article>
  <headers>
    <dct>20160717T171256Z</dct>
    <title>Three US police officers shot in Baton Rouge: media</title>
    <dateline>Washington, July 17, 2016 (AFP) -</dateline>
    <credit>Agence France-Presse (AFP)</credit>
    <origin country="USA" city="Washington" />
    <keywords>
      <keyword>BatonRouge</keyword>
      <keyword>shooting</keyword>
      <keyword>US</keyword>
    </keywords>
    <categories>
      <iptc>02001000</iptc>
      <iptc>02003000</iptc>
      <iptc>02003001</iptc>
      <iptc>02000000</iptc>
      <iptc infered="true">15051000</iptc>
    </categories>
  </headers>
  <content>
    <p id="1"><s id="1">At least three police officers have been shot in Louisiana on Sunday, US media reported.</s> </p>
    <p id="2"><s id="2">&quot;They are in extremely bad shape,&quot; WAFB television reported of the officers.</s> </p>
    <p id="3"><s id="3">The station aired video footage of police responding to the scene in Baton Rouge.</s> <s id="4">Multiple shots could be heard as civilian cars quickly backed away.</s> </p>
    <p id="4"><s id="5">grf/bbk</s> </p>
  </content>
</article>
