<article>
  <headers>
    <dct>20150419T200201Z</dct>
    <title>Finnish opposition Centre seen winning election</title>
    <dateline>Helsinki, April 19, 2015 (AFP) -</dateline>
    <credit>Agence France-Presse (AFP)</credit>
    <origin country="FIN" city="Helsinki" />
    <keywords>
      <keyword>Finland</keyword>
      <keyword>vote</keyword>
    </keywords>
    <categories>
      <iptc>11000000</iptc>
      <iptc>11003004</iptc>
      <iptc>04000000</iptc>
      <iptc>11003000</iptc>
    </categories>
  </headers>
  <content>
    <p id="1"><s id="1">Finland's opposition Centre Party came out on top in Sunday's general election, far ahead of the parties in Prime Minister Alexander Stubb's left-right coalition, partial results showed.</s> </p>
    <p id="2"><s id="2">If the results were to be confirmed, Centre Party leader Juha Sipila, a 53-year-old IT millionaire and newcomer to politics, would become Finland's next prime minister.</s> </p>
    <p id="3"><s id="3">More than a third of the electorate cast their ballots in advance voting and with most of those counted, the Centre Party was seen taking 47 of 200 seats in parliament, a projection by public radio and television YLE showed.</s> </p>
    <p id="4"><s id="4">The Social Democrats were seen taking 38 seats, Stubb's conservative National Coalition Party 37 seats, and the rightwing eurosceptic Finns Party 33 seats.</s> </p>
    <p id="5"><s id="5">&quot;I'm really pleased with these results,&quot; Sipila said.</s> </p>
    <p id="6"><s id="6">Asked if he was convinced he would be the next prime minister, he replied: &quot;Not yet.</s> <s id="7">I'm a pessimist and I don't want to be disappointed.&quot;</s> </p>
    <p id="7"><s id="8">Sipila campaigned heavily on his business know-how, vowing to get the eurozone country's economy back on track after three years of recession and stagnation, austerity and failed reforms.</s> </p>
    <p id="8"><s id="9">Voters were disgruntled with Stubb's four-party left-right government coalition, which has been paralyzed by internal discord and unable to push through any real policy changes.</s> </p>
    <p id="9"><s id="10">If the Centre's victory is confirmed, Sipila's first task will be to pick his coalition partners.</s> <s id="11">Tradition dictates that the largest party takes the post of prime minister and forms a government with the other largest parties to obtain a majority in parliament.</s> </p>
    <p id="10"><s id="12">Several weeks of thorny negotiations are expected before Sipila is able to present a coalition, and he has not yet revealed which parties he would like to collaborate with.</s> </p>
    <p id="11"></p>
    <p id="12"></p>
    <p id="13"><s id="13">&quot;The Centre Party will form the next government, but its coalition parties are too close to call,&quot; Helsinki University political history professor Juhana Aunesluoma told AFP after the first results were in.</s> </p>
    <p id="14"><s id="14">&quot;Very difficult negotiations can be expected with the conservatives or the Social Democrats,&quot; he added.</s> </p>
    <p id="15"><s id="15">Elected to parliament in 2011, Sipila became Centre party leader in 2012 when he was still virtually unknown to most Finns.</s> </p>
    <p id="16"><s id="16">His party, which has been in the opposition since 2011, has however been a dominant force in Finnish politics, fostering 12 prime ministers.</s> </p>
    <p id="17"><s id="17">The election campaign was dominated by Finland's struggling economy.</s> </p>
    <p id="18"><s id="18">The country was long a top performer in the eurozone, hailed by Germany and credit rating agencies for running a tight economic ship.</s> <s id="19">But it has failed to adapt to a rapidly changing economic climate.</s> </p>
    <p id="19"><s id="20">The two pillars of its economy, the forestry sector and technology industry led by one-time giant Nokia, have shrunk dramatically, while two of Finland's biggest trading partners, Russia and the eurozone, are slogging through their own economic woes.</s> </p>
    <p id="20"><s id="21">Unemployment is at its highest level since 2003, at 9.2 percent.</s> </p>
    <p id="21"><s id="22">&quot;The main point in this election is the bad economic situation in Finland, so I voted for people I believe are experts in the economy,&quot; 64-year-old Jorma Mahonen said after casting his ballot in Helsinki.</s> </p>
    <p id="22"><s id="23">Rafael Donner, 25, was pessimistic.</s> </p>
    <p id="23"><s id="24">&quot;I don't think this election is going to change much.</s> <s id="25">Society won't accept that GDP can't grow forever,&quot; he said.</s> </p>
    <p id="24"><s id="26">&quot;I believe we in Finland have enough.</s> <s id="27">I look at my friends and they all have iPhones, go on holiday to nice places, and have brunches every weekend.&quot;</s> </p>
    <p id="25"><s id="28">Faced with Finland's economic woes, &quot;the government programme will be quite difficult to create,&quot; Aunesluoma predicted.</s> </p>
    <p id="26"><s id="29">Sipila has vowed to create 200,000 private sector jobs in 10 years.</s> </p>
    <p id="27"><s id="30">&quot;We need... new entrepreneurship and new jobs in the whole of Finland.</s> <s id="31">We need bold solutions (and) goal-oriented leadership,&quot; he said on the eve of the election.</s> </p>
    <p id="28"><s id="32">str-hh/po/mfp</s> </p>
  </content>
</article>
