<article>
  <headers>
    <dct>20141216T084537Z</dct>
    <title>Three dead, 35 wounded in attack on Pakistan school: officials</title>
    <dateline>PESHAWAR, Pakistan, Dec 16, 2014 (AFP) -</dateline>
    <credit>Agence France-Presse (AFP)</credit>
    <origin country="PAK" city="Peshawar" />
    <keywords>
      <keyword>Pakistan</keyword>
      <keyword>school</keyword>
      <keyword>unrest</keyword>
      <keyword>toll</keyword>
    </keywords>
    <categories>
      <iptc>16000000</iptc>
      <iptc infered="true">05005000</iptc>
    </categories>
  </headers>
  <content>
    <p id="1"><s id="1">A Taliban attack on an army-run school in northwest Pakistan on Tuesday left at least three students dead and 35 people wounded, hospital and police sources said.</s> </p>
    <p id="2"><s id="2">Sharif Khan, a doctor at the Lady Reading Hospital in the city of Peshawar, where the attack is still under way, said they had received the bodies of three students.</s> <s id="3">A senior police official confirmed the toll.</s> </p>
    <p id="3"><s id="4">str-sjd/pdw/as</s> </p>
  </content>
</article>
