<article>
  <headers>
    <dct>20160209T105907Z</dct>
    <title>null</title>
    <origin country="DEU" city="Bad Aibling" />
    <keywords>
      <keyword>ALERT</keyword>
    </keywords>
    <categories>
      <iptc>03013000</iptc>
      <iptc>03000000</iptc>
      <iptc>03010000</iptc>
      <iptc>03010002</iptc>
    </categories>
  </headers>
  <content>
    <p id="1"><s id="1">German train collision death toll rises to eight: police</s> </p>
    <p id="2"><s id="2">bur-hmn/dlc/pdw</s> </p>
  </content>
</article>
