<article>
  <headers>
    <dct>20120718T134711Z</dct>
    <title>Head of crisis cell killed in Damascus blast: NGO</title>
    <dateline>BEIRUT, July 18, 2012 (AFP) -</dateline>
    <credit>Agence France-Presse (AFP)</credit>
    <origin country="LBN" city="BEIRUT" />
    <keywords>
      <keyword>Turkmani</keyword>
      <keyword>Syria</keyword>
      <keyword>conflict</keyword>
    </keywords>
    <categories>
      <iptc>16000000</iptc>
      <iptc>16010000</iptc>
    </categories>
  </headers>
  <content>
    <p id="1"><s id="1">The head of the Syrian regime's crisis cell, General Hassan Turkmani, was killed in a Damascus attack on the National Security headquarters on Wednesday, the Syrian Observatory for Human Rights said.</s> </p>
    <p id="2"><s id="2">Lebanon's Hezbollah-owned television station Al-Manar also reported the death of Turkmani, a former defence minister, hours after the defence minister and President Bashar al-Assad's brother-in-law were confirmed dead in the same attack.</s> </p>
    <p id="3"><s id="3">ser/al</s> </p>
  </content>
</article>
