<article>
  <headers>
    <dct>20110722T140950Z</dct>
    <title>Explosion near Norway tabloid, government HQ: reports</title>
    <dateline>OSLO, July 22, 2011 (AFP) -</dateline>
    <credit>Agence France-Presse (AFP)</credit>
    <origin country="NOR" city="OSLO" />
    <keywords>
      <keyword>government</keyword>
      <keyword>Norway</keyword>
      <keyword>blast</keyword>
    </keywords>
    <categories>
      <iptc>11006000</iptc>
      <iptc>03014000</iptc>
    </categories>
  </headers>
  <content>
    <p id="1"><s id="1">An explosion rocked the building of Norway's biggest tabloid newspaper VG and the government's headquarters in Oslo on Friday, leaving at least several people injured, local media reported.</s> </p>
    <p id="2"><s id="2">&quot;I see that some windows of the VG building and the government headquarters have been broken.</s> <s id="3">Some people covered with blood are lying in the street,&quot; a journalist with public radio NRK said from the scene.</s> </p>
    <p id="3"><s id="4">The radio reported that the explosion seemed to happen near the finance ministry, which is near the Norwegian prime minister's office and the VG editorial offices.</s> </p>
    <p id="4"><s id="5">Prime Minister Jens Stoltenberg was not believed to have been in his office at the time.</s> </p>
    <p id="5"><s id="6">&quot;There is glass everywhere.</s> <s id="7">It is total chaos.</s> <s id="8">The windows of the all the surrounding buildings have been blown out,&quot; added NRK journalist Ingunn Andersen.</s> </p>
    <p id="6"><s id="9">Photos posted on the NRK website showed shattered glass in front of the devastated facade of the VG building, and soldiers closing off the area and people surrounding someone apparently injured in the blast.</s> </p>
    <p id="7"><s id="10">Oslo police were not immediately available for comment.</s> </p>
    <p id="8"><s id="11">phy/map/mm</s> </p>
  </content>
</article>
