<article>
  <headers>
    <dct>20120304T194320Z</dct>
    <title>Polish train wreck kills 16, injures scores</title>
    <dateline>Szczekociny, Poland, March 4, 2012 (AFP) -</dateline>
    <credit>Agence France-Presse (AFP)</credit>
    <origin country="POL" city="Szczekociny" />
    <keywords>
      <keyword>Poland</keyword>
      <keyword>accident</keyword>
      <keyword>train</keyword>
    </keywords>
    <categories>
      <iptc>03013000</iptc>
      <iptc>03010002</iptc>
    </categories>
  </headers>
  <content>
    <p id="1"><s id="1">Sixteen people were dead and scores were in hospital Sunday after two trains crashed head-on in southern Poland in the country's worst accident in more than two decades.</s> </p>
    <p id="2"><s id="2">A southbound train from Warsaw slammed into another train travelling north on the same track at Szczekociny, some 200 kilometres (120 miles) from the capital, in the accident late Saturday, crumpling their locomotives and hurling passengers from their seats.</s> </p>
    <p id="3"><s id="3">President Bronislaw Komorowski declared two days of national mourning starting Monday, with flags to fly at half-mast across the country and sporting and cultural events cancelled.</s> </p>
    <p id="4"><s id="4">&quot;I can confirm that for now there are sixteen fatalities.</s> <s id="5">I do not believe the death toll wil rise.</s> <s id="6">Sniffer dogs at the crash site found no more human traces,&quot; Poland's Interior Minister Jacek Cichocki said.</s> </p>
    <p id="5"><s id="7">Poland's PAP news agency said an American woman was among the dead.</s> </p>
    <p id="6"><s id="8">Fifty-one people were in hospital, including three who were in a serious condition, Cichocki added.</s> </p>
    <p id="7"><s id="9">Ukrainian nationals, a citizen of Moldova and a Czech were reported to be among the injured, while French and Spanish citizens also counted among the some 350 passengers on the trains but apparently escaped unscathed.</s> </p>
    <p id="8"><s id="10">Britain, France as well as Poland's neighbours Germany, Ukraine and Slovakia were among the first to send condolences to Warsaw in the wake of the crash.</s> </p>
    <p id="9"><s id="11">The two trains collided at around 9:00 pm (2000 GMT) Saturday as they were travelling on the same track, according to Poland's PKP railways.</s> </p>
    <p id="10"><s id="12">One was heading to southern Krakow from Warsaw, while the other was bound for the capital from southeastern Przemysl.</s> </p>
    <p id="11"><s id="13">Investigators gave no early indication as to what caused the crash, which happened on a stretch of the line that had recently been modernised, according  to Transport Minister Slawomir Nowak.</s> </p>
    <p id="12"><s id="14">The disaster came as Poland is hurriedly revamping its communist-era rail and road infrastructures ahead of the Euro 2012 football championships, which it is co-hosting with Ukraine and which kick off on June 8.</s> </p>
    <p id="13"><s id="15">It threw three carriages and both of the trains' locomotives off the tracks, leaving them piled high on top of each other in a mass of tangled steel.</s> </p>
    <p id="14"><s id="16">&quot;We heard a deafening noise and we were hurled out of our seats,&quot; an unnamed survivor told Polish media after escaping from the wreckage late Saturday.</s> </p>
    <p id="15"><s id="17">&quot;We saw crushed bodies pinned beneath seats and we saw parts of bodies inside and outside the train wagons,&quot; the survivor said.</s> </p>
    <p id="16"><s id="18">&quot;It was terrifying.</s> <s id="19">The scale of destruction is huge,&quot; one of the first firemen on the scene told PAP.</s> </p>
    <p id="17"><s id="20">Another survivor told the TVN24 news channel of dead bodies as well as people still alive but pinned under twisted metal.</s> </p>
    <p id="18"><s id="21">Rescue workers had toiled overnight to pull survivors from the wreckage.</s> </p>
    <p id="19"><s id="22">It was the worst rail accident in Poland since 1990, when 16 people were killed in a collision between two trains in the Warsaw suburb of Ursus.</s> </p>
    <p id="20"><s id="23">Poland's worst train accident was in 1980 when 67 people died and 62 were injured in a collision between a passenger and a freight train in Otoczyn, near Torun, northern Poland.</s> </p>
    <p id="21"><s id="24">mas-sw-bo/hmn</s> </p>
  </content>
</article>
