<article>
  <headers>
    <dct>20071227T142911Z</dct>
    <title>Benazir Bhutto assassinated in Pakistan by Nasir Jaffry =(PICTURE)= ATTENTION - CORRECTION - Please read in 11th para that Bhutto's father was hanged, sted as sent. Herewith is a corrected repetition: ///</title>
    <origin country="PAK" city="RAWALPINDI" />
    <keywords>
      <keyword>Bhutto</keyword>
      <keyword>Pakistan</keyword>
      <keyword>vote</keyword>
    </keywords>
    <categories>
      <iptc>11000000</iptc>
      <iptc infered="true">11003000</iptc>
    </categories>
  </headers>
  <content>
    <p id="1"><s id="1">RAWALPINDI, Pakistan, Dec 27, 2007 (AFP) - Pakistan opposition leader Benazir Bhutto was assassinated in a suicide attack on Thursday, just two months after the former premier returned from exile for a political comeback.</s> <s id="2">Bhutto, a two-time former prime minister, had just addressed a campaign rally for next month's parliamentary elections when a suicide bomber blew himself up outside the venue, killing her and at least 10 other people.</s> </p>
    <p id="2"><s id="3">There were unconfirmed reports that the attacker had also opened fire on her with a weapon before the explosion.</s> </p>
    <p id="3"><s id="4">&quot;It may have been pellets packed into the suicide bomber's vest that hit her,&quot; interior ministry spokesman Javed Cheema told AFP.</s> </p>
    <p id="4"><s id="5">It was the second suicide attack at a Bhutto event since she had returned from exile in October, aiming to contest the elections, and comes amid an unprecedented wave of violence in the country.</s> </p>
    <p id="5"><s id="6">The deadliest terror attack in Pakistan's history targetted her homecoming rally just hours after her return, leaving 139 people dead.</s> </p>
    <p id="6"><s id="7">After that attack, authorities repeatedly warned her they had information that Islamic militants were trying to kill her.</s> </p>
    <p id="7"><s id="8">Government officials said President Pervez Musharraf had been privately told of her death.</s> </p>
    <p id="8"><s id="9">The killing will deepen the political crisis in Pakistan, where Islamic militants have vowed to disrupt the vote and Musharraf's opponents -- including Bhutto -- accused him of planning to rig the result.</s> </p>
    <p id="9"><s id="10">There have been more than 40 suicide attacks in Pakistan this year that have left at least 770 people dead.</s> </p>
    <p id="10"><s id="11">Bhutto, educated at Oxford and Harvard, became the first female prime minister of a Muslim country when she took the helm in Pakistan in 1988.</s> <s id="12">Her father, also a Pakistani prime minister, was hanged by the military in 1979 after being ousted from power.</s> </p>
    <p id="11"><s id="13">Recalling how she stood at his grave, Bhutto once wrote: &quot;At that moment I pledged to myself that I would not rest until democracy had returned to Pakistan.&quot;</s> </p>
    <p id="12"><s id="14">She had repeatedly accused President Musharraf of being dictator and had been campaigning with fierce criticisms of what she said was his autocratic rule, vowing her Pakistan People's Party would deliver democracy.</s> </p>
    <p id="13"><s id="15">Her killing was immediately condemned by the United States, which counts Pakistan as a pivotal ally in the US-led &quot;war on terror&quot;.</s> </p>
    <p id="14"><s id="16">Deputy State Department spokesman Tom Casey could not confirm that Bhutto had been killed in the bombing.</s> </p>
    <p id="15"><s id="17">But he said: &quot;We obviously condemn the attack that shows that there are people out there who are trying to disrupt the building of democracy in Pakistan.&quot;</s> </p>
    <p id="16"><s id="18">A shaken Nawaz Sharif, Bhutto's main rival in the January 8 election, said he shared the grief of the entire nation and promised to take up her fight.</s> </p>
    <p id="17"><s id="19">&quot;I assure you that I will fight your war from now on,&quot; he told Bhutto's supporters, who were crying and wailing outside the hospital in the city of Rawalpindi.</s> </p>
    <p id="18"><s id="20">bur-mc/pch</s> </p>
  </content>
</article>
