<article>
  <headers>
    <dct>20100530T071026Z</dct>
    <title>Colombians head for polls, amid tight race for president</title>
    <dateline>BOGOTA, May 30, 2010 (AFP) -</dateline>
    <credit>Agence France-Presse (AFP)</credit>
    <origin country="COL" city="BOGOTA" />
    <keywords>
      <keyword>Colombia</keyword>
      <keyword>vote</keyword>
    </keywords>
    <categories>
      <iptc>11003000</iptc>
    </categories>
  </headers>
  <content>
    <p id="1"><s id="1">Colombians Sunday head to the polls to choose from among nine candidates their next president, with former defense minister Juan Manuel Santos and former Bogota mayor Antanas Mockus neck-and-neck to replace President Alvaro Uribe.</s> </p>
    <p id="2"><s id="2">Sunday's ballot is the first round in the election, in which the nine candidates will be whittled down to just two -- likely Santos and Mockus -- in a knockout round on June 20.</s> </p>
    <p id="3"><s id="3">The latest opinion polls indicate a second round is unavoidable given how close the two top contenders are running -- around 35 percent each, with some of the trailing rivals, especially conservative Noemi Sanin and leftist Gustavo Petro gaining enough ground to carry some negotiating weight before the climax vote.</s> </p>
    <p id="4"><s id="4">The Organization of American States, which has sent 85 observers to the election, has warned Colombia's voting system -- manual count and results sent by phone -- could pose some difficulties.</s> </p>
    <p id="5"><s id="5">&quot;The fragile polling system will be put to a test in a very close and important election,&quot; OAS observer mission chief Enrique Correa told AFP.</s> </p>
    <p id="6"><s id="6">Pre-election violence reared its ugly head Saturday with four people killed, including two soldiers who stepped across a rural mine field, and two children aged nine and 14 killed when a home-made-bomb was tossed inside a house.</s> </p>
    <p id="7"><s id="7">A Marxist rebel warning to voters in Colombia to stay away from presidential elections may have delivered a possible break to Santos, Uribe's chosen successor, who has said the threat was explicitly aimed at blocking ballots for him.</s> </p>
    <p id="8"><s id="8">Santos climbed to front of the pack in the election campaign by boasting of his 2004-2009 ministerial record of battling the Revolutionary Armed Forces of Colombia (FARC) guerrillas.</s> </p>
    <p id="9"><s id="9">Uribe, who has to step down in August after completing the maximum two four-year terms, and failing to secure a constitutional change for a third term, is leaving office with a huge popularity rating for his successes in decimating the FARC.</s> </p>
    <p id="10"><s id="10">Victories include the 2008 liberation of one-time presidential candidate Ingrid Betancourt and three US military contractors, and an incursion into Ecuador to kill a senior FARC figure, Raul Reyes.</s> </p>
    <p id="11"><s id="11">The rebels, though, continue to engender great fear in the population and remain active in half the jungle-covered country.</s> </p>
    <p id="12"><s id="12">Campaign rallies have been punctuated by slogans saying &quot;No to fear&quot; in reference to the 46-year-old FARC, the oldest insurgency in the Americas responsible for murders, kidnappings and extortion, and generalized crime.</s> </p>
    <p id="13"><s id="13">Most of Colombia's 30 million voters were expected to ignore the rebels' threat, as they did in 2006 when they re-elected Uribe despite the FARC's demand to the contrary.</s> </p>
    <p id="14"><s id="14">&quot;The FARC intend to interfere in the elections.</s> <s id="15">In some areas of the country they are threatening people to stop them from voting for me,&quot; said Santos, who has vowed to pursue Uribe's hardline policies against the rebels.</s> </p>
    <p id="15"><s id="16">Authorities reported combats Saturday in northern Bolivar department between the army and FARC guerrillas, but gave no casualty toll.</s> </p>
    <p id="16"><s id="17">On Uribe's eight-year watch, military spending has swelled from three percent of gross domestic product to 4.1 percent, boosting the security forces from 220,000 men to 425,000.</s> </p>
    <p id="17"><s id="18">Anti-FARC operations over the same period thinned the rebels' ranks from an estimated 17,000 in 2002 to around 7,500 today.</s> </p>
    <p id="18"><s id="19">The tough fight, though, also raised charges against Uribe's government of perpetrating human rights abuses and encouraging rightwing paramilitary forces as brutal as the FARC.</s> </p>
    <p id="19"><s id="20">It has also created friction with neighbors Venezuela and Ecuador, who resented the 2008 cross-border military raid against Reyes and Bogota's accusations that Venezuelan President Hugo Chavez gave weapons and other support to the FARC.</s> </p>
    <p id="20"><s id="21">Mockus, for his part, has promised he would give no quarter to the rebels, either, though he also emphasized his neo-liberal economic policies.</s> </p>
    <p id="21"><s id="22">His base of support is the relatively better-off citizenry of the capital, while Santos has wooed Colombia's large population of rural and poorer voters.</s> </p>
    <p id="22"><s id="23">The last poll, published a week ago by the firm Ipsos Napoleon Franco, credited Santos with 34 percent of voter intentions in Sunday's election, and Mockus with 32 percent.</s> <s id="24">The margin of error of 2.8 percent meant that was viewed as a dead heat.</s> </p>
    <p id="23"><s id="25">A former ambassador to Britain, Noemi Sanin was seen as a distant third with around six percent.</s> </p>
    <p id="24"><s id="26">In a knockout round between Santos and Mockus, the latter was tentatively seen as having the edge, 45 percent to 40 percent.</s> </p>
    <p id="25"><s id="27">bur/rmb/fgf/mk/lt</s> </p>
  </content>
</article>
