<article>
  <headers>
    <dct>20160817T172501Z</dct>
    <title>Around 10 seriously injured in France train crash</title>
    <dateline>Montpellier, France, Aug 17, 2016 (AFP) -</dateline>
    <credit>Agence France-Presse (AFP)</credit>
    <origin country="FRA" city="Montpellier" />
    <keywords>
      <keyword>transport</keyword>
      <keyword>France</keyword>
      <keyword>accident</keyword>
    </keywords>
    <categories>
      <iptc>03013000</iptc>
      <iptc>04015000</iptc>
      <iptc>04015002</iptc>
      <iptc>04000000</iptc>
      <iptc>03010000</iptc>
      <iptc>03000000</iptc>
      <iptc>03010002</iptc>
    </categories>
  </headers>
  <content>
    <p id="1"><s id="1">A regional train crashed into a tree which had fallen on to the tracks in southern France on Wednesday, leaving around 10 people with serious injuries, rescue workers said.</s> </p>
    <p id="2"><s id="2">The train was travelling at 140 kilometres an hour (87 mph) between Nimes and Montpellier when it hit a tree that had been uprooted by a hailstorm, they said.</s> </p>
    <p id="3"><s id="3">Some of the injured were in an &quot;absolutely urgent&quot; state and another 50 people suffered minor injuries.</s> </p>
    <p id="4"><s id="4">&quot;At Lunel at around 3:45 pm, a TER (regional train) going at 140 kmh hit a tree which had fallen on to the track after extremely violent storms in the region,&quot; national rail operator SNCF said.</s> </p>
    <p id="5"><s id="5">&quot;Firefighters and police are at the scene where access is very difficult,&quot; SNCF added.</s> </p>
    <p id="6"><s id="6">The rail company did not give any information about how many passengers had been on the train at the time of the accident.</s> </p>
    <p id="7"><s id="7">cor-bbm-gbh/gj/gd/har</s> </p>
  </content>
</article>
