<article>
  <headers>
    <dct>20110722T144936Z</dct>
    <title>One killed in Norway explosion: radio</title>
    <dateline>OSLO, July 22, 2011 (AFP) -</dateline>
    <credit>Agence France-Presse (AFP)</credit>
    <origin country="NOR" city="OSLO" />
    <keywords>
      <keyword>government</keyword>
      <keyword>Norway</keyword>
      <keyword>toll</keyword>
      <keyword>blast</keyword>
    </keywords>
    <categories>
      <iptc>11006000</iptc>
      <iptc>03014000</iptc>
    </categories>
  </headers>
  <content>
    <p id="1"><s id="1">At least one person was killed by a powerful explosion which ripped through government and media buildings in Norway's capital Oslo on Friday, Norwegian radio reported.</s> </p>
    <p id="2"><s id="2">There was no immediate confirmation of any fatalities from police.</s> </p>
    <p id="3"><s id="3">phy/fc/co/boc</s> </p>
  </content>
</article>
