<article>
  <headers>
    <dct>20151120T100927Z</dct>
    <title>Two people holding 170 guests, staff hostage in Bamako hotel: company</title>
    <dateline>London, Nov 20, 2015 (AFP) -</dateline>
    <credit>Agence France-Presse (AFP)</credit>
    <origin country="GBR" city="London" />
    <keywords>
      <keyword>Mali</keyword>
      <keyword>unrest</keyword>
      <keyword>hotel</keyword>
      <keyword>Britain</keyword>
    </keywords>
    <categories>
      <iptc>16000000</iptc>
      <iptc>16001000</iptc>
      <iptc infered="true">04014002</iptc>
    </categories>
  </headers>
  <content>
    <p id="1"><s id="1">Two people have &quot;locked in&quot; 140 guests and 30 employees in an ongoing hostage-taking at the Radisson hotel in Bamako, the hotel chain said in a statement on Friday.</s> </p>
    <p id="2"><s id="2">&quot;The Rezidor Hotel Group... is aware of the hostage-taking that is ongoing at the property today, 20th November 2015.</s> <s id="3">As per our information two persons have locked in 140 guests and 30 employees,&quot; the company said.</s> </p>
    <p id="3"><s id="4">mc/dt/jwp/kjl</s> </p>
  </content>
</article>
