<article>
  <headers>
    <dct>20161021T220543Z</dct>
    <title>53 killed in Cameroon train derailment: state radio</title>
    <dateline>Yaoundé, Oct 21, 2016 (AFP) -</dateline>
    <credit>Agence France-Presse (AFP)</credit>
    <origin country="CMR" city="Yaoundé" />
    <keywords>
      <keyword>Cameroon</keyword>
      <keyword>accident</keyword>
      <keyword>train</keyword>
    </keywords>
    <categories>
      <iptc>03000000</iptc>
    </categories>
  </headers>
  <content>
    <p id="1"><s id="1">Fifty-three were killed and over 300 injured when a packed Cameroon passenger train derailed on Friday while travelling between the capital Yaounde and the economic hub Douala, state broadcaster Crtv said.</s> </p>
    <p id="2"><s id="2">The train, crammed with people due to road traffic disruption between the two cities, left the tracks just before reaching the central city of Eseka, Transport minister Edgar Alain Mebe Ngo'o said earlier.</s> </p>
    <p id="3"><s id="3">Crtv gave the tolls of 53 dead and more than 300 injured, adding that some of the injured where in a very serious condition.</s> </p>
    <p id="4"><s id="4">&quot;Cause of the accident is not yet clear,&quot; the broadcaster added.</s> </p>
    <p id="5"><s id="5">The minister said the derailment had &quot;caused significant human and material damage but I can't at this time give you any figures&quot;.</s> </p>
    <p id="6"><s id="6">A ministerial delegation was being sent to the accident site.</s> </p>
    <p id="7"><s id="7">According to Crtv the train left for Yaounde shortly after 11:00 am (1000 GMT) packed with passengers.</s> </p>
    <p id="8"><s id="8">The route was particularly busy after a bridge on the road linking Yaounde and Douala collapsed in heavy rain overnight Thursday to Friday, paralysing traffic and sending extra waves of travellers on to trains.</s> </p>
    <p id="9"><s id="9">&quot;Intervention and security teams have been mobilised,&quot; the rail company Camrail said.</s> </p>
    <p id="10"><s id="10">rek-mc/pvh/har</s> </p>
  </content>
</article>
