<article>
  <headers>
    <dct>20110613T052802Z</dct>
    <title>New quakes rock New Zealand's Christchurch</title>
    <dateline>CHRISTCHURCH, New Zealand, June 13, 2011 (AFP) -</dateline>
    <credit>Agence France-Presse (AFP)</credit>
    <origin country="NZL" city="CHRISTCHURCH" />
    <keywords>
      <keyword>quake</keyword>
      <keyword>NZealand</keyword>
    </keywords>
    <categories>
      <iptc>03002000</iptc>
    </categories>
  </headers>
  <content>
    <p id="1"><s id="1">A series of strong quakes, including a 6.0-magnitude tremor, rocked New Zealand's Christchurch on Monday, causing one building to collapse and fraying nerves in the stricken city.</s> </p>
    <p id="2"><s id="2">Prime Minister John Key said power had been cut to some 6,000 homes after the quakes, in which 10 people were injured by falling debris but no-one killed, according to initial figures gathered from emergency personnel.</s> </p>
    <p id="3"><s id="3">The US Geological Survey and New Zealand authorities measured Monday's biggest quake at magnitude 6.0, placing the epicentre nine kilometres (5.6 miles) deep and within 14 kilometres of the country's second largest city.</s> </p>
    <p id="4"><s id="4">The major aftershock followed a string of earlier tremors, including a 5.2-magnitude jolt which caused building damage in the city, which is still recovering from a magnitude 6.3 quake in February which killed 181 people.</s> </p>
    <p id="5"><s id="5">&quot;These latest aftershocks have caused a renewed level of concern and upset for Christchurch residents who have found them frightening and unsettling,&quot;  the prime minister said.</s> </p>
    <p id="6"><s id="6">&quot;However, today's event in no way weakens the government's long-term commitment to rebuild Christchurch and its surrounding areas.&quot;</s> </p>
    <p id="7"><s id="7">Christchurch mayor Bob Parker agreed it had been &quot;a nasty shake&quot;.</s> </p>
    <p id="8"><s id="8">&quot;People will be shaken.</s> <s id="9">I don't think we are going to come out of this completely unscathed,&quot; he told Sky News.</s> </p>
    <p id="9"><s id="10">Police confirmed that a structure had fallen over in central Christchurch, much of which is still blocked off after the major earthquake earlier this year, but said nobody was trapped in the rubble.</s> </p>
    <p id="10"><s id="11">Fire officers rescued two people from St John's Church in Latimer Square in the city centre, which was damaged by the quake.</s> </p>
    <p id="11"><s id="12">The 6.0-magnitude shock prompted police to fully evacuate an area of the damaged central city known as the red zone, while rock falls closed several bridges and prompted the closure of one police station.</s> </p>
    <p id="12"><s id="13">Police urged residents to check on friends and neighbours, and to stay at home and avoid travelling if possible, but residents gridlocked the roads as they attempted to find their way home and reach family.</s> </p>
    <p id="13"><s id="14">Empty cars stood abandoned on the roads towards Christchurch, while traffic lights were out in much of the city.</s> </p>
    <p id="14"><s id="15">Local Richard Wills said he was inside his apartment when the first quake hit, knocking items off shelves.</s> </p>
    <p id="15"><s id="16">&quot;The second one was appreciably more violent,&quot; he told AFP.</s> </p>
    <p id="16"><s id="17">Wills said the series of quakes, following earlier tremors, was preying on people's nerves, many of whom had their homes or businesses destroyed by the February upheaval and were still experiencing regular aftershocks.</s> </p>
    <p id="17"><s id="18">&quot;I feel very, very sorry for them, I wouldn't like to be in their position,&quot; Wills said.</s> </p>
    <p id="18"><s id="19">The series of quakes came just hours after the opening of an inquest examining why an office block collapsed in February's earthquake, killing more than 100 people, including 65 foreign students.</s> </p>
    <p id="19"><s id="20">When the first tremors hit around lunchtime, lawyers and relatives of those killed when the Canterbury Television (CTV) building toppled and then burst into flames on February 22 fled the building as windows rattled.</s> </p>
    <p id="20"><s id="21">Geoscience Australia seismologist David Jepson said people would have been shaken quite strongly after New Zealand's South Island had endured much seismic activity in recent months.</s> </p>
    <p id="21"><s id="22">&quot;It seems like they are going to keep happening.</s> <s id="23">Since they had that really big earthquake it seems to me like it activated all these different faults.</s> <s id="24">But it's just a guessing game what is going to happen next,&quot; he said.</s> </p>
    <p id="22"><s id="25">ns-mfc/pdw</s> </p>
  </content>
</article>
