<article>
  <headers>
    <dct>20151202T224303Z</dct>
    <title>Fatalities in California shooting, suspects at large: official</title>
    <dateline>San Bernardino, United States, Dec 2, 2015 (AFP) -</dateline>
    <credit>Agence France-Presse (AFP)</credit>
    <origin country="USA" city="San Bernardino" />
    <keywords>
      <keyword>shooting</keyword>
      <keyword>crime</keyword>
      <keyword>suspects</keyword>
      <keyword>US</keyword>
    </keywords>
    <categories>
      <iptc>02001000</iptc>
      <iptc>02000000</iptc>
      <iptc infered="true">15051000</iptc>
    </categories>
  </headers>
  <content>
    <p id="1"><s id="1">There are an unknown number of fatalities in a shooting Wednesday in the California city of San Bernardino, and as many as three suspects still at large, an official said.</s> </p>
    <p id="2"><s id="2">&quot;I know there are fatalities.</s> <s id="3">I don't know the numbers on them,&quot; Olivia Bozek, deputy public affairs officer for the San Bernardino County Sheriff's Department, told MSNBC.</s> <s id="4">&quot;So far there's one to three suspects that are still at large -- nobody is in custody.&quot;</s> </p>
    <p id="3"><s id="5">bur-sst/pst</s> </p>
  </content>
</article>
