<article>
  <headers>
    <dct>20170116T102013Z</dct>
    <title>'Pilot error' caused Turkish cargo plane crash: Kyrgyzstan official</title>
    <dateline>Bishkek, Kyrgyzstan, Jan 16, 2017 (AFP) -</dateline>
    <credit>Agence France-Presse (AFP)</credit>
    <origin country="KGZ" city="Bishkek" />
    <keywords>
      <keyword>pilot</keyword>
      <keyword>aviation</keyword>
      <keyword>Kyrgyzstan</keyword>
      <keyword>accident</keyword>
    </keywords>
    <categories>
      <iptc>03013000</iptc>
      <iptc>03000000</iptc>
      <iptc>03010000</iptc>
      <iptc>03010003</iptc>
      <iptc infered="true">04015001</iptc>
    </categories>
  </headers>
  <content>
    <p id="1"><s id="1">The crash of a Turkish cargo plane in Kyrgyzstan that claimed at least 37 lives on Monday was caused by &quot;pilot error,&quot; authorities in the Central Asian country said.</s> </p>
    <p id="2"><s id="2">&quot;According to preliminary information, the plane crashed due to a pilot error,&quot; deputy prime minister Muhammetkaly Abulgaziev said at a briefing broadcast on state television.</s> </p>
    <p id="3"><s id="3">tol-cr/gtf/jm</s> </p>
  </content>
</article>
