<article>
  <headers>
    <dct>20151203T002032Z</dct>
    <title>At least 14 dead in California mass shooting</title>
    <dateline>San Bernardino, United States, Dec 2, 2015 (AFP) -</dateline>
    <credit>Agence France-Presse (AFP)</credit>
    <origin country="USA" city="San Bernardino" />
    <keywords>
      <keyword>shooting</keyword>
      <keyword>crime</keyword>
      <keyword>US</keyword>
    </keywords>
    <categories>
      <iptc>03013000</iptc>
      <iptc>02001000</iptc>
      <iptc>03000000</iptc>
      <iptc>02000000</iptc>
      <iptc infered="true">15051000</iptc>
    </categories>
  </headers>
  <content>
    <p id="1"><s id="1">As many as three gunmen opened fire inside a center for the disabled in San Bernardino, California on Wednesday, killing at least 14 people and wounding 14 others before fleeing the scene, officials said.</s> </p>
    <p id="2"><s id="2">Police said a massive manhunt was underway for the suspects who reportedly fled in a dark SUV after the late morning shooting at the Inland Regional Center shooting in the city, which is about an hour's drive east of Los Angeles.</s> </p>
    <p id="3"><s id="3">The deadly incident was the latest in a series of mass shootings in the United States, a spiral of violence that has exasperated President Barack Obama, who once again called on Congress to pass tougher gun control measures.</s> </p>
    <p id="4"><s id="4">San Bernardino police chief Jarrod Burguan told reporters the shooters were armed with long guns and &quot;came prepared to do what they did, as if they were on a mission.&quot;</s> </p>
    <p id="5"><s id="5">He said that while the motive and identities of the attackers were not yet known, &quot;at a minimum, we have a domestic terrorist type situation that occurred here.&quot;</s> </p>
    <p id="6"><s id="6">&quot;The preliminary number we have right now is that there are 14 people that are deceased.</s> <s id="7">And our count is another 14 people that have been taken to various hospitals for significant injuries,&quot; Burguan said.</s> </p>
    <p id="7"><s id="8">San Bernardino County Sheriff John McMahon said courts and local city and county buildings in the region had been placed on lockdown, and police presence had been boosted at area schools as the manhunt for the suspects continued.</s> </p>
    <p id="8"><s id="9">Heavily armed SWAT teams, firefighters and ambulances swarmed the scene, as police warned residents away.</s> </p>
    <p id="9"><s id="10">The shooting took place inside a packed auditorium at the Inland Regional Center, a huge facility that employs several hundred people and assists people with developmental disabilities.</s> </p>
    <p id="10"><s id="11">Brandon Hunt, who works at the center, said a banquet for county personnel was being held at the auditorium.</s> </p>
    <p id="11"><s id="12">Lavinia Johnson, the center's executive director, told CNN that her staff were waiting to be evacuated from the site.</s> </p>
    <p id="12"><s id="13">&quot;Our staff are just patiently waiting right now.</s> <s id="14">It was a very traumatic event for us.</s> <s id="15">And we're just waiting to be evacuated to another location.&quot;</s> </p>
    <p id="13"><s id="16">Officials said police were going through the building room by room and checking reports of a suspicious package that may have been left by the gunmen.</s> </p>
    <p id="14"><s id="17">Family members of employees at the site rushed to the area on hearing of the shooting and were seen frantically trying to get information about their loves ones</s> </p>
    <p id="15"><s id="18">&quot;It was an hour until I learned my daughter was OK,&quot; said Olivia Navarro, 63. &quot;She was frightened when I spoke to her but she seemed calm.&quot;</s> </p>
    <p id="16"></p>
    <p id="17"></p>
    <p id="18"><s id="19">Obama, who just last week made a plea for action on gun control after three people were killed at a family planning center in Colorado, again voiced anger.</s> </p>
    <p id="19"><s id="20">&quot;The one thing we do know is that we have a pattern now of mass shootings in this country that has no parallel anywhere else in the world,&quot; Obama told CBS News.</s> </p>
    <p id="20"><s id="21">&quot;There are some steps we could take, not to eliminate every one of these mass shootings, but to improve the odds that they don't happen as frequently.&quot;</s> </p>
    <p id="21"><s id="22">The Democratic presidential hopeful Hillary Clinton tweeted: &quot;I refuse to accept this as normal.</s> <s id="23">We must take action to stop gun violence now.&quot;</s> </p>
    <p id="22"><s id="24">The city fire department said on Twitter it responded to initial reports of a &quot;20 victim shooting incident.&quot;</s> </p>
    <p id="23"><s id="25">Television footage showed dozens of people coming out of the building with their hands raised and walking to a parking lot, ringed by heavily armed police.</s> </p>
    <p id="24"><s id="26">A spokeswoman for Loma Linda University Medical Center said it was expecting an unknown number of patients from the shooting, according to CNN.</s> </p>
    <p id="25"><s id="27">Inland Regional Center serves thousands of people with developmental disabilities in San Bernardino and Riverside counties, according to its Facebook page.</s> </p>
    <p id="26"><s id="28">The center provides services to more than 30,200 people.</s> </p>
    <p id="27"><s id="29">Wednesday's shooting was certain to further stoke the bitter debate about gun control in the United States.</s> </p>
    <p id="28"><s id="30">In Oregon in October, a gunman killed nine people at a community college before turning the gun on himself.</s> </p>
    <p id="29"><s id="31">According to the site Mass Shooting Tracker, there have been 351 mass shootings in the United States so far this year.</s> <s id="32">A mass shooting is defined as four or more people shot in one incident.</s> </p>
    <p id="30"><s id="33">jz-ec/sst</s> </p>
    <p id="31"></p>
  </content>
</article>
