<article>
  <headers>
    <dct>20160206T170913Z</dct>
    <title>Fourteen dead, 150 missing after Taiwan quake fells buildings</title>
    <dateline>Tainan, Taiwan, Feb 6, 2016 (AFP) -</dateline>
    <credit>Agence France-Presse (AFP)</credit>
    <origin country="TWN" city="Tainan" />
    <keywords>
      <keyword>Taiwan</keyword>
      <keyword>quake</keyword>
    </keywords>
    <categories>
      <iptc>03000000</iptc>
      <iptc infered="true">03002000</iptc>
    </categories>
  </headers>
  <content>
    <p id="1"><s id="1">Relatives of residents trapped in a 16-storey apartment complex felled by a powerful earthquake in Taiwan that killed 14 people were praying for miracles Saturday as rescuers sought survivors, with more than 150 missing in the quake zone.</s> </p>
    <p id="2"><s id="2">The cluster of buildings in the historic southern city of Tainan were full of families who had gathered for Lunar New Year celebrations when it collapsed and the death toll is rising.</s> </p>
    <p id="3"><s id="3">The national disaster response centre said a total of 156 people were still out of contact across Tainan and neighbouring counties.</s> </p>
    <p id="4"><s id="4">Lee Wei-sen, a spokesman for the centre, said those missing had &quot;lost contact in disaster hit areas in Tainan, Chiayi and Yunlin&quot;.</s> </p>
    <p id="5"><s id="5">Tainan bore the brunt of the 6.4 magnitude quake and the disaster zone centres around a residential complex containing almost 100 homes which were toppled.</s> </p>
    <p id="6"><s id="6">The four blocks at the Wei-kuan complex were left lying on their sides with twisted metal girders exposed and clouds of dust rising from the jumbled concrete.</s> </p>
    <p id="7"><s id="7">Among the 12 people killed when the apartment buildings collapsed were a 10-day-old baby girl and two other children, the National Fire Agency said.</s> </p>
    <p id="8"><s id="8">The other two victims were killed in different parts of the city by falling debris, the agency said.</s> </p>
    <p id="9"><s id="9">Around 800 troops have been mobilised to help the rescue effort at Wei-kuan.</s> </p>
    <p id="10"><s id="10">A senior army official at the scene said around 20 people were still trapped in one of the buildings.</s> </p>
    <p id="11"><s id="11">Liang Chuan-shun, deputy fire bureau chief for Tainan, told AFP the search was now &quot;a race against time&quot; and would continue through the night.</s> </p>
    <p id="12"><s id="12">&quot;Some rooms in the building were rented to students who would not register with the census authorities -- we're not sure how many others might still be left within,&quot; he said.</s> </p>
    <p id="13"></p>
    <p id="14"></p>
    <p id="15"><s id="13">Relatives huddled by the ruins late Saturday, hoping for news.</s> </p>
    <p id="16"><s id="14">&quot;I was woken up by the quake and called my brother's mobile -- no-one answered and I feared something was wrong,&quot; said Huang Yu-liang who lives near the site and is waiting for news of his brother, sister-in-law and their two children.</s> </p>
    <p id="17"><s id="15">&quot;I rushed here and saw the collapsed building and I was in shock.</s> <s id="16">Their building is at the bottom (of the wreckage).</s> <s id="17">I am praying for miracles.&quot;</s> </p>
    <p id="18"><s id="18">Rescue workers told AFP that two of the toppled buildings fell against the other two blocks in the complex, crushing them.</s> </p>
    <p id="19"><s id="19">Wang Chien-ming came from Yunlin county to the north of Tainan to find his sister and her family.</s> </p>
    <p id="20"><s id="20">&quot;My sister, her husband and their child live on the third floor and I haven't heard any news since I arrived here.</s> <s id="21">I will keep waiting for as long as it takes.&quot;</s> </p>
    <p id="21"><s id="22">Officials said there were 256 people registered as living in the complex, which contained 96 apartments.</s> </p>
    <p id="22"><s id="23">More than 250 have been rescued so far, with more than 40 hospitalised.</s> </p>
    <p id="23"><s id="24">Interior minister Chen Wei-jen said he feared there may have been more people in the building than usual as family members would have returned to celebrate the Lunar New Year holidays next week.</s> </p>
    <p id="24"></p>
    <p id="25"></p>
    <p id="26"><s id="25">Residents told of their horror as the quake hit, with survivors pulled bleeding and crying from the ruins, some just in their underwear.</s> </p>
    <p id="27"><s id="26">&quot;The quake was really powerful -- it shook up and down, left and right and even in a circle.</s> <s id="27">It was terrifying,&quot; one elderly woman at the scene who was waiting for news of a missing friend told AFP.</s> </p>
    <p id="28"><s id="28">One survivor used a hammer to break out of her crushed home, while another tied clothes together to lower himself to safety, local media reported.</s> </p>
    <p id="29"><s id="29">Cranes towered over the disaster zone with diggers trying to move slabs of concrete as rescuers painstakingly freed survivors young and old from the ruins.</s> </p>
    <p id="30"><s id="30">Meanwhile groups of people chanted prayers at the site, accompanied by Buddhist monks.</s> </p>
    <p id="31"><s id="31">Eight shelters have been set up around the city, with over 100 people taking refuge there.</s> </p>
    <p id="32"><s id="32">Officials said several blocks had collapsed or half collapsed in other parts of the city, with some buildings left leaning at alarming angles.</s> </p>
    <p id="33"><s id="33">Across Tainan and surrounding counties, more than 400 people were injured, with 100 still in hospital.</s> </p>
    <p id="34"><s id="34">The quake struck at a depth of 10 kilometres (six miles) at around 4:00 am (2000 GMT Friday), 39 kilometres northeast of Kaohsiung, Taiwan's second-largest city.</s> </p>
    <p id="35"><s id="35">Taiwan lies near the junction of two tectonic plates and is regularly hit by earthquakes.</s> </p>
    <p id="36"><s id="36">The island's worst quake in recent decades was 7.6 magnitude in September 1999, killing around 2,400 people.</s> </p>
    <p id="37"><s id="37">cty-aw-my/lm/kb</s> </p>
    <p id="38"></p>
  </content>
</article>
