<article>
  <headers>
    <dct>20160616T153527Z</dct>
    <title>British MP shot and injured: reports</title>
    <dateline>London, June 16, 2016 (AFP) -</dateline>
    <credit>Agence France-Presse (AFP)</credit>
    <origin country="GBR" city="London" />
    <keywords>
      <keyword>politics</keyword>
      <keyword>shooting</keyword>
      <keyword>Britain</keyword>
    </keywords>
    <categories>
      <iptc>11000000</iptc>
      <iptc infered="true">15051000</iptc>
    </categories>
  </headers>
  <content>
    <p id="1"><s id="1">A British lawmaker from the opposition Labour Party has been shot and injured in her constituency in northern England, media reported on Thursday.</s> </p>
    <p id="2"><s id="2">Jo Cox, 41, a mother of two, was left bleeding on the pavement after the incident in Birstall in Yorkshire, the Press Association cited an eyewitness as saying.</s> </p>
    <p id="3"><s id="3">&quot;At 12.53 today, police were called to a report of an incident on Market Street, Birstall, where a woman in her 40s had suffered serious injuries and is in a critical condition,&quot; the police said in a statement.</s> </p>
    <p id="4"><s id="4">&quot;A man in his late 40s to early 50s nearby also suffered slight injuries.</s> <s id="5">Armed officers attended and a 52-year-old man was arrested in the area,&quot; it said.</s> </p>
    <p id="5"><s id="6">Channel 4 News quoted Cox's office as saying that the pro-EU MP had been shot and stabbed.</s> <s id="7">The BBC said she was flown by air ambulance to Leeds.</s> </p>
    <p id="6"><s id="8">Contacted by AFP, her offices in London and Yorkshire could not immediately be reached.</s> </p>
    <p id="7"><s id="9">&quot;Very concerned about reports Jo Cox has been injured.</s> <s id="10">Our thoughts and prayers are with Jo and her family,&quot; Prime Minister David Cameron tweeted.</s> </p>
    <p id="8"><s id="11">The attack took place near the town's library where she regularly held meetings with constituents.</s> </p>
    <p id="9"><s id="12">Cox was elected at the last general election in 2015.</s> </p>
    <p id="10"><s id="13">&quot;Utterly awful news about an attack on a superb and wonderful colleague Jo Cox -- hoping and praying for her and her family right now,&quot; fellow Labour MP Chuka Umunna said.</s> </p>
    <p id="11"><s id="14">dt/ar/ric</s> </p>
  </content>
</article>
