<article>
  <headers>
    <dct>20160116T025733Z</dct>
    <title>Al-Qaeda attack on Burkina Faso hotel kills 20</title>
    <dateline>Ouagadougou, Jan 16, 2016 (AFP) -</dateline>
    <credit>Agence France-Presse (AFP)</credit>
    <origin country="BFA" city="Ouagadougou" />
    <keywords>
      <keyword>attack</keyword>
      <keyword>hotel</keyword>
      <keyword>Burkina</keyword>
    </keywords>
    <categories>
      <iptc>16000000</iptc>
      <iptc>16003000</iptc>
      <iptc infered="true">16001000</iptc>
      <iptc infered="true">04014002</iptc>
    </categories>
  </headers>
  <content>
    <p id="1"><s id="1">At least 20 people have been killed and others were being held hostage Friday in an ongoing Al-Qaeda attack on a hotel in the capital of Burkina Faso popular with United Nations staff and westerners.</s> </p>
    <p id="2"><s id="2">A fire raged in the main entrance of Ouagadougou's four-star Splendid hotel and screams could be heard from inside as Burkinabe forces prepared an assault to rescue hostages still trapped five hours after the assault began.</s> </p>
    <p id="3"><s id="3">Officials said French forces could join a counter-attack on the hotel, while a US defence official said Washington would potentially provide surveillance.</s> </p>
    <p id="4"><s id="4">The attack comes less than two months after a jihadist hostage siege at the luxury Radisson Blu hotel in the Malian capital Bamako in November, in which 20 people died including 14 foreigners.</s> </p>
    <p id="5"><s id="5">&quot;We know that there are victims and there are hostages.</s> <s id="6">Currently the area is blocked by security forces waiting for an assault to free the hostages,&quot; Foreign Minister Alpha Barry told AFP.</s> </p>
    <p id="6"><s id="7">Around 10 vehicles were on fire in the streets near the hotel in Ouagadougou, not far from the city's international airport.</s> </p>
    <p id="7"><s id="8">The head of the city's main hospital confirmed at least 20 dead and another 15 injured, and witnesses said the assailants were still holed up in the 147-room hotel.</s> </p>
    <p id="8"><s id="9">A restaurant opposite the hotel was also attacked and a staff member, reached by telephone, said several people had been killed, but was not able to give an exact toll.</s> </p>
    <p id="9"></p>
    <p id="10"></p>
    <p id="11"><s id="10">Al-Qaeda in the Islamic Maghreb (AQIM) claimed responsibility for the attack, according to US-based monitoring group SITE.</s> </p>
    <p id="12"><s id="11">The &quot;mujahideen brothers&quot; of AQIM &quot;broke into a restaurant of one of the biggest hotels in the capital of Burkina Faso, and are now entrenched and the clashes are continuing with the enemies of the religion&quot;, SITE quoted the group as saying.</s> </p>
    <p id="13"><s id="12">Sporadic exchanges of fire could be heard between the attackers and security forces near the hotel, which often has UN staff among its guests and has security checks at its entrances.</s> <s id="13">Firefighters were also at the scene.</s> </p>
    <p id="14"><s id="14">Barry said Burkina Faso may enlist the support of French special forces, who have a permanent presence in the country, to deal with the unfolding situation, and a US defence official, speaking on condition of anonymity, said Washington could provide drone-based surveillance.</s> </p>
    <p id="15"><s id="15">An AFP reporter at one point saw three men clad in turbans firing at the scene on Avenue Kwame Nkrumah, one of Ouagadougou's main thoroughfares.</s> </p>
    <p id="16"><s id="16">A witness also reported seeing four assailants who were of Arab or white appearance and &quot;wearing turbans&quot;.</s> </p>
    <p id="17"><s id="17">The French embassy said on its website that a &quot;terrorist attack&quot; was underway and urged people to avoid the area.</s> <s id="18">An Air France flight from Paris to Ouagadougou was diverted to neighbouring Niger.</s> </p>
    <p id="18"><s id="19">The Burkinabe army meanwhile revealed that an armed group had carried out an attack earlier in the day near the border with Mali, killing two people.</s> </p>
    <p id="19"><s id="20">&quot;In the afternoon around 2:00 pm (1400 GMT), around 20 heavily-armed unidentified individuals carried out an attack against gendarmes in the village of Tin Abao,&quot; the army said in a statement, adding that an officer and a civilian had been killed and two people were wounded.</s> </p>
    <p id="20"></p>
    <p id="21"></p>
    <p id="22"><s id="21">Several attacks have taken place in Burkina Faso in recent months, but no such assaults have yet hit the capital.</s> </p>
    <p id="23"><s id="22">In April the Romanian security chief of a mine in northern Tambao was kidnapped in a move claimed by Al-Murabitoun, a jihadist group run by notorious Algerian militant Mokhtar Belmokhtar.</s> </p>
    <p id="24"><s id="23">Al-Murabitoun claimed November's Mali hotel attack -- although another jihadist group from central Mali has also said it was responsible for the siege in which some 150 staff and guests were held hostage for several hours.</s> </p>
    <p id="25"><s id="24">Burkina Faso is part of the G5 Sahel grouping that counts the fight against terrorism as part of its remit.</s> </p>
    <p id="26"><s id="25">It has also offered support to France's Barkhane counter-terror mission, spanning five countries in Africa's restive Sahel region, and French special forces are stationed in Ouagadougou's suburbs.</s> </p>
    <p id="27"><s id="26">Last month, Burkina Faso swore in Roch Marc Christian Kabore as president, completing the troubled West African state's transition after the overthrow of its longtime ruler Blaise Compaore in 2014 and a failed coup attempt in September.</s> </p>
    <p id="28"><s id="27">roh-pgf/har-kjl/as/psr</s> </p>
    <p id="29"><s id="28">AIR FRANCE-KLM</s> </p>
    <p id="30"></p>
  </content>
</article>
