<article>
  <headers>
    <dct>20170116T144224Z</dct>
    <title>Kyrgyzstan blames pilot error for Turkish cargo plane hitting village</title>
    <dateline>Dacha Suu, Kyrgyzstan, Jan 16, 2017 (AFP) -</dateline>
    <credit>Agence France-Presse (AFP)</credit>
    <origin country="KGZ" city="Dacha Suu" />
    <keywords>
      <keyword>Kyrgystan</keyword>
      <keyword>aviation</keyword>
      <keyword>accident</keyword>
    </keywords>
    <categories>
      <iptc>04015001</iptc>
      <iptc>03013000</iptc>
      <iptc>04015000</iptc>
      <iptc>04000000</iptc>
      <iptc>03010000</iptc>
      <iptc>03000000</iptc>
      <iptc>03010003</iptc>
    </categories>
  </headers>
  <content>
    <p id="1"><s id="1">A cargo plane attempting to land in thick fog crashed Monday into a village near Kyrgyzstan's main airport and killed at least 37 people, with authorities blaming &quot;pilot error&quot;.</s> </p>
    <p id="2"><s id="2">A massive section of the aircraft's tail billowed smoke as rescuers searched for victims among the wreckage in the village of Dacha-Suu, home to the majority of the victims.</s> </p>
    <p id="3"><s id="3">&quot;According to preliminary information, the plane crashed due to a pilot error,&quot; Kyrgyz Deputy Prime Minister Muhammetkaly Abulgaziev said at a briefing broadcast on state television.</s> </p>
    <p id="4"><s id="4">A minimum of 37 people, including the plane's four pilots, were killed and the toll may rise, said a spokesman for the emergency services, Muhammed Svarov.</s> </p>
    <p id="5"><s id="5">The plane, operated by a Turkish cargo airline, was attempting a landing at the Manas airport in the Kyrgyz capital Bishkek in thick fog.</s> </p>
    <p id="6"><s id="6">Crushed cars, shattered homes and huge chunks of burnt debris littered the village, which was hit by the plane at around 7:30 am (0130 GMT), as many residents were still at home in bed.</s> </p>
    <p id="7"><s id="7">&quot;Our grandson said something was burning,&quot; Tajikan, a Dacha Suu resident who identified herself only by her first name, told AFP.</s> </p>
    <p id="8"><s id="8">&quot;We heard a roar and (what felt) like an earthquake.</s> <s id="9">Many people were sleeping, everything around was burning.</s> <s id="10">One of the parts of the aircraft fell on our neighbour's house.</s> <s id="11">She and her whole family died,&quot; the pensioner said.</s> </p>
    <p id="9"><s id="12">Zumriyat Rezakhanova, another resident of Dacha Suu, said the plane fell &quot;right on the homes&quot; where residents were sleeping.</s> </p>
    <p id="10"><s id="13">&quot;My sister's home is badly damaged.</s> <s id="14">Luckily she and her family survived,&quot; Rezakhanova told AFP.</s> </p>
    <p id="11"></p>
    <p id="12"></p>
    <p id="13"><s id="15">The flight was travelling from Hong Kong to Istanbul via Kyrgyzstan's capital Bishkek.</s> </p>
    <p id="14"><s id="16">One of the plane's black boxes was recovered from the crash site, the government said a statement without specifying how long it would take to decipher it.</s> </p>
    <p id="15"><s id="17">International aviation experts and representatives of the company who flew the plane, ACT Airlines, will arrive at the crash site Tuesday, Abulgaziev said at a late briefing, adding that search operation will resume in the morning in areas where the largest pieces of the plane fell.</s> </p>
    <p id="16"><s id="18">The Turkish cargo airline, said in a statement that its Boeing 747-400 was involved in the crash.</s> </p>
    <p id="17"><s id="19">ACT Airlines said it was &quot;deeply saddened&quot; by the crash and noted that &quot;the cause of the accident is unknown.&quot;</s> </p>
    <p id="18"><s id="20">Boeing, the plane's manufacturer, meanwhile extended its &quot;deepest condolences&quot; over the crash and offered to assist Kyrgyz authorities with the investigation.</s> </p>
    <p id="19"><s id="21">Elmira Sheripova, a spokeswoman for the emergency services ministry, told AFP that 17 houses had been &quot;completely destroyed&quot; by the plane.</s> </p>
    <p id="20"><s id="22">The country's Manas airport has since reopened despite air authorities initially saying that the hub would remain shut until the evening.</s> </p>
    <p id="21"><s id="23">Prime Minister Sooronbai Jeenbekov was heading a specially-appointed government commission to probe the crash and the country's state prosecutor also opened an investigation.</s> </p>
    <p id="22"><s id="24">Kyrgyz President Almazbek Atambayev cancelled his visit to China to return to Bishkek, according to Kyrgyz media.</s> </p>
    <p id="23"><s id="25">Authorities said the country will observe a day of mourning on Tuesday.</s> </p>
    <p id="24"><s id="26">tol-cr/gtf/ma/ach</s> </p>
    <p id="25"><s id="27">BOEING</s> </p>
    <p id="26"><s id="28">TURKISH AIRLINES - TURK HAVA YOLLARI AO</s> </p>
    <p id="27"></p>
  </content>
</article>
