<article>
  <headers>
    <dct>20160325T181435Z</dct>
    <title>Suicide bomber kills 25 south of Baghdad: police</title>
    <dateline>Hilla, Iraq, March 25, 2016 (AFP) -</dateline>
    <credit>Agence France-Presse (AFP)</credit>
    <origin country="IRQ" city="Hilla" />
    <keywords>
      <keyword>unrest</keyword>
      <keyword>Iraq</keyword>
      <keyword>blast</keyword>
    </keywords>
    <categories>
      <iptc>16000000</iptc>
      <iptc>15000000</iptc>
      <iptc>15054000</iptc>
      <iptc>16001000</iptc>
      <iptc>16005002</iptc>
      <iptc infered="true">03014000</iptc>
    </categories>
  </headers>
  <content>
    <p id="1"><s id="1">A suicide bomber blew himself up in a crowd Friday after a local football game in a village south of Baghdad, killing at least 25 people, police and medics said.</s> </p>
    <p id="2"><s id="2">&quot;They were just handing the trophy to the winners, the suicide attacker blew himself up in the crowd,&quot; a police captain from the village, Al-Asriya, told AFP.</s> </p>
    <p id="3"><s id="3">A medical source at Iskandariyah hospital confirmed the toll.</s> </p>
    <p id="4"><s id="4">str-ak/jmm/hkb</s> </p>
    <p id="5"></p>
    <p id="6"></p>
  </content>
</article>
