<article>
  <headers>
    <dct>20161130T073451Z</dct>
    <title>Colombia plane crash: What we know</title>
    <dateline>La Unión, Colombia, Nov 30, 2016 (AFP) -</dateline>
    <credit>Agence France-Presse (AFP)</credit>
    <origin country="COL" city="La Unión" />
    <keywords>
      <keyword>plane</keyword>
      <keyword>Colombia</keyword>
      <keyword>fbl</keyword>
      <keyword>accident</keyword>
    </keywords>
    <categories>
      <iptc>04011001</iptc>
      <iptc>15000000</iptc>
      <iptc>15054000</iptc>
      <iptc>04011000</iptc>
      <iptc>03013000</iptc>
      <iptc>03010000</iptc>
      <iptc>04000000</iptc>
      <iptc>03000000</iptc>
      <iptc>03010003</iptc>
    </categories>
  </headers>
  <content>
    <p id="1"><s id="1">Here's what we know -- and don't know -- about flight LMI 2933, which crashed into the Colombian mountains Monday night with a Brazilian football team on board, killing 71 people.</s> <s id="2">Six people survived.</s> </p>
    <p id="2"></p>
    <p id="3"></p>
    <p id="4"><s id="3">The charter flight from the Bolivian city of Santa Cruz reported &quot;electrical failures&quot; around 10:00 pm Monday (0300 GMT Tuesday).</s> </p>
    <p id="5"><s id="4">Soon after, the plane crashed just short of its destination, the Medellin international airport in northwestern Colombia.</s> </p>
    <p id="6"><s id="5">The plane broke apart on impact in the remote mountains of Cerro Gordo, leaving the shattered white fuselage plastered on a hillside.</s> </p>
    <p id="7"><s id="6">The plane's two black boxes have been found.</s> <s id="7">Officials did not immediately say how long it would take to analyze their contents.</s> </p>
    <p id="8"><s id="8">A Colombian military source told AFP the plane did not explode on impact, raising suspicions it had run out of fuel when it crashed.</s> </p>
    <p id="9"><s id="9">The mountainous terrain is very difficult to access, a local official said.</s> </p>
    <p id="10"><s id="10">Rescuers had to hike for more than half an hour to reach the site.</s> </p>
    <p id="11"></p>
    <p id="12"></p>
    <p id="13"><s id="11">Colombia's disaster management agency said 71 people were killed.</s> </p>
    <p id="14"><s id="12">It lowered an initial death toll of 75 given by the civil aviation authority after it emerged that four people on the passenger manifest had not in fact boarded the plane.</s> </p>
    <p id="15"><s id="13">Six people survived: three players, two crew members and a journalist.</s> </p>
    <p id="16"><s id="14">The survivors are being treated in hospital.</s> </p>
    <p id="17"><s id="15">The regional governor, Luis Perez, said it was a &quot;miracle&quot; they survived.</s> </p>
    <p id="18"></p>
    <p id="19"></p>
    <p id="20"><s id="16">The plane was carrying club team Chapecoense Real to the first game of a two-leg final to decide the Copa Sudamericana, South America's second-biggest club tournament.</s> </p>
    <p id="21"><s id="17">Based in the city of Chapeco in southern Brazil, the unsung team was having a Cinderella season after defying the odds to reach the Copa Sudamericana finals.</s> </p>
    <p id="22"><s id="18">The team's goalkeeper Marcos Danilo Padilha, 31, died on the way to hospital after the crash, the civil aviation authority said.</s> </p>
    <p id="23"><s id="19">His last-minute save in the semi-final had sealed the team's spot in the final.</s> </p>
    <p id="24"><s id="20">There were 20 Brazilian journalists among the dead.</s> </p>
    <p id="25"><s id="21">They included six employees from the Brazilian affiliate of Fox Sports television.</s> <s id="22">One of them, Mario Sergio, was a well-known announcer and former Brazilian international football player.</s> </p>
    <p id="26"></p>
    <p id="27"></p>
    <p id="28"><s id="23">The British Aerospace 146 airliner entered into operation in 1999, said a spokesman for the manufacturer.</s> </p>
    <p id="29"><s id="24">The four-engine jet had been used by two other airlines before being sold to Bolivian charter company LAMIA, which operated the flight.</s> </p>
    <p id="30"><s id="25">Britain's Air Accidents Investigation Branch said it was sending investigators to Colombia along with representatives of the plane's manufacturer BAE Systems to help with investigations.</s> </p>
    <p id="31"><s id="26">The same plane was used two weeks ago to fly the Argentine national football team -- with superstar Lionel Messi on board -- to San Juan, Argentina for a World Cup qualifying match, according to aviation specialist tracking sites.</s> </p>
    <p id="32"><s id="27">burs-jhb/sst/jm/fa</s> </p>
    <p id="33"><s id="28">BAE SYSTEMS</s> </p>
    <p id="34"></p>
  </content>
</article>
