<article>
  <headers>
    <dct>20071107T140517Z</dct>
    <title>Several dead in Finnish school shooting</title>
    <origin country="FIN" city="HELSI" />
    <keywords>
      <keyword>school</keyword>
      <keyword>Finland</keyword>
      <keyword>shooting</keyword>
      <keyword>crime</keyword>
      <keyword>toll</keyword>
    </keywords>
    <categories>
      <iptc>15000000</iptc>
      <iptc>05000000</iptc>
      <iptc>02000000</iptc>
      <iptc infered="true">05005000</iptc>
      <iptc infered="true">02001000</iptc>
      <iptc infered="true">15051000</iptc>
    </categories>
  </headers>
  <content>
    <p id="1"><s id="1">HELSINKI, Nov 7, 2007 (AFP) - Several people were killed and several others seriously injured in Wednesday's shooting at a Finnish secondary school, officials said, amid unconfirmed reports that the gunman was also dead.</s> <s id="2">&quot;We cannot say how many have died, but some.</s> <s id="3">The situation is over,&quot; said Taina Vaerri of the Tuusula municipality, some 40 kilometres (25 miles) north of Helsinki.</s> </p>
    <p id="2"><s id="4">Newspaper Iltalehti reported that seven people had been killed, while the Ilta-Sanomat daily said the 18-year-old student who went on a shooting rampage inside a classroom at the Jokela school was dead.</s> </p>
    <p id="3"><s id="5">gab/nl/po/ag</s> </p>
  </content>
</article>
