<article>
  <headers>
    <dct>20160726T102211Z</dct>
    <title>Ex-employee kills 19 in Japan care home knife attack</title>
    <dateline>Sagamihara, Japan, July 26, 2016 (AFP) -</dateline>
    <credit>Agence France-Presse (AFP)</credit>
    <origin country="JPN" city="Sagamihara" />
    <keywords>
      <keyword>Japan</keyword>
      <keyword>attack</keyword>
      <keyword>crime</keyword>
    </keywords>
    <categories>
      <iptc>02000000</iptc>
      <iptc infered="true">02001000</iptc>
      <iptc infered="true">16001000</iptc>
    </categories>
  </headers>
  <content>
    <p id="1"><s id="1">A former employee went on knife rampage at a Japanese centre for the disabled on Tuesday, leaving 19 people dead and 25 injured in the country's worst mass killing for decades.</s> </p>
    <p id="2"><s id="2">The 26-year-old man, who was fired and hospitalised earlier this year after making a threat to kill hundreds of disabled people, later turned himself in at a police station, carrying bloodied knives and admitting to officers: &quot;I did it.&quot;</s> </p>
    <p id="3"><s id="3">He reportedly also said: &quot;The disabled should all disappear.&quot;</s> </p>
    <p id="4"><s id="4">Authorities identified the attacker as Satoshi Uematsu and said he had worked at the care centre for mentally disabled people in Sagamihara, a city of more than 700,000 people west of Tokyo, until February.</s> </p>
    <p id="5"><s id="5">They said the attack began in the early hours of the morning when Uematsu broke a first-floor window to get into the building.</s> <s id="6">Public broadcaster NHK reported that he tied up one caregiver before starting to stab the residents.</s> </p>
    <p id="6"><s id="7">A doctor at one of the hospitals where victims were taken said some had deep wounds to the neck.</s> </p>
    <p id="7"><s id="8">&quot;The patients are very shocked mentally, and they cannot speak now,&quot; the doctor told NHK.</s> </p>
    <p id="8"><s id="9">A fleet of ambulances, police cars and fire trucks converged on the Tsukui Yamayuri-en centre, a low-rise complex nestled against forested hills, which was cordoned off and draped with yellow &quot;Keep Out&quot; tape.</s> </p>
    <p id="9"><s id="10">Japan has one of the lowest rates of violent crime in the developed world and the mass killing is believed to be the nation's worst since 1938, when a man armed with an axe, sword and rifle went on a rampage that left 30 people dead.</s> </p>
    <p id="10"><s id="11">&quot;This is a very tragic, shocking incident in which many innocent people became victims,&quot; top government spokesman Yoshihide Suga told a press conference.</s> </p>
    <p id="11"></p>
    <p id="12"></p>
    <p id="13"><s id="12">Japanese media said that in February Uematsu had delivered a letter to the speaker of Japan's parliamentary lower house, threatening to attack two care centres  including Tsukui Yamayuri-en and kill 470 residents.</s> </p>
    <p id="14"><s id="13">He said it would launch a &quot;revolution&quot; that would &quot;stimulate the economy and prevent World War III&quot;.</s> </p>
    <p id="15"><s id="14">In the letter he also presented his vision of a society in which the seriously handicapped could be euthanised with the approval of family members as &quot;handicapped people only create unhappiness&quot;.</s> </p>
    <p id="16"><s id="15">The ramblings brought him to the attention of Tokyo police, who informed Sagamihara authorities that he was a potential threat, a city official told AFP.</s> </p>
    <p id="17"><s id="16">Uematsu was hospitalised on February 19, reportedly on the same day he left his job at the care centre, but was discharged 12 days later when a doctor deemed he was not a threat, the Sagamihara official said.</s> </p>
    <p id="18"><s id="17">While hospitalised Uematsu was diagnosed as suffering from paranoia as well as being dependent on cannabis, he added.</s> </p>
    <p id="19"></p>
    <p id="20"></p>
    <p id="21"><s id="18">Police said they received a call from the centre around 2:30 am -- about 20 minutes after the assault began -- reporting that a man armed with knives had entered the facility.</s> <s id="19">They said he turned himself in half an hour later.</s> </p>
    <p id="22"><s id="20">Fire department spokesmen told AFP that the dead included nine men and 10 women aged from 18 to 70, and that another 25 people were wounded, 20 of them seriously.</s> </p>
    <p id="23"><s id="21">People in Uematsu's neighbourhood, about a 10-minute walk from the crime scene, expressed disbelief.</s> </p>
    <p id="24"><s id="22">He was a &quot;normal, nice boy&quot; who always smiled and offered a greeting, said next-door neighbour Akihiro Hasegawa.</s> </p>
    <p id="25"><s id="23">&quot;This is unbelievable,&quot; the 73-year-old told AFP, adding that Uematsu lived in the house with his parents until they moved out four or five years ago.</s> </p>
    <p id="26"><s id="24">Some Japanese could not believe the crime had occurred in their peaceful country.</s> </p>
    <p id="27"><s id="25">&quot;It's crazy,&quot; posted a Twitter user.</s> <s id="26">&quot;When I first heard 19 people died, I thought it was somewhere overseas.&quot;</s> </p>
    <p id="28"><s id="27">hih-oh-nf/kgo/sls</s> </p>
    <p id="29"></p>
  </content>
</article>
