<article>
  <headers>
    <dct>20170106T215139Z</dct>
    <title>Five dead in Fort Lauderdale airport shooting</title>
    <dateline>Miami, Jan 6, 2017 (AFP) -</dateline>
    <credit>Agence France-Presse (AFP)</credit>
    <origin country="USA" city="Miami" />
    <keywords>
      <keyword>shooting</keyword>
      <keyword>crime</keyword>
      <keyword>travel</keyword>
      <keyword>US</keyword>
      <keyword>airport</keyword>
    </keywords>
    <categories>
      <iptc>04015001</iptc>
      <iptc>04015000</iptc>
      <iptc>02001000</iptc>
      <iptc>04000000</iptc>
      <iptc>02000000</iptc>
      <iptc infered="true">10006000</iptc>
      <iptc infered="true">15051000</iptc>
    </categories>
  </headers>
  <content>
    <p id="1"><s id="1">A gunman opened fire Friday at Fort Lauderdale-Hollywood airport, a major tourist hub in Florida, killing five people and injuring eight, and sending panicked travelers fleeing for safety.</s> </p>
    <p id="2"><s id="2">Broward County Sheriff's office tweeted that a suspect was in custody following the shooting that broke out around midday, shutting down the international airport.</s> </p>
    <p id="3"><s id="3">The Sheriff's office said five people were dead and eight had been taken to an area hospital.</s> </p>
    <p id="4"><s id="4">There was no immediate indication of a motive for the shooting, in a country where gun violence is widespread due to the ready availability of firearms.</s> </p>
    <p id="5"><s id="5">Florida Senator Bill Nelson said the gunman had been identified as Estaban Nelson.</s> </p>
    <p id="6"><s id="6">&quot;He had a military ID, we don't know if it is current, but every time you get a bunch of people like at baggage claim or like outside of TSA (Transportation Security Administration) where you're going to security or lines at the ticket counter, it's a soft target,&quot; the senator told CNN.</s> </p>
    <p id="7"><s id="7">The Broward County Sheriff's office said it had received &quot;unconfirmed reports of addt'l shots fired on airport property.&quot;</s> </p>
    <p id="8"><s id="8">Mayor Barbara Sharief said earlier that the gunman appeared to have acted alone.</s> </p>
    <p id="9"><s id="9">&quot;He was a lone shooter, and we have no evidence at this time that he was acting with anyone else.</s> <s id="10">He is in custody, and we are currently investigating,&quot; Sharief told CNN.</s> </p>
    <p id="10"><s id="11">Witness John Schlicher told Fox News that as he retrieved his baggage, &quot;I heard the first shot.</s> <s id="12">As I did, the person right next to me fell to the ground...</s> <s id="13">It was very surreal.&quot;</s> </p>
    <p id="11"><s id="14">The shooter &quot;was holding a handgun.</s> <s id="15">He was firing into the crowd.</s> <s id="16">Everyone was standing there waiting for the luggage,&quot; he said.</s> </p>
    <p id="12"><s id="17">Several passengers were huddled inside a supply closet at the airport, while awaiting the all-clear.</s> </p>
    <p id="13"><s id="18">&quot;We were all here in Terminal 2 at Delta when the shooting started,&quot; one of them, identified only as Duane, told CNN by telephone.</s> </p>
    <p id="14"><s id="19">&quot;Everybody just scattered.</s> <s id="20">It was mass hysteria,&quot; he said.</s> </p>
    <p id="15"><s id="21">Fort Lauderdale is a major tourist hub and beach resort in the greater Miami area, and a main starting point for travel and cruises to the Caribbean.</s> </p>
    <p id="16"><s id="22">The airport said the incident broke out in the baggage claim area of Terminal 2.</s> </p>
    <p id="17"><s id="23">&quot;All services are temporarily suspended at #FLL.</s> <s id="24">Please contact your air carrier about your flight information,&quot; it tweeted.</s> </p>
    <p id="18"></p>
    <p id="19"></p>
    <p id="20"><s id="25">Passengers ran for safety when the shots broke out, while others clustered on the tarmac.</s> </p>
    <p id="21"><s id="26">Ari Fleischer, a former White House spokesman who was at the scene, tweeted: &quot;I'm at the Ft.</s> <s id="27">Lauderdale Airport.</s> <s id="28">Shots have been fired.</s> <s id="29">Everyone is running.&quot;</s> </p>
    <p id="22"><s id="30">Cellphone video footage broadcast by local Fox television affiliate Channel 7 showed one person lying bloodied on the floor, and several others on their knees.</s> </p>
    <p id="23"><s id="31">A passenger named as Peter Cruise said he believed that travelers on his plane were among the victims.</s> </p>
    <p id="24"><s id="32">He said he and his family &quot;were walking up the ramp and just passed the checking gate when all a sudden everybody started running.&quot;</s> </p>
    <p id="25"><s id="33">&quot;I grabbed the kids and took off running down the ramp.</s> <s id="34">Told the flight attendant to let us off the tarmac, we ran to hide behind some luggage carts.&quot;</s> </p>
    <p id="26"><s id="35">With the initial panic over, Cruise said he and around 600 fellow passengers were now inside the terminal but that no one was being allowed to leave.</s> </p>
    <p id="27"><s id="36">&quot;Everybody seems to be calm now except for kids,&quot; he said.</s> </p>
    <p id="28"><s id="37">Governor Rick Scott rushed to the airport to be briefed on the shooting, as dozens of police and emergency vehicles converged on the scene.</s> </p>
    <p id="29"><s id="38">President-elect Donald Trump said he had just spoken with Scott, and was &quot;monitoring the terrible situation in Florida.&quot;</s> </p>
    <p id="30"><s id="39">&quot;Thoughts and prayers for all.</s> <s id="40">Stay safe!&quot; he tweeted.</s> </p>
    <p id="31"><s id="41">President Barack Obama has also been briefed on the developing situation.</s> </p>
    <p id="32"><s id="42">bur-ec/bfm</s> </p>
  </content>
</article>
