<article>
  <headers>
    <dct>20160116T130704Z</dct>
    <title>Tsai Ing-wen becomes Taiwan president in landslide victory</title>
    <dateline>Taipei, Jan 16, 2016 (AFP) -</dateline>
    <credit>Agence France-Presse (AFP)</credit>
    <origin country="TWN" city="Taipei" />
    <keywords>
      <keyword>politics</keyword>
      <keyword>China</keyword>
      <keyword>Taiwan</keyword>
      <keyword>vote</keyword>
    </keywords>
    <categories>
      <iptc>11000000</iptc>
      <iptc infered="true">11003000</iptc>
    </categories>
  </headers>
  <content>
    <p id="1"><s id="1">Tsai Ing-wen of Taiwan's main opposition party will become the island's first female president in a landslide victory over the ruling Kuomintang Saturday, as voters turned their backs on closer China ties.</s> </p>
    <p id="2"><s id="2">KMT candidate Eric Chu conceded defeat in a disastrous rout for the party, addressing tearful crowds at the party's headquarters in Taipei.</s> </p>
    <p id="3"><s id="3">The vote count is continuing but live television figures from polling stations show Tsai of the Democratic Progressive Party (DPP) has secured a historic landslide victory, with around 60 percent against 30 percent for Chu.</s> </p>
    <p id="4"><s id="4">That would be the biggest ever win for any president in Taiwan -- the previous record was 58.45 percent for current KMT president Ma Ying-jeou in 2008.</s> </p>
    <p id="5"><s id="5">&quot;I'm sorry... We've lost.</s> <s id="6">The KMT has suffered an election defeat.</s> <s id="7">We haven't worked hard enough and we failed voters' expectations,&quot; said KMT candidate Eric Chu addressing tearful crowds at the party's headquarters in Taipei.</s> </p>
    <p id="6"><s id="8">Chu also said the KMT had lost its parliamentary majority, the first time it has ever lost control of the island's legislature.</s> </p>
    <p id="7"><s id="9">&quot;This is an unprecedented drastic change for the KMT,&quot; he said.</s> </p>
    <p id="8"><s id="10">Support for Tsai has surged as voters have become increasingly uneasy about a recent rapprochement with China under Ma, who must step down after a maximum two terms.</s> </p>
    <p id="9"><s id="11">As the economy stagnates, many are frustrated that trade pacts signed with the mainland have failed to benefit ordinary Taiwanese.</s> </p>
    <p id="10"><s id="12">The DPP has a much warier approach to China, although Tsai has repeatedly said she wants to maintain the &quot;status quo&quot;.</s> </p>
    <p id="11"><s id="13">&quot;We want to congratulate the DPP's victory, this is the Taiwan people's mandate,&quot; Chu said.</s> </p>
    <p id="12"><s id="14">He bowed deeply in a sign of apology and declared his resignation as chairman of the party.</s> </p>
    <p id="13"></p>
    <p id="14"></p>
    <p id="15"><s id="15">Jubilant crowds gathered at the DPP headquarters in Taipei, where Tsai was due to speak later Saturday.</s> </p>
    <p id="16"><s id="16">Vendors were selling everything from cups to key chains bearing Tsai's image.</s> </p>
    <p id="17"><s id="17">One small group held up a banner saying: &quot;Taiwan is not part of China.</s> <s id="18">Support Taiwan independence.&quot;</s> </p>
    <p id="18"><s id="19">&quot;China has no right to claim Taiwan and we want to say that to the world,&quot; said one member of the group, Angela Shi, who returned from San Francisco to vote.</s> </p>
    <p id="19"><s id="20">Tsai has walked a careful path on her China strategy, but the DPP is traditionally a pro-independence party and opponents say Tsai will destabilise relations.</s> </p>
    <p id="20"><s id="21">Ma has overseen a dramatic rapprochement with China since coming to power in 2008.</s> </p>
    <p id="21"><s id="22">Although Taiwan is self-ruling after it split with China following a civil war in 1949, it has never declared independence and Beijing still sees it as part of its territory awaiting reunification.</s> </p>
    <p id="22"><s id="23">The thaw culminated in a summit between Ma and Chinese President Xi Jinping in November.</s> </p>
    <p id="23"><s id="24">Yet despite more than 20 deals and a tourist boom, closer ties have exacerbated fears that China is eroding Taiwan's sovereignty by making it economically dependent.</s> </p>
    <p id="24"><s id="25">Low salaries and high housing prices are also riling voters.</s> </p>
    <p id="25"><s id="26">Beijing has warned it will not deal with any leader who does not recognise the &quot;one China&quot; principle, part of a tacit agreement between Beijing and the KMT known as the &quot;1992 consensus&quot;.</s> </p>
    <p id="26"><s id="27">The DPP has never recognised the consensus.</s> </p>
    <p id="27"><s id="28">Observers say it is unlikely Tsai will do anything to provoke Beijing if she wins.</s> </p>
    <p id="28"><s id="29">Analysts also agree there will not be any immediate backlash from China, as alienating Taiwan would play against Beijing's ultimate aim of reunification.</s> </p>
    <p id="29"><s id="30">In the latest cross-strait drama, the plight of a teenage Taiwanese K-pop star dominated local news coverage, with presidential candidates drawn into the row.</s> </p>
    <p id="30"><s id="31">Chou Tzu-yu, 16, of girl-band TWICE who is based in South Korea, was forced to apologise after sparking online criticism in China for waving Taiwan's official flag in a recent Internet broadcast.</s> </p>
    <p id="31"><s id="32">Her remorseful video went viral within hours, with Tsai, Chu, and president Ma all leaping to her defence Saturday and demanding answers from China and South Korea over her treatment.</s> </p>
    <p id="32"><s id="33">cty-my-lm/ds</s> </p>
  </content>
</article>
