<article>
  <headers>
    <dct>20150724T052326Z</dct>
    <title>Three killed, seven injured in Louisiana theater shooting: police</title>
    <dateline>Washington, July 24, 2015 (AFP) -</dateline>
    <credit>Agence France-Presse (AFP)</credit>
    <origin country="USA" city="Washington" />
    <keywords>
      <keyword>shooting</keyword>
      <keyword>US</keyword>
    </keywords>
    <categories>
      <iptc>02001000</iptc>
      <iptc>02000000</iptc>
      <iptc infered="true">15051000</iptc>
    </categories>
  </headers>
  <content>
    <p id="1"><s id="1">A gunman opened fire in a movie theater in the US state of Louisiana on Thursday, shooting dead two people and wounding seven others before killing himself, police said.</s> </p>
    <p id="2"><s id="2">The shooter was described as a white male in his 50s and he appeared to have died from a self-inflicted wound, local police said in a press conference.</s> </p>
    <p id="3"><s id="3">Witnesses said the shooting took place at the Grand 16 theater in the city of Lafayette during a showing of the film &quot;Trainwreck&quot;.</s> </p>
    <p id="4"><s id="4">It comes as a jury deliberates the death penalty for the gunman in a 2012 theater massacre in Colorado that left 12 dead and 70 injured.</s> </p>
    <p id="5"><s id="5">Ambulance crews rushed the injured to hospital, Clay Henry from the Acadian Ambulance service told CNN.</s> </p>
    <p id="6"><s id="6">Television images showed a hectic scene at the cinema, surrounded by dozens of emergency cars and crews.</s> </p>
    <p id="7"><s id="7">&quot;Prayers for Lafayette at Grand Theater.</s> <s id="8">Talking to state police colonel about shooting in Lafayette,&quot; tweeted state governor and US presidential candidate Bobby Jindal, who spoke in support of victims and police at a press conference near the scene.</s> </p>
    <p id="8"><s id="9">sdo/st</s> </p>
  </content>
</article>
