<article>
  <headers>
    <dct>20100621T074602Z</dct>
    <title>Santos scores big win in Colombia's presidential runoff</title>
    <dateline>BOGOTA, June 21, 2010 (AFP) -</dateline>
    <credit>Agence France-Presse (AFP)</credit>
    <origin country="COL" city="BOGOTA" />
    <keywords>
      <keyword>Colombia</keyword>
      <keyword>vote</keyword>
    </keywords>
    <categories>
      <iptc>11003000</iptc>
    </categories>
  </headers>
  <content>
    <p id="1"><s id="1">Conservative ex-defense minister Juan Manuel Santos has handily won Colombia's presidential runoff election with a whopping 69.2 percent of the vote, trouncing his Green Party rival, officials said.</s> </p>
    <p id="2"><s id="2">Santos, who will succeed popular two-term President Alvaro Uribe, brought in the lion's share of Sunday's votes over Green Party rival Antanas Mockus, a former Bogota mayor who drew 27.4 percent of the vote, the National Electoral Board said, with 53.9 percent of votes counted.</s> </p>
    <p id="3"><s id="3">&quot;Once again, thank you, God.</s> <s id="4">Thank you Colombia, thanks for the trust that nine million Colombians have placed in us,&quot; Santos, 58, told thousands of supporters alongside his running mate Angelino Garzon, in El Campin stadium after his win was announced.</s> </p>
    <p id="4"><s id="5">&quot;It is now time for unity in Colombia,&quot; Santos added.</s> </p>
    <p id="5"><s id="6">His victory however could ring hollow to many of Colombia's disaffected, who will not likely see it as an unquestionable mandate.</s> </p>
    <p id="6"><s id="7">Turnout was estimated at about 12 million of almost 30 million registered voters, officials said.</s> </p>
    <p id="7"><s id="8">Balloting was marred by some violent clashes around the South American nation, the staunchest US ally in the region, which left 17 people dead, including 11 members of the country's security forces and six rebels.</s> </p>
    <p id="8"><s id="9">The light turnout was blamed on everything from rainy weather to World Cup fever that kept many at home following the football matches on TV and radio.</s> </p>
    <p id="9"><s id="10">But anger at the system is a constant particularly among millions of the poor in a country where 46 percent of the population lives below the poverty line.</s> </p>
    <p id="10"><s id="11">Still for many like university student Ximena Romero, 27, the status quo was not a bad outcome.</s> <s id="12">&quot;Uribe's legacy is alive, because Santos is the same as Uribe,&quot; she said.</s> </p>
    <p id="11"><s id="13">Indeed Santos appeared to cash in fully on Uribe's political record over Mockus, 58, in this runoff.</s> </p>
    <p id="12"><s id="14">Uribe was credited with restoring a greater measure of security and economic gains to a country that has seen decades of instability as Bogota battles leftist insurgencies and lawlessness in remoter areas.</s> </p>
    <p id="13"><s id="15">Nearly 350,000 security forces were deployed to protect the elections overseen by the Colombian Election Observation Mission and the Organization of American States.</s> </p>
    <p id="14"><s id="16">In the worst of the day's violence, attackers ambushed and killed seven police officers with explosives in the province of Norte de Santander, which borders Venezuela, senior state official Margarita Silva said.</s> </p>
    <p id="15"><s id="17">A spokesman later said all other ambushed police had been accounted for, after eight were feared missing.</s> </p>
    <p id="16"><s id="18">Interior Minister Fabio Valencia meanwhile reported three soldiers had been killed in separate incidents in the states of Meta and Antioquia, and another soldier was killed in Santander de Norte.</s> </p>
    <p id="17"><s id="19">Guerrillas from the Revolutionary Armed Forces of Colombia (FARC) and the National Liberation Army, as well as drug traffickers and criminal gangs, are all active in the area where most of the attacks took place.</s> </p>
    <p id="18"><s id="20">The vote in violence-torn Colombia comes with the country keen to maintain political continuity in the face of an ongoing war with Marxist FARC rebels.</s> </p>
    <p id="19"><s id="21">Santos, the big winner in the first round of voting on May 30 with 46.6 percent against 21.5 percent for Mockus, has promised &quot;to keep in place the legacy of Uribe, the best president Colombia has had.&quot;</s> </p>
    <p id="20"><s id="22">The insurgents have been hit hard in recent years by operations organized by Uribe and by Santos, who stepped down from his defense post last year to campaign for the presidency.</s> </p>
    <p id="21"><s id="23">Praised for turning around the ultra-violent capital Bogota as mayor, Mockus announced earlier this year that he had been diagnosed with Parkinson's disease but said it would not affect his work and should not alter his bid.</s> </p>
    <p id="22"><s id="24">Political analysts, though, held out little expectation that the former mathematics professor and son of Lithuanian immigrants had managed to turn around his faltering campaign.</s> </p>
    <p id="23"><s id="25">The outgoing Uribe, 57, leaves office with a 70 percent approval rating, having served two consecutive mandates from 2002.</s> </p>
    <p id="24"><s id="26">Colombians associate Santos with several successful military campaigns, such as the attack against a FARC encampment in Ecuador in March 2008 that killed the group's number two Raul Reyes, and the rescue of 15 high-profile hostages, including Ingrid Betancourt, in July 2008.</s> </p>
    <p id="25"><s id="27">Santos has vowed to reduce the endemic problems of unemployment and underemployment, including a promise to create 2.5 million jobs in four years.</s> </p>
    <p id="26"><s id="28">bur-nn/mdl-ao/boc</s> </p>
  </content>
</article>
