<article>
  <headers>
    <dct>20060527T062922Z</dct>
    <title>URGENT ¥¥¥ At least 443 dead in Indonesian quake: Red Cross</title>
    <origin country="IDN" city="YOGYAKARTA" />
    <keywords>
      <keyword>quake</keyword>
      <keyword>toll</keyword>
      <keyword>Indonesia</keyword>
    </keywords>
    <categories>
      <iptc>03000000</iptc>
      <iptc infered="true">03002000</iptc>
    </categories>
  </headers>
  <content>
    <p id="1"><s id="1">YOGYAKARTA, Indonesia, May 27, 2006 (AFP) - At least 443 people were killed and thousands injured when a strong earthquake rocked Indonesia's densely-populated island of Java on Saturday, the Indonesian Red Cross said.</s> <s id="2">tn/jah</s> </p>
  </content>
</article>
