<article>
  <headers>
    <dct>20150724T124933Z</dct>
    <title>Gunman opens fire in US movie theater killing two</title>
    <dateline>Chicago, July 24, 2015 (AFP) -</dateline>
    <credit>Agence France-Presse (AFP)</credit>
    <origin country="USA" city="Chicago" />
    <keywords>
      <keyword>shooting</keyword>
      <keyword>crime</keyword>
      <keyword>cinema</keyword>
      <keyword>US</keyword>
    </keywords>
    <categories>
      <iptc>02001000</iptc>
      <iptc>02000000</iptc>
      <iptc infered="true">15051000</iptc>
    </categories>
  </headers>
  <content>
    <p id="1"><s id="1">A gunman opened fire in a crowded US cinema killing two people and injuring several before turning the gun on himself Thursday, shortly after President Barack Obama deplored the nation's weak gun controls.</s> </p>
    <p id="2"><s id="2">More than 100 people were in the theater when the man armed with a handgun began shooting indiscriminately into the audience about 30 minutes into a screening of &quot;Trainwreck&quot; at a cinema in Lafayette, Louisiana, police said.</s> </p>
    <p id="3"><s id="3">Nine people were injured, some critically.</s> </p>
    <p id="4"><s id="4">Police said they have identified Thursday's shooter as a 58-year-old white male, but did not release his name.</s> </p>
    <p id="5"><s id="5">&quot;We don't believe there's anybody else involved,&quot; Louisiana State Police Colonel Michael Edmonson told reporters.</s> </p>
    <p id="6"><s id="6">President Barack Obama said earlier Thursday that a &quot;distressing&quot; lack of progress on gun control legislation has been a great source of frustration during his time in office.</s> </p>
    <p id="7"><s id="7">&quot;If you look at the number of Americans killed since 9/11 by terrorism, it's less than 100.</s> <s id="8">If you look at the number that have been killed by gun violence, it's in the tens of thousands,&quot; Obama said in an interview with the BBC taped before the shooting.</s> </p>
    <p id="8"><s id="9">&quot;And for us not to be able to resolve that issue has been something that is distressing,&quot; he said.</s> </p>
    <p id="9"><s id="10">The White House said the president was briefed late Thursday while en route to Kenya about America's latest mass shooting tragedy.</s> </p>
    <p id="10"><s id="11">&quot;The president directed his team to keep him updated on the investigation and on the status of those injured,&quot; White House spokesman Josh Earnest said in a statement.</s> </p>
    <p id="11"><s id="12">&quot;The thoughts and prayers of everyone at the White House, including the president and first lady, are with the community of Lafayette, Louisiana -- especially the families of those who were killed.&quot;</s> </p>
    <p id="12"><s id="13">The violence came as a jury deliberates the death penalty for the gunman in a 2012 theater massacre in Colorado that left 12 dead and 70 injured.</s> </p>
    <p id="13"><s id="14">Louisiana Governor Bobby Jindal rushed to Lafayette late Thursday, where he held a press conference not far from the shooting scene.</s> </p>
    <p id="14"></p>
    <p id="15"></p>
    <p id="16"><s id="15">Jindal met with some of the victims at a local hospital and praised their &quot;selfless heroism&quot;.</s> </p>
    <p id="17"><s id="16">One teacher was badly wounded after throwing herself in front of a friend to shield her from the bullets.</s> <s id="17">The friend was shot in the leg, but managed to &quot;have the presence of mind&quot; to pull a fire alarm in an effort to warn others of the danger, he said.</s> </p>
    <p id="18"><s id="18">&quot;Even in the worst of times, it brings out the best in people,&quot; Jindal told reporters.</s> </p>
    <p id="19"><s id="19">Jindal, who is one of a crowded field of contenders vying for Republican presidential nomination, said it was not the right time to discuss gun control and that the focus should be on the victims.</s> </p>
    <p id="20"><s id="20">The Louisiana shooting comes almost exactly three years after James Holmes, 27, opened fire on a packed screening of &quot;The Dark Knight Rises&quot; in Aurora, Colorado, in a meticulously-planned attack during which he wore body armor and used tear gas to prevent victims from escaping.</s> </p>
    <p id="21"><s id="21">It also comes a week after Mohammad Youssuf Abdulazeez, 24, opened fire on two military centers in Chattanooga and killed four US Marines and a Navy sailor before dying in a shootout without police.</s> </p>
    <p id="22"><s id="22">Authorities said the shooting victims range in age from  the late teens to the 60s, and said police are still in the process of notifying their relatives.</s> </p>
    <p id="23"><s id="23">Lafayette Police Chief Jim Craft said officers were able to respond within a minute of the first call for help.</s> </p>
    <p id="24"><s id="24">&quot;Four officers entered the theater to engage the shooter,&quot; he told reporters.</s> </p>
    <p id="25"><s id="25">&quot;They did hear shots being fired at the time.</s> <s id="26">What they found upon making entry was it appeared the shooter died from a self-inflicted gunshot wound,&quot; Craft said.</s> </p>
    <p id="26"><s id="27">Bodies remained in the theater while police conducted forensic analysis of the crime scene.</s> <s id="28">That work was delayed, however, when a bomb squad was called in to examine the gunman's vehicle after a suspicious package was detected inside.</s> </p>
    <p id="27"><s id="29">Television images from Lafayette showed a hectic scene at the cinema, surrounded late Thursday by dozens of emergency medical vehicles and police cars.</s> </p>
    <p id="28"><s id="30">&quot;It was crazy, chaos everywhere,&quot; witness Jacob Broussard told CNN.</s> </p>
    <p id="29"><s id="31">Broussard was watching a movie across the hall when the sirens went off and the lights came on.</s> </p>
    <p id="30"><s id="32">A voice came over the intercom asking people to evacuate the building as quickly as possible.</s> <s id="33">As he was leaving, Broussard heard three shots.</s> <s id="34">When he got outside, he saw a woman bleeding from the leg and realized something awful had happened.</s> </p>
    <p id="31"><s id="35">Comedian Amy Schumer, who stars in &quot;Trainwreck&quot; swiftly offered her condolences.</s> </p>
    <p id="32"><s id="36">&quot;My heart is broken and all my thoughts and prayers are with everyone in Louisiana,&quot; she tweeted.</s> </p>
    <p id="33"><s id="37">mso-sg/ccr</s> </p>
    <p id="34"></p>
  </content>
</article>
