<article>
  <headers>
    <dct>20150107T125022Z</dct>
    <title>Eleven shot dead at French satirical weekly</title>
    <dateline>Paris, Jan 7, 2015 (AFP) -</dateline>
    <credit>Agence France-Presse (AFP)</credit>
    <origin country="FRA" city="Paris" />
    <keywords>
      <keyword>shooting</keyword>
      <keyword>crime</keyword>
      <keyword>media</keyword>
      <keyword>France</keyword>
    </keywords>
    <categories>
      <iptc>02001000</iptc>
      <iptc>04010000</iptc>
      <iptc>04000000</iptc>
      <iptc>02000000</iptc>
      <iptc infered="true">15051000</iptc>
      <iptc infered="true">01026000</iptc>
    </categories>
  </headers>
  <content>
    <p id="1"><s id="1">At least 11 people were killed when gunmen armed with Kalashnikovs and a rocket-launcher opened fire in the offices of French satirical weekly Charlie Hebdo on Wednesday, said sources close to the investigation.</s> </p>
    <p id="2"><s id="2">The prosecutor's office confirmed that &quot;at this stage&quot; 10 people had been killed without detailing how many had been injured.</s> </p>
    <p id="3"><s id="3">Another source close to the investigation said the number of dead had reached 11.</s> </p>
    <p id="4"><s id="4">Deputy Mayor of Paris Bruno Julliard earlier said &quot;six people are seriously injured&quot;, including a policeman.</s> <s id="5">It was not clear whether these now figured among the dead.</s> </p>
    <p id="5"><s id="6">French President Francois Hollande arrived at the scene of the shooting after rushing there and calling an emergency cabinet meeting, the presidency said.</s> </p>
    <p id="6"><s id="7">The government raised its alert level to the highest possible in the greater Paris region.</s> </p>
    <p id="7"><s id="8">A source close to the investigation said two men &quot;armed with a Kalashnikov and a rocket-launcher&quot; stormed the building in central Paris and &quot;fire was exchanged with security forces.&quot;</s> </p>
    <p id="8"><s id="9">The source said a gunman had hijacked a car and knocked over a pedestrian while attempting to speed away.</s> </p>
    <p id="9"><s id="10">The publication's cartoonist Renaud Luzier earlier told AFP there were &quot;casualties&quot; after the incident.</s> </p>
    <p id="10"><s id="11">The satirical newspaper gained notoriety in February 2006 when it reprinted cartoons of the Prophet Mohammed that had originally appeared in Danish daily Jyllands-Posten, causing fury across the Muslim world.</s> </p>
    <p id="11"><s id="12">Its offices were fire-bombed in November 2011 when it published a cartoon of Mohammed and under the title &quot;Charia Hebdo&quot;.</s> </p>
    <p id="12"><s id="13">Despite being taken to court under anti-racism laws, the weekly continued to publish controversial cartoons of the Muslim prophet.</s> </p>
    <p id="13"><s id="14">In September 2012 Charlie Hebdo published cartoons of a naked Mohammed as violent protests were taking place in several countries over a low-budget film, titled &quot;Innocence of Muslims&quot;, which was made in the United States and insulted the prophet.</s> </p>
    <p id="14"><s id="15">French schools, consulates and cultural centres in 20 Muslim countries were briefly closed along with embassies for fear of retaliatory attacks at the time.</s> </p>
    <p id="15"><s id="16">Editor Stephane Charbonnier has received death threats and lives under police protection.</s> </p>
    <p id="16"><s id="17">fmi/fb-er/ric</s> </p>
  </content>
</article>
