<article>
  <headers>
    <dct>20130217T055625Z</dct>
    <title>Cyprus holds presidential poll in economic crisis</title>
    <dateline>NICOSIA, Feb 17, 2013 (AFP) -</dateline>
    <credit>Agence France-Presse (AFP)</credit>
    <origin country="CYP" city="NICOSIA" />
    <keywords>
      <keyword>Cyprus</keyword>
      <keyword>vote</keyword>
    </keywords>
    <categories>
      <iptc>11003000</iptc>
    </categories>
  </headers>
  <content>
    <p id="1"><s id="1">Cypriot voters were going to the polls on Sunday to choose a new president after a heated election campaign focused on rescuing the recession-hit EU member state from bankruptcy.</s> </p>
    <p id="2"><s id="2">Nicos Anastasiades, 66, of the rightwing main opposition Disy party, is tipped to win the first round in which 550,000 Cypriots are eligible to cast their ballots, perhaps managing to secure the 50-percent threshold that would avoid a run-off vote a week later.</s> </p>
    <p id="3"><s id="3">He has the support of the centre-right Diko party in the race for the presidency, which unlike in previous polls on the normally affluent but divided island has focused on the economy rather than elusive efforts at reunification.</s> </p>
    <p id="4"><s id="4">Polling stations opened at 07:00 (0500 GMT) and will close at 18:00, with a result expected less than three hours later.</s> </p>
    <p id="5"><s id="5">&quot;I urge you to give me a strong mandate,&quot; Anastasiades told his last major campaign rally.</s> <s id="6">&quot;Success in the first round is what this country needs, so that from Monday I can address the dangers of debt sustainability.&quot;</s> </p>
    <p id="6"><s id="7">His closest challenger for the Greek Cypriot leadership is former health minister Stavros Malas, 45, a British-educated independent backed by the currently ruling communist AKEL party.</s> </p>
    <p id="7"><s id="8">Anastasiades, who led Malas by 20 percentage points in polls, is seen as someone the Europe Union can do business with, while his stance on ending the division of Cyprus is more flexible than his rivals.</s> </p>
    <p id="8"><s id="9">The most pressing task facing the next president as he starts a five-year term will be to agree terms with a troika of lenders on a bailout to save the island's Greek-exposed banks and failing economy.</s> </p>
    <p id="9"><s id="10">The European Commission, European Central Bank and International Monetary Fund are awaiting the election result before offering the terms for a 17-billion-euro ($23-billion) lifeline.</s> </p>
    <p id="10"><s id="11">Malas, who is is confident of seeing off the challenge of 52-year-old former foreign minister George Lillikas and reaching a second round vote next Sunday, argues for &quot;softer&quot; austerity measures.</s> </p>
    <p id="11"><s id="12">President Demetris Christofias sought a bailout in June, and talks dragged on as the outgoing leader, who is not standing for re-election, resisted measures including privatisation and reopened talks with Russia on topping up a 2.5-billion-euro loan.</s> </p>
    <p id="12"><s id="13">On the political front, the international community will also expect the next Cypriot president to pick up the pieces of a deadlocked UN push for peace.</s> </p>
    <p id="13"><s id="14">Anastasiades supported a failed &quot;Yes&quot; vote for a UN reunification blueprint in 2004, even though it was rejected by Greek Cypriots, resulting in a divided island joining the EU.</s> </p>
    <p id="14"><s id="15">Cyprus has been divided since 1974 when Turkish troops invaded and seized its northern third in response to an Athens-inspired coup aimed at uniting the island and Greece.</s> </p>
    <p id="15"><s id="16">As a former minister, Malas must contend with the stigma of being linked to an unpopular government.</s> <s id="17">&quot;I pledge in all honesty that I will lead a government of national unity.</s> <s id="18">We can rise to the challenge of a new era,&quot; he said on Friday.</s> </p>
    <p id="16"><s id="19">Lillikas is the only one of the three main candidates who rejects a bailout, saying it would plunge the tourist destination into spiralling recession.</s> <s id="20">Instead, he wants to sell untapped offshore gas reserves in advance.</s> </p>
    <p id="17"><s id="21">The independent also has a tough stance on Turkey's EU accession, saying it should be vetoed unless the Cyprus issue is resolved.</s> </p>
    <p id="18"><s id="22">cc/srm</s> </p>
  </content>
</article>
