<article>
  <headers>
    <dct>20151031T110925Z</dct>
    <title>Russian plane carrying 224 crashes in Egypt's Sinai</title>
    <dateline>Cairo, Oct 31, 2015 (AFP) -</dateline>
    <credit>Agence France-Presse (AFP)</credit>
    <origin country="EGY" city="Cairo" />
    <keywords>
      <keyword>Egypt</keyword>
      <keyword>aviation</keyword>
      <keyword>accident</keyword>
      <keyword>Russia</keyword>
    </keywords>
    <categories>
      <iptc>03010000</iptc>
      <iptc>03014000</iptc>
      <iptc>03000000</iptc>
      <iptc>03010003</iptc>
      <iptc infered="true">04015001</iptc>
    </categories>
  </headers>
  <content>
    <p id="1"><s id="1">A Russian plane with 224 people on board crashed in a mountainous part of Egypt's Sinai Peninsula on Saturday, with medics at the site reporting casualties, officials said.</s> </p>
    <p id="2"><s id="2">Ambulances reached the site and began evacuating &quot;casualties,&quot; officials and state media reported, without elaborating on their condition.</s> </p>
    <p id="3"><s id="3">The plane took off early Saturday from the southern Sinai resort of Sharm el-Sheikh bound for Saint Petersburg in Russia but communication was lost 23 minutes after departure, officials said.</s> </p>
    <p id="4"><s id="4">&quot;Military planes have discovered the wreckage of the plane... in a mountainous area, and 45 ambulances have been directed to the site to evacuate dead and wounded,&quot; a cabinet statement said.</s> </p>
    <p id="5"><s id="5">Officials and the state MENA news agency later said the &quot;casualties&quot; were being transferred to nearby hospitals.</s> </p>
    <p id="6"><s id="6">At Saint Petersburg's Pulkovo airport, anxious family members awaited news of their loved ones.</s> </p>
    <p id="7"><s id="7">&quot;I am meeting my parents,&quot; said 25-year-old Ella Smirnova, a tall young woman seemingly in shock.</s> <s id="8">&quot;I spoke to them last on the phone when they were already on the plane, and then I heard the news.&quot;</s> </p>
    <p id="8"><s id="9">&quot;I will keep hoping until the end that they are alive, but perhaps I will never see them again.&quot;</s> </p>
    <p id="9"><s id="10">A senior Egyptian aviation official said the plane was a charter flight operated by a Russian company carrying 217 passengers and seven crew members.</s> </p>
    <p id="10"><s id="11">The official said the plane was flying at an altitude of 30,000 feet when communication was lost.</s> </p>
    <p id="11"><s id="12">Sergei Lzvolsky, an official with the Russian aviation agency Rosaviatsia told Interfax news agency that the Kogalymavia Russian airline had departed Sharm el-Sheikh at 5:51 am local time (0351 GMT).</s> </p>
    <p id="12"><s id="13">He said the Airbus 321 did not make contact as expected with air traffic controllers in Cyprus.</s> </p>
    <p id="13"></p>
    <p id="14"></p>
    <p id="15"><s id="14">&quot;Communication was lost today with the Airbus 321 of Kogalymavia which was carrying out flight 9268 from Sharm el-Sheikh to Saint Petersburg,&quot; Lzvolsky later told Russian television networks.</s> </p>
    <p id="16"><s id="15">&quot;The plane departed Sharm el-Sheikh with 217 passengers and 7 crew members.</s> <s id="16">At 7:14 Moscow time the crew was scheduled to make contact with... Larnaca, however this did not happen and the plane disappeared from the radar screens.&quot;</s> </p>
    <p id="17"><s id="17">The flight was scheduled to land at St Petersburg at 0912 GMT, he said.</s> </p>
    <p id="18"><s id="18">The contents of the plane's last communication with ground crews were not immediately disclosed.</s> </p>
    <p id="19"><s id="19">The wreckage was found in a mountainous area roughly 100 kilometres (60 miles) south of the North Sinai town of El-Arish, Egyptian officials said.</s> </p>
    <p id="20"><s id="20">State television reported that Prime Minister Ismail Sharif was headed to the site of the accident.</s> </p>
    <p id="21"><s id="21">The last major commercial airliner crash in Egypt happened in 2004, when a Flash Airlines Boeing 737 plunged into the Red Sea after taking off from Sharm el-Sheikh.</s> </p>
    <p id="22"><s id="22">The 148 people aboard that flight, most of whom were French, were killed.</s> </p>
    <p id="23"><s id="23">Millions of tourists, many of them Russian, visit the resort town, one of Egypt's major draws for tourists looking for pristine beaches and scuba diving.</s> </p>
    <p id="24"><s id="24">The resort, and others dotting the southern Sinai Red Sea coast, are heavily secured by the military and police as an Islamist militant insurgency rages in the north of the restive peninsula, which borders Israel and the Gaza Strip.</s> </p>
    <p id="25"><s id="25">Militants in the north who pledged allegiance to the Islamic State group have killed hundreds of soldiers and policemen since the army ousted Islamist president Mohamed Morsi in 2013.</s> </p>
    <p id="26"><s id="26">burs-se/jds/pg</s> </p>
  </content>
</article>
