<article>
  <headers>
    <dct>20160322T124145Z</dct>
    <title>At least 26 dead as blasts rock Brussels airport, metro</title>
    <dateline>Brussels, March 22, 2016 (AFP) -</dateline>
    <credit>Agence France-Presse (AFP)</credit>
    <origin country="BEL" city="Brussels" />
    <keywords>
      <keyword>Belgium</keyword>
      <keyword>attacks</keyword>
    </keywords>
    <categories>
      <iptc>04015001</iptc>
      <iptc>16000000</iptc>
      <iptc>04015000</iptc>
      <iptc>11006000</iptc>
      <iptc>11000000</iptc>
      <iptc>16003000</iptc>
      <iptc>11001003</iptc>
      <iptc>16001000</iptc>
      <iptc>04000000</iptc>
      <iptc>16005002</iptc>
      <iptc>11001000</iptc>
    </categories>
  </headers>
  <content>
    <p id="1"><s id="1">A series of apparently coordinated explosions ripped through Brussels airport and a city metro station Tuesday, killing at least 26 people in the latest attacks to target Europe.</s> </p>
    <p id="2"><s id="2">Security was tightened across the jittery continent and transport links paralysed after the bombings that Belgian Prime Minister Charles Michel branded &quot;blind, violent and cowardly&quot;.</s> </p>
    <p id="3"><s id="3">&quot;This is a day of tragedy, a black day,&quot; Michel said on national television.</s> </p>
    <p id="4"><s id="4">Two blasts targeted the main hall of Zaventem Airport at around 8:00am (0700 GMT), with prosecutor Frederic Van Leeuw saying the assault likely involved at least one suicide bomber.</s> </p>
    <p id="5"><s id="5">A third hit Maalbeek metro station near the European Union's main buildings, just as commuters were making their way to work in rush hour.</s> </p>
    <p id="6"><s id="6">Pierre Meys, spokesman for the Brussels fire brigade, told AFP at least 11 people had been killed at the airport, while transport operator STIB said at least 15 others had died in the underground blast and 55 were wounded.</s> </p>
    <p id="7"><s id="7">Witnesses said victims lay in pools of blood at the airport, their limbs blown off.</s> <s id="8">There were chaotic scenes as passengers fled in panic, with a thick plume of smoke rising from the main terminal building.</s> </p>
    <p id="8"><s id="9">&quot;A man shouted a few words in Arabic and then I heard a huge blast,&quot; airport baggage security officer Alphonse Lyoura told AFP, his hands bloodied.</s> </p>
    <p id="9"><s id="10">&quot;A lot of people lost limbs.</s> <s id="11">One man had lost both legs and there was a policeman with a totally mangled leg.&quot;</s> </p>
    <p id="10"><s id="12">The explosions triggered a transport shutdown in the city that is home to the headquarters of both the EU and NATO.</s> <s id="13">Flights were halted with metro, tram and bus services all suspended.</s> </p>
    <p id="11"><s id="14">The bloodshed comes days after the dramatic arrest in Brussels on Friday of Salah Abdeslam -- the prime suspect in the Paris terror attacks claimed by the Islamic State group -- after four months on the run.</s> </p>
    <p id="12"><s id="15">European leaders reacted with shock and solidarity, urging cooperation in the fight against terrorism on a continent that has been on high alert for months.</s> </p>
    <p id="13"><s id="16">&quot;The whole of Europe has been hit,&quot; said French President Francois Hollande, whose country is still reeling from jihadist attacks in Paris that killed 130 people in November.</s> </p>
    <p id="14"></p>
    <p id="15"></p>
    <p id="16"><s id="17">Airports across Europe swiftly announced they were boosting security, including in London, Paris, Frankfurt and Amsterdam.</s> </p>
    <p id="17"><s id="18">Major international train lines into Brussels were suspended, while security was also beefed up at Belgium's nuclear plants and at EU buildings in the French city of Strasbourg, home to the European Parliament.</s> </p>
    <p id="18"><s id="19">Interior Minister Jan Jambon announced that Belgium's terror threat had been raised from three to a maximum of four, and the country's national security council was due to meet.</s> </p>
    <p id="19"><s id="20">Residents were told to &quot;stay where you are&quot;, while Deputy Prime Minister Alexander De Croo urged people to avoid making calls to stop the city's mobile networks getting saturated, and to communicate with online messages instead.</s> </p>
    <p id="20"><s id="21">Sweden's Prime Minister Stefan Lofven branded the blasts an &quot;attack against democratic Europe&quot;.</s> </p>
    <p id="21"><s id="22">British premier David Cameron tweeted that his country would do &quot;everything we can to help,&quot; and announced that Britain's COBRA security committee would meet Tuesday.</s> </p>
    <p id="22"><s id="23">Russian President Vladimir Putin said the blasts &quot;show once more that terrorism knows no borders and threatens people all over the world&quot;, according to a Kremlin statement.</s> </p>
    <p id="23"><s id="24">&quot;The fight against this evil requires vital international cooperation,&quot; he added.</s> </p>
    <p id="24"></p>
    <p id="25"></p>
    <p id="26"><s id="25">The blasts come as Abdeslam, Europe's most wanted man, remains in a high-security prison in Belgium following his arrest last week in the gritty Brussels neighbourhood of Molenbeek, just around the corner from his family home.</s> </p>
    <p id="27"><s id="26">Belgium's Foreign Minister Didier Reynders said at the weekend that Abdeslam -- believed to have played a key logistical role in the carnage in Paris -- had been planning some sort of new attack.</s> </p>
    <p id="28"><s id="27">At the airport, shaken witnesses spoke of how the blasts sent ceiling tiles shattering to the floor and left a smell of gunpowder in the air.</s> </p>
    <p id="29"><s id="28">&quot;We heard the explosion and felt the blowback,&quot; Jean-Pierre Lebeau, a French passenger who had just arrived from Geneva, told AFP, adding that he had seen wounded people and &quot;blood in the elevator&quot;.</s> </p>
    <p id="30"><s id="29">Jean-Pierre Herman and his wife Tankrat Paui Tran embraced with shock on their faces.</s> </p>
    <p id="31"><s id="30">&quot;My wife just arrived,&quot; Herman said.</s> <s id="31">&quot;I said hello, we took the elevator and in the elevator we heard the first bomb.</s> </p>
    <p id="32"><s id="32">&quot;When we came out of the elevator at that moment the second bomb exploded and then we saw doors flying, (the) glass ceiling come down and smoke.&quot;</s> </p>
    <p id="33"><s id="33">At Maalbeek station, more than a dozen people with bloodied faces were treated by emergency services on the pavement, an AFP reporter said.</s> </p>
    <p id="34"><s id="34">bur/kjl/ric</s> </p>
    <p id="35"></p>
  </content>
</article>
