<article>
  <headers>
    <dct>20160112T105110Z</dct>
    <title>Terror link suspected in Istanbul blast: Turkish official</title>
    <dateline>Istanbul, Jan 12, 2016 (AFP) -</dateline>
    <credit>Agence France-Presse (AFP)</credit>
    <origin country="TUR" city="Istanbul" />
    <keywords>
      <keyword>terror</keyword>
      <keyword>Turkey</keyword>
      <keyword>blast</keyword>
    </keywords>
    <categories>
      <iptc>16000000</iptc>
      <iptc>11000000</iptc>
      <iptc infered="true">03014000</iptc>
    </categories>
  </headers>
  <content>
    <p id="1"><s id="1">Turkish authorities suspect a terror attack was the cause of Tuesday's blast in the main tourist hub of Istanbul that has left 10 people dead, a government official said.</s> </p>
    <p id="2"><s id="2">&quot;Terrorist links are suspected,&quot; the  officicial told AFP, asking not to be named, after the explosion in the Sultanahmet district of Turkey's biggest city.</s> </p>
    <p id="3"><s id="3">fo/txw/ric</s> </p>
    <p id="4"></p>
  </content>
</article>
