<article>
  <headers>
    <dct>20120718T105710Z</dct>
    <title>Syria defence minister killed in Damascus bomb: state TV</title>
    <dateline>DAMASCUS, July 18, 2012 (AFP) -</dateline>
    <credit>Agence France-Presse (AFP)</credit>
    <origin country="SYR" city="DAMASCUS" />
    <keywords>
      <keyword>Syria</keyword>
      <keyword>conflict</keyword>
    </keywords>
    <categories>
      <iptc>16010000</iptc>
    </categories>
  </headers>
  <content>
    <p id="1"><s id="1">Syrian defence minister General Daoud Rajha died in a suicide attack in Damascus on Wednesday, as raging battles across the capital upped the stakes ahead of a Security Council vote on the Syria crisis.</s> </p>
    <p id="2"><s id="2">State television said a suicide bomber targeted a meeting of ministers and security officials at the National Security headquarters in Rawda, a high security district in the heart of the capital, killing Rajha.</s> </p>
    <p id="3"><s id="3">Security officials told AFP that several other participants in the meeting were wounded in the blast and taken to Al-Shami hospital in the capital for treatment.</s> </p>
    <p id="4"><s id="4">The officials said Interior Minister Mohammed al-Shaar was among the wounded.</s> </p>
    <p id="5"><s id="5">Rajha, a Christian, was defence minister, deputy army chief and deputy of the Council of Ministers.</s> <s id="6">Syria's army chief is President Bashar al-Assad.</s> </p>
    <p id="6"><s id="7">The National Security branch -- a key part of the country's security apparatus -- is headed by General Hisham Ikhtiyar.</s> <s id="8">There was no immediate news of Ikhtiyar's fate after the bombing.</s> </p>
    <p id="7"><s id="9">The attack came as battles raged across Damascus and after the Free Syrian Army (FSA) -- comprising defected soldiers and civilians who have taken up arms against Assad's forces -- warned the regime to &quot;expect surprises.&quot;</s> </p>
    <p id="8"><s id="10">Columns of black smoke rose over the capital, with the Local Coordination Committees, which organises anti-regime protests on the ground, reporting that Qaboon and Barzeh neighbourhoods were bombarded by loyalist forces.</s> </p>
    <p id="9"><s id="11">It also said there was less traffic than normal in the city where fighting has raged since Sunday, with the rebels announcing a full-scale offensive dubbed &quot;the Damascus volcano and earthquakes of Syria.&quot;</s> </p>
    <p id="10"><s id="12">Regime forces and the FSA clashed in the Al-Midan and Zahira districts of Damascus as well as at Assali south of the city, the LCC said.</s> </p>
    <p id="11"><s id="13">Rebel forces on Tuesday said the battle to &quot;liberate&quot; Damascus had begun, as heavy fighting raged with the regime using helicopter gunships in the capital for the first time.</s> </p>
    <p id="12"><s id="14">As the fighting inched closer to the regime's nerve centre, FSA spokesman Colonel Kassem Saadeddine said &quot;victory is nigh&quot; and the struggle would go on until the city was conquered.</s> </p>
    <p id="13"><s id="15">&quot;We have transferred the battle from Damascus province to the capital.</s> <s id="16">We have a clear plan to control the whole of Damascus.</s> <s id="17">We only have light weapons, but it's enough.&quot;</s> </p>
    <p id="14"><s id="18">&quot;Expect surprises,&quot; Saadeddine added.</s> </p>
    <p id="15"><s id="19">An army officer in Damascus, however, told AFP on Tuesday that troops have &quot;the situation under control&quot; and were &quot;chasing the terrorists seeking refuge in apartments and mosques.&quot;</s> </p>
    <p id="16"><s id="20">The source said &quot;battles raged&quot; in Qaboon, &quot;where the majority of rebels were,&quot; adding that &quot;33 terrorists were killed, 15 were wounded and 145 were arrested,&quot; referring to rebels.</s> </p>
    <p id="17"><s id="21">In Beijing, UN chief Ban Ki-moon on Wednesday urged the Security Council to act to stop the bloodshed in Syria, after holding talks with Chinese leaders hours ahead of a vote on fresh sanctions.</s> </p>
    <p id="18"><s id="22">Ban said the Security Council must unite and take action on the &quot;very serious&quot; situation in Syria, after meetings with China's President Hu Jintao and Foreign Minister Yang Jiechi.</s> </p>
    <p id="19"><s id="23">&quot;I have explained how serious the situation is now and all the leaders in China have also shared my view that this situation is very serious,&quot; Ban told reporters in Beijing after the meetings.</s> </p>
    <p id="20"><s id="24">The Security Council will on Wednesday vote on a Western resolution renewing the UN mission in the country that calls for sanctions if the regime does not pull back heavy weapons.</s> </p>
    <p id="21"><s id="25">But Syria's main ally Russia, one of five permanent Security Council members, has vowed to veto the Western-backed proposal.</s> <s id="26">China has twice joined with Moscow over the course of the 16-month conflict in blocking resolutions critical of Damascus.</s> </p>
    <p id="22"><s id="27">Ban has already urged China to use its influence to back a peace plan by UN-Arab League envoy Kofi Annan, who is calling on the Security Council to order &quot;consequences&quot; for any failure to carry out his six-point plan.</s> </p>
    <p id="23"><s id="28">But China has repeatedly warned against outside intervention in Syria.</s> </p>
    <p id="24"><s id="29">&quot;The life of Syria's current political leadership can only be determined by the Syrian people,&quot; said the People's Daily, mouthpiece of the Communist Party, in an editorial on Tuesday.</s> </p>
    <p id="25"><s id="30">&quot;This is an internal matter and the international community should respect that.&quot;</s> </p>
    <p id="26"><s id="31">Representatives of the Syrian National Council (SNC) -- an umbrella opposition group -- met ambassadors from the 15-nation Security Council, including Russian envoy Vitaly Churkin, to press them to back sanctions.</s> </p>
    <p id="27"><s id="32">But Russia has branded as &quot;blackmail&quot; the bid to link renewal of the UN mission to the threat of sanctions, and has pledged to veto the resolution calling for sanctions.</s> </p>
    <p id="28"><s id="33">The current 90-day UN mission in Syria ends on Friday and if no resolution is passed by then, it would have to shut down this weekend, diplomats say.</s> </p>
    <p id="29"><s id="34">The Observatory, meanwhile, said at least 93 people were killed nationwide on Tuesday, among them 48 civilians, adding to its toll of more than 17,000 dead since the revolt erupted in March last year.</s> </p>
    <p id="30"><s id="35">burs/bpz/srm</s> </p>
  </content>
</article>
