<article>
  <headers>
    <dct>20150921T013742Z</dct>
    <title>Comeback kid Tsipras storms to victory in Greek election</title>
    <dateline>Athens, Sept 20, 2015 (AFP) -</dateline>
    <credit>Agence France-Presse (AFP)</credit>
    <origin country="GRC" city="Athens" />
    <keywords>
      <keyword>Greece</keyword>
      <keyword>vote</keyword>
    </keywords>
    <categories>
      <iptc>11000000</iptc>
      <iptc>04000000</iptc>
      <iptc>11003000</iptc>
    </categories>
  </headers>
  <content>
    <p id="1"><s id="1">Greece's charismatic left-wing leader Alexis Tsipras romped to victory in Greece's general election Sunday, winning his second mandate as premier this year despite a controversial austerity deal struck with European leaders.</s> </p>
    <p id="2"><s id="2">With around 90 percent of the votes counted, Tsipras's Syriza party won 35.53 percent of the vote compared to 28.05 percent for conservative New Democracy and -- in a sense of deja vu -- will again form a coalition government with the small nationalist Independent Greeks party.</s> </p>
    <p id="3"><s id="3">As results showed the radical 41-year-old pulling ahead after a tight race shadowed by painful tax rises and pension reforms that lie around the corner, New Democracy leader Vangelis Meimarakis admitted defeat.</s> </p>
    <p id="4"><s id="4">&quot;It appears that Mr Tsipras's Syriza is first, I congratulate him,&quot; said the 61-year-old lawyer and former defence minister, whose defeat signals the end of a decades-long era in which the conservatives and socialists alternated in power.</s> </p>
    <p id="5"><s id="5">Turnout stood at 56 percent, slightly less than in January when six out of 10 voters cast their ballots, the interior ministry said.</s> </p>
    <p id="6"><s id="6">In a victory speech to hundreds of cheering flag-waving supporters who turned out in evening heat on a central square in Athens, Tsipras said the victory would &quot;turn the wheel&quot; and &quot;change the balance&quot; in Europe.</s> </p>
    <p id="7"><s id="7">When elected in January he became Greece's youngest prime minister in 150 years on taking office and a beacon for anti-austerity campaigners across the European Union.</s> </p>
    <p id="8"></p>
    <p id="9"></p>
    <p id="10"><s id="8">&quot;Europe will not be the same after our people's victory (on Sunday),&quot; he said before supporters broke into Italy's revolutionary anthem, Bandiera Rossa, Italian for &quot;Red Flag&quot;.</s> </p>
    <p id="11"><s id="9">But Tsipras also admitted that the country's pledge to go forward with four years of painful reforms set out by Europe's leaders would not be easy.</s> </p>
    <p id="12"><s id="10">&quot;We have difficulties ahead,&quot; he told supporters.</s> <s id="11">&quot;Recovery cannot come through magic but through lots of work, stubbornness and struggle.&quot;</s> </p>
    <p id="13"><s id="12">France's President Francois Hollande and European Parliament president Martin Schulz, both left-wingers too, congratulated the premier-elect on his win.</s> </p>
    <p id="14"><s id="13">&quot;Greece will have a period of stability with a solid majority,&quot; Hollande told.</s> </p>
    <p id="15"><s id="14">But the new coalition is likely to have a slightly narrower majority of 155 seats in the 300-seat parliament, compared to 162 seats over the period from January to August, initial results showed.</s> </p>
    <p id="16"><s id="15">Hands-down winner of a January general election, then with 36.34 percent of the vote, Tsipras resigned in August and called snap elections, gambling crisis-weary Greeks would give him a new mandate despite his contentious bailout deal with European leaders.</s> </p>
    <p id="17"><s id="16">After winning office on an anti-austerity ticket, he agreed in July to more punishing austerity for the nation in exchange for its third financial rescue in five years.</s> </p>
    <p id="18"><s id="17">He later argued he had effectively saved Greece from a chaotic exit from the eurozone.</s> </p>
    <p id="19"></p>
    <p id="20"></p>
    <p id="21"><s id="18">But the move alienated many Syriza supporters and split the party, with a fifth of its anti-euro hardline MPs walking out, forcing Tsipras to call Greece's fifth general election in six years.</s> </p>
    <p id="22"><s id="19">He went to the polls facing a strong challenge from conservative leader Meimarakis, who had slammed the former premier's U-turn with the country's creditors and his chaotic months in power.</s> </p>
    <p id="23"><s id="20">Over 9.8 million Greeks were registered to vote for a new government which will face the tough task in the next weeks of pushing through the belt-tightening reforms agreed under the three-year bailout accord adopted by parliament last month.</s> </p>
    <p id="24"><s id="21">The reforms come in return for a new 86-billion-euro ($97-billion) international rescue.</s> </p>
    <p id="25"><s id="22">Signed days after Greeks overwhelmingly voted &quot;No&quot; to more austerity in a national referendum, the cash-for-reforms deal proved controversial, and Sunday many voters went to the polls with a heavy heart.</s> </p>
    <p id="26"><s id="23">&quot;Greeks wanted to try out Syriza but saw the results, they're a bunch of liars,&quot; 58-year-old conservative voter Marika Geraki told AFP.</s> </p>
    <p id="27"></p>
    <p id="28"></p>
    <p id="29"><s id="24">But despite the broken promises, many voters believed Tsipras had their interests at heart and represented a break with past leaders perceived as corrupt.</s> </p>
    <p id="30"><s id="25">&quot;We want to be done with thieves, first the Germans and then the conservatives and socialists,&quot; 63-year-old Efthymia Xanthou told AFP.</s> </p>
    <p id="31"><s id="26">Economic analysts responded positively to Tspiras's win.</s> <s id="27">&quot;Greek voters now seem to have given him the chance to do better,&quot; said Berenberg's Holger Schmieding.</s> </p>
    <p id="32"><s id="28">&quot;After years of almost unprecedented crisis, the vast majority of Greeks are endorsing parties that are promising to keep the country in the euro even if that implies thorough and painful reforms,&quot; he said.</s> </p>
    <p id="33"><s id="29">Of the nine parties hoping to enter parliament, eight seem likely to win seats in the next parliament.</s> </p>
    <p id="34"><s id="30">Partial official results showed neo-Nazi party Golden Dawn again in third place with 7.01 percent of the vote, followed by the Pasok socialists who garnered 6.37 percent.</s> </p>
    <p id="35"><s id="31">The centrist To Potami party is likely to finish with a mere 3.65 percent, while the small anti-corruption Centrist Union party will exceed the required 3.0 percent threshold and enter parliament for the first time.</s> </p>
    <p id="36"><s id="32">Nearly 45 percent of Greeks sat out the election -- the third vote for Greeks this year including a referendum on austerity -- a significant rise in the previous abstention rate of 36 percent in January.</s> </p>
    <p id="37"><s id="33">bur-ccr/psr</s> </p>
    <p id="38"></p>
  </content>
</article>
