<article>
  <headers>
    <dct>20150107T120509Z</dct>
    <title>'Casualties' as shots fired at French satirical weekly: cartoonist</title>
    <dateline>Paris, Jan 7, 2015 (AFP) -</dateline>
    <credit>Agence France-Presse (AFP)</credit>
    <origin country="FRA" city="Paris" />
    <keywords>
      <keyword>shooting</keyword>
      <keyword>crime</keyword>
      <keyword>media</keyword>
      <keyword>France</keyword>
    </keywords>
    <categories>
      <iptc>02001000</iptc>
      <iptc>04010000</iptc>
      <iptc>04000000</iptc>
      <iptc>02000000</iptc>
      <iptc infered="true">15051000</iptc>
      <iptc infered="true">01026000</iptc>
    </categories>
  </headers>
  <content>
    <p id="1"><s id="1">Armed gunmen stormed the offices of French satirical weekly Charlie Hebdo on Wednesday, leaving &quot;casualties&quot;, said the publication's cartoonist.</s> </p>
    <p id="2"><s id="2">&quot;I think there are casualties,&quot; Renaud Luzier told AFP.</s> </p>
    <p id="3"><s id="3">fmi/fb/ric/sms</s> </p>
  </content>
</article>
