<article>
  <headers>
    <dct>20161021T194041Z</dct>
    <title>'Substantial human, material damage' in Cameroon derailment: minister</title>
    <dateline>Yaoundé, Oct 21, 2016 (AFP) -</dateline>
    <credit>Agence France-Presse (AFP)</credit>
    <origin country="CMR" city="Yaoundé" />
    <keywords>
      <keyword>Cameroon</keyword>
      <keyword>accident</keyword>
      <keyword>train</keyword>
    </keywords>
    <categories>
      <iptc>03013000</iptc>
      <iptc>03000000</iptc>
      <iptc>03010000</iptc>
    </categories>
  </headers>
  <content>
    <p id="1"><s id="1">A Cameroon passenger train derailed Friday, while travelling between the capital Yaounde and the economic hub of Douala in the south, causing &quot;substantial human and material damage&quot;, Transport Minister Edgar Alain Mebe Ngo'o said.</s> </p>
    <p id="2"><s id="2">The derailment happened near the central town of Eseka, Mebe Ngo'o added, in comments made to the state radio station.</s> </p>
    <p id="3"><s id="3">&quot;The derailment has caused significant human and material damage but I can't at this time give you any figures,&quot; he said.</s> </p>
    <p id="4"><s id="4">rek-mc/pvh/har</s> </p>
    <p id="5"></p>
  </content>
</article>
