<article>
  <headers>
    <dct>20110613T025945Z</dct>
    <title>6.0-magnitude quake hits New Zealand: USGS</title>
    <dateline>CHRISTCHURCH, New Zealand, June 13, 2011 (AFP) -</dateline>
    <credit>Agence France-Presse (AFP)</credit>
    <origin country="NZL" city="CHRISTCHURCH" />
    <keywords>
      <keyword>quake</keyword>
      <keyword>NZealand</keyword>
    </keywords>
    <categories>
      <iptc>03000000</iptc>
      <iptc>03002000</iptc>
    </categories>
  </headers>
  <content>
    <p id="1"><s id="1">A 6.0-magnitude earthquake struck close to New Zealand's quake-hit Christchurch on Monday, following a series of earlier tremors which rocked the city, seismologists said.</s> </p>
    <p id="2"><s id="2">The US Geological Survey measured the quake which struck at 0220 GMT at a depth of nine kilometres (5.6 miles) and some 14 kilometres from the country's second largest city.</s> </p>
    <p id="3"><s id="3">The latest quake follows a string of tremors early on Monday, including one of magnitude 5.2 which reportedly caused building damage in the stricken city.</s> </p>
    <p id="4"><s id="4">Christchurch is still recovering from a 6.3-magnitude quake in February which devastated the city centre and killed 181 people.</s> </p>
    <p id="5"><s id="5">ns-mfc/pdw</s> </p>
  </content>
</article>
