<article>
  <headers>
    <dct>20150420T001451Z</dct>
    <title>Opposition Centre wins Finnish vote, eurosceptic party second: final results</title>
    <dateline>Helsinki, April 19, 2015 (AFP) -</dateline>
    <credit>Agence France-Presse (AFP)</credit>
    <origin country="FIN" city="Helsinki" />
    <keywords>
      <keyword>Finland</keyword>
      <keyword>final</keyword>
      <keyword>vote</keyword>
    </keywords>
    <categories>
      <iptc>11000000</iptc>
      <iptc>11003004</iptc>
      <iptc>11003000</iptc>
    </categories>
  </headers>
  <content>
    <p id="1"><s id="1">Finland's opposition Centre Party won Sunday's general election, ousting Prime Minister Alexander Stubb's left-right coalition after a campaign dominated by the country's economic woes, final results showed.</s> </p>
    <p id="2"><s id="2">The Centre Party became the biggest party in Finland, garnering 49 of 200 seats in parliament, while the rightwing eurosceptic Finns Party, headed by the charismatic Timo Soini, came second with 38 seats.</s> </p>
    <p id="3"><s id="3">hh/po/mfp</s> </p>
    <p id="4"></p>
  </content>
</article>
