<article>
  <headers>
    <dct>20160824T063812Z</dct>
    <title>At least three dead as Italy hit by powerful quake</title>
    <dateline>Rome, Aug 24, 2016 (AFP) -</dateline>
    <credit>Agence France-Presse (AFP)</credit>
    <origin country="ITA" city="Rome" />
    <keywords>
      <keyword>quake</keyword>
      <keyword>Italy</keyword>
    </keywords>
    <categories>
      <iptc>03015001</iptc>
      <iptc>03000000</iptc>
      <iptc>03002000</iptc>
    </categories>
  </headers>
  <content>
    <p id="1"><s id="1">Central Italy was struck by a powerful, 6.2-magnitude earthquake in the early hours of Wednesday, leaving at least three people dead and devastating dozens of mountain villages.</s> </p>
    <p id="2"><s id="2">Numerous buildings had collapsed in communities close to the epicentre of the quake near the town of Norcia in the region of Umbria, witnesses told Italian media, with an increase in the death toll highly likely.</s> </p>
    <p id="3"><s id="3">The tremors were sufficiently strong to wake residents of central Rome, some 150 km (90 miles) away.</s> </p>
    <p id="4"><s id="4">The first two confirmed victims were an elderly couple whose home collapsed in Pescara del Tronto in the Marche region, east of the epicentre, according to national broadcaster Rai.</s> </p>
    <p id="5"><s id="5">Another person died and a family of four including two young children were trapped, feared dead, in their collapsed house in Accumoli, a village close to the epicentre, according to its mayor.</s> </p>
    <p id="6"><s id="6">&quot;We have a tragedy here,&quot; Stefano Petrucci told Rai. &quot;For the moment one death is confirmed but there are another four people under the rubble and they are not responding.</s> </p>
    <p id="7"><s id="7">&quot;It is a disaster, we have no light, no telephones, the rescue services have not got here yet.&quot;</s> </p>
    <p id="8"><s id="8">&quot;Half the village has disappeared,&quot; said Sergio Pirozzi, mayor of Amatrice, a mountain village in neighbouring Lazio that was packed with visitors at the peak of the summer season.</s> </p>
    <p id="9"><s id="9">He said access to the village had been blocked, making it impossible for rescue services to get through.</s> </p>
    <p id="10"><s id="10">&quot;There is a landslide on one road, a bridge is about to collapse on the other one,&quot; he said, according to the AGI news agency.</s> </p>
    <p id="11"><s id="11">Amatrice is famous in Italy as a beauty spot and is a popular holiday destination for Romans seeking cool mountain air at the height of the summer.</s> </p>
    <p id="12"><s id="12">The first quake struck shortly after 3.30 am (0130 GMT), according to the United States Geological Survey, and a 5.4 magnitude aftershock followed an hour later.</s> </p>
    <p id="13"><s id="13">USGS's PAGER system, which predicts the impact of earthquakes, issued a red alert -- suggesting significant casualties and damage based on previous quake data.</s> </p>
    <p id="14"><s id="14">A resident of the Rieti region, which is between Rome and the epicentre of the quake, told the Rainews24 channel that she and most of her neighbours had come out onto the street after feeling &quot;very strong shaking&quot;.</s> </p>
    <p id="15"><s id="15">In 2009 a 6.3-magnitude earthquake in the Aquila region, which was also felt in the Italian capital, left more than 300 dead.</s> </p>
    <p id="16"><s id="16">Italy is often shaken by earthquakes.</s> <s id="17">Another quake hit the northern Emilia Romagna region in May 2012, when two violent shocks 10 days apart left 23 people dead and 14,000 others homeless.</s> </p>
    <p id="17"><s id="18">am/ceb</s> </p>
  </content>
</article>
