<article>
  <headers>
    <dct>20160726T124257Z</dct>
    <title>Priest killed in France church hostage taking</title>
    <dateline>Saint-Etienne-du-Rouvray, France, July 26, 2016 (AFP) -</dateline>
    <credit>Agence France-Presse (AFP)</credit>
    <origin country="FRA" city="Saint-Etienne-du-Rouvray" />
    <keywords>
      <keyword>church</keyword>
      <keyword>crime</keyword>
      <keyword>France</keyword>
    </keywords>
    <categories>
      <iptc>02001000</iptc>
      <iptc>12000000</iptc>
      <iptc>02000000</iptc>
      <iptc infered="true">12007000</iptc>
    </categories>
  </headers>
  <content>
    <p id="1"><s id="1">A priest was killed on Tuesday when two armed assailants seized hostages at a church near the northern French city of Rouen, police said.</s> </p>
    <p id="2"><s id="2">Five people were inside the church in the Normandy town of Saint-Etienne-du-Rouvray when it came under attack, interior ministry spokesman Pierre Henry Brandet said.</s> </p>
    <p id="3"><s id="3">He said the church was surrounded by France's anti-gang brigade the BRI, which specialises in kidnappings, and that &quot;the two assailants came out and were killed by police&quot;.</s> </p>
    <p id="4"><s id="4">Three of the hostages were freed unharmed, and another was fighting for their life.</s> <s id="5">A police source said the priest of the Saint-Etienne church was killed.</s> </p>
    <p id="5"><s id="6">The motivations for the hostage-taking were not yet clear, but the Paris prosecutor's office said the case was being handled by anti-terrorism prosecutors.</s> </p>
    <p id="6"><s id="7">The incident comes as France remains on high alert nearly two weeks after Tunisian Mohamed Lahouaiej Bouhlel ploughed a truck into a crowd of people celebrating Bastille Day in the French Riviera city of Nice, killing 84 people and injuring over 300.</s> </p>
    <p id="7"><s id="8">French President Francois Hollande, who is from Rouen, and Interior Minister Bernard Cazeneuve were on their way to the scene, their offices said.</s> </p>
    <p id="8"><s id="9">An AFP journalist said the scene of the attack was crawling with emergency vehicles and police.</s> </p>
    <p id="9"></p>
    <p id="10"></p>
    <p id="11"><s id="10">French Prime Minister Manuel Valls expressed his horror at what he called &quot;a barbaric attack on a church&quot;.</s> </p>
    <p id="12"><s id="11">&quot;The whole of France and all Catholics are wounded.</s> <s id="12">We will stand together,&quot; he wrote on Twitter.</s> </p>
    <p id="13"><s id="13">Pope Francis voiced his &quot;pain and horror&quot; at the hostage-taking, according to the Vatican.</s> </p>
    <p id="14"><s id="14">The archbishop of Rouen, Dominique Lebrun, urged all non-believers to join those of the church in &quot;calling to God&quot;.</s> </p>
    <p id="15"><s id="15">&quot;The Catholic Church can take up no other weapons that prayer and fraternity between men,&quot; he said in a statement.</s> </p>
    <p id="16"><s id="16">The Nice attack was the third major strike on France in 18 months and was claimed by the Islamic State group.</s> </p>
    <p id="17"><s id="17">Two attacks in Germany claimed by the Islamic State group since then have also increased jitters in Europe.</s> </p>
    <p id="18"><s id="18">After the attack in Nice, France extended a state of emergency giving police extra powers to carry out searches and place people under house arrest for another six months until January.</s> </p>
    <p id="19"><s id="19">It was the fourth time the security measures have been extended since Islamic State jihadists struck Paris in November, killing 130 people at restaurants, a concert hall and the national stadium.</s> </p>
    <p id="20"></p>
    <p id="21"></p>
    <p id="22"><s id="20">The Nice massacre has triggered by a bitter political spat over alleged security failings, with the government accused of not doing enough to protect the population.</s> </p>
    <p id="23"><s id="21">French far-right National Front leader Marine Le Pen wrote on Twitter that the &quot;modus operandi obviously makes us fear a new attack from terrorist Islamists.&quot;</s> </p>
    <p id="24"><s id="22">Valls had warned earlier in the week that the country will face more attacks as its struggles to handle extremists returning from jihad in the Middle East and those radicalised at home by devouring propaganda on the internet.</s> </p>
    <p id="25"><s id="23">France has been concerned about the threat against churches ever since a foiled plot against in the Paris suburb of Villejuif in April last year.</s> </p>
    <p id="26"><s id="24">Sid Ahmed Ghlam, a 24-year-old Algerian IT student, was arrested in Paris on suspicion of killing a woman who was found shot dead in the passenger seat of her car, and of planning an attack on a church.</s> </p>
    <p id="27"><s id="25">Prosecutors say they found documents about Al-Qaeda and IS at his home, and that he had been in touch with a suspected jihadist in Syria about an attack on a church.</s> </p>
    <p id="28"><s id="26">burs-fb/txw</s> </p>
    <p id="29"></p>
  </content>
</article>
