<article>
  <headers>
    <dct>20141216T104149Z</dct>
    <title>At least 95 killed in Taliban attack on Pakistan school: officials</title>
    <dateline>PESHAWAR, Pakistan, Dec 16, 2014 (AFP) -</dateline>
    <credit>Agence France-Presse (AFP)</credit>
    <origin country="PAK" city="Peshawar" />
    <keywords>
      <keyword>Pakistan</keyword>
      <keyword>school</keyword>
      <keyword>unrest</keyword>
      <keyword>toll</keyword>
    </keywords>
    <categories>
      <iptc>16000000</iptc>
      <iptc infered="true">05005000</iptc>
    </categories>
  </headers>
  <content>
    <p id="1"><s id="1">At least 95 people including 82 children were killed Tuesday when Taliban militants stormed an army-run school in Pakistan's northwestern city of Peshawar,  hospital officials said.</s> </p>
    <p id="2"><s id="2">The Lady Reading hospital received 26 bodies including 23 students,  according to Jamil Shah, a spokesman.</s> </p>
    <p id="3"><s id="3">A report by the Combined Military Hospital seen by AFP said the bodies of 69 non-militants were there, including 59 students.</s> </p>
    <p id="4"><s id="4">shk-ga-sjd/ia/sm</s> </p>
  </content>
</article>
