<article>
  <headers>
    <dct>20141216T112513Z</dct>
    <title>Death toll in Pakistan school attack passes 100: officials</title>
    <dateline>PESHAWAR, Pakistan, Dec 16, 2014 (AFP) -</dateline>
    <credit>Agence France-Presse (AFP)</credit>
    <origin country="PAK" city="Peshawar" />
    <keywords>
      <keyword>Pakistan</keyword>
      <keyword>school</keyword>
      <keyword>unrest</keyword>
      <keyword>toll</keyword>
    </keywords>
    <categories>
      <iptc>16000000</iptc>
      <iptc infered="true">05005000</iptc>
    </categories>
  </headers>
  <content>
    <p id="1"><s id="1">A Taliban attack on an army-run school in Pakistan on Tuesday has left more than 100 people dead, most of them students, officials said.</s> </p>
    <p id="2"><s id="2">Senior provincial minister Inayatullah told AFP at least 104 bodies had been taken to two hospitals in Peshawar, the northwestern city where the attack took place.</s> </p>
    <p id="3"><s id="3">str-jaf/pdw/jg</s> </p>
  </content>
</article>
