<article>
  <headers>
    <dct>20150107T142630Z</dct>
    <title>12 dead in 'terrorist' attack at Paris paper</title>
    <dateline>Paris, Jan 7, 2015 (AFP) -</dateline>
    <credit>Agence France-Presse (AFP)</credit>
    <origin country="FRA" city="Paris" />
    <keywords>
      <keyword>attacks</keyword>
      <keyword>media</keyword>
      <keyword>France</keyword>
    </keywords>
    <categories>
      <iptc>02001000</iptc>
      <iptc>04010000</iptc>
      <iptc>04000000</iptc>
      <iptc>02000000</iptc>
      <iptc>01026000</iptc>
      <iptc>01000000</iptc>
      <iptc infered="true">16001000</iptc>
    </categories>
  </headers>
  <content>
    <p id="1"><s id="1">Heavily armed gunmen shouting Islamist slogans stormed a Paris satirical newspaper office Wednesday and shot dead at least 12 people in the deadliest attack in France in four decades.</s> </p>
    <p id="2"><s id="2">Police launched a massive manhunt for the masked attackers who reportedly hijacked a car and sped off, running over a pedestrian and shooting at officers.</s> </p>
    <p id="3"><s id="3">Police said witnesses heard the attackers, who were armed with a Kalashnikov and rocket launcher, shout &quot;we have avenged the prophet&quot; and &quot;Allahu akbar&quot; (God is greatest).</s> </p>
    <p id="4"><s id="4">Two police were confirmed among the dead and four people were critically injured.</s> </p>
    <p id="5"><s id="5">The capital was placed under the highest alert status after the attack on Charlie Hebdo, a satirical weekly that has sparked anger in the past among Muslims for publishing cartoons of the prophet Mohamed.</s> </p>
    <p id="6"><s id="6">Television footage showed large numbers of police in the area, bullet-riddled windows and people being carried away on stretchers.</s> </p>
    <p id="7"><s id="7">The attack took place at a time of heightened fears in France and other European capitals over fallout from the wars in Iraq and Syria where hundreds of European citizens have gone to fight alongside the radical Islamic State group.</s> </p>
    <p id="8"><s id="8">President Francois Hollande, who immediately rushed to the scene of the shooting, described it as a barbaric terrorist attack.</s> </p>
    <p id="9"><s id="9">&quot;An act of exceptional barbarism has just been committed here in Paris against a newspaper, meaning (against) the expression of liberty,&quot; Hollande said at the scene.</s> </p>
    <p id="10"><s id="10">One man who witnessed the shooting said he saw two attackers shooting their way out of Charlie Hebdo at around 11:30 am (1030GMT).</s> </p>
    <p id="11"><s id="11">&quot;I saw them leaving and shooting.</s> <s id="12">They were wearing masks.</s> <s id="13">These guys were serious,&quot; said the man who declined to give his name.</s> </p>
    <p id="12"><s id="14">&quot;At first I thought it was special forces chasing drug traffickers or something.</s> <s id="15">We weren't expecting this.</s> <s id="16">You would think we were in a movie.&quot;</s> </p>
    <p id="13"><s id="17">Hollande called for &quot;national unity&quot;, adding that &quot;several terrorist attacks had been foiled in recent weeks&quot;.</s> </p>
    <p id="14"><s id="18">The White House condemned the attack in the &quot;strongest possible terms,&quot; while British Prime Minister David Cameron called it &quot;sickening.&quot;</s> </p>
    <p id="15"><s id="19">&quot;We stand with the French people in the fight against terror and defending the freedom of the press,&quot; Cameron said in a message on Twitter.</s> </p>
    <p id="16"><s id="20">Wednesday's shooting is one of the worst attacks in France in decades.</s> </p>
    <p id="17"><s id="21">In 1995, a bomb in a commuter train attributed to Algerian extremists exploded at the Saint Michel metro station in Paris, killing eight and wounding 119.</s> </p>
    <p id="18"><s id="22">The satirical newspaper gained notoriety in February 2006 when it reprinted cartoons of the Prophet Mohammed that had originally appeared in Danish daily Jyllands-Posten, causing fury across the Muslim world.</s> </p>
    <p id="19"><s id="23">Its offices were fire-bombed in November 2011 when it published a cartoon of Mohammed and under the title &quot;Charia Hebdo&quot;.</s> </p>
    <p id="20"></p>
    <p id="21"></p>
    <p id="22"><s id="24">Despite being taken to court under anti-racism laws, the weekly continued to publish controversial cartoons of the Muslim prophet.</s> </p>
    <p id="23"><s id="25">In September 2012 Charlie Hebdo published cartoons of a naked Mohammed as violent protests were taking place in several countries over a low-budget film, titled &quot;Innocence of Muslims&quot;, which was made in the United States and insulted the prophet.</s> </p>
    <p id="24"><s id="26">French schools, consulates and cultural centres in 20 Muslim countries were briefly closed along with embassies for fear of retaliatory attacks at the time.</s> </p>
    <p id="25"><s id="27">Editor Stephane Charbonnier has received death threats and lives under police protection.</s> </p>
    <p id="26"><s id="28">This week's front page featured controversial author French Michel Houellebecq, whose latest book &quot;Soumission&quot;, or &quot;Submission,&quot; which imagines a France in the near future that is ruled by an Islamic government, came out Wednesday.</s> </p>
    <p id="27"><s id="29">The book has widely been touted as tapping into growing unease among non-Muslim French about immigration and the rise of Islamic influence in society.</s> </p>
    <p id="28"><s id="30">burs-mjs/ric/jz</s> </p>
    <p id="29"></p>
  </content>
</article>
