<article>
  <headers>
    <dct>20161208T061041Z</dct>
    <title>Dead from Pakistan air disaster to be identified by DNA</title>
    <dateline>Saddha Batolni , Pakistan, Dec 8, 2016 (AFP) -</dateline>
    <credit>Agence France-Presse (AFP)</credit>
    <origin country="PAK" city="Saddha Batolni " />
    <keywords>
      <keyword>Pakistan</keyword>
      <keyword>aviation</keyword>
      <keyword>accident</keyword>
    </keywords>
    <categories>
      <iptc>03013000</iptc>
      <iptc>03000000</iptc>
      <iptc>03010000</iptc>
      <iptc>03010003</iptc>
      <iptc infered="true">04015001</iptc>
    </categories>
  </headers>
  <content>
    <p id="1"><s id="1">DNA testing will be used to identify the 48 charred victims of a plane crash in the mountainous north of Pakistan, authorities said Thursday, as the country mourned one of the worst aviation disasters in its history.</s> </p>
    <p id="2"><s id="2">The Pakistan International Airlines (PIA) flight crashed into a hillside after one of its two turboprop engines failed while travelling from the city of Chitral to the capital, and burst into flames killing everyone on board.</s> </p>
    <p id="3"><s id="3">&quot;The dead bodies will be taken to Islamabad in helicopters.... for DNA testing and identification,&quot; Muhammad Abbas, a hospital official at Ayub Medical Complex in the northern garrison town of Abbottabad, told AFP.</s> </p>
    <p id="4"><s id="4">&quot;Not one body was intact,&quot; he said.</s> </p>
    <p id="5"><s id="5">Rescuers, including hundreds of villagers, had overnight pulled charred and smoking remains from the wreckage of the aircraft, parts of which were found hundreds of metres away from the main site in Abbottabad district of Khyber Pakhtunkhwa province.</s> </p>
    <p id="6"><s id="6">An AFP reporter at the site near the village of Saddha Batolni said part of the plane remained on fire more than five hours after the crash.</s> </p>
    <p id="7"><s id="7">&quot;The bodies were burnt so badly we could not recognise whether they were women or men,&quot; a villager in his thirties, who declined to give his name, told AFP.</s> </p>
    <p id="8"><s id="8">&quot;We put into sacks whatever we could find... and carried them down to the ambulance.&quot;</s> </p>
    <p id="9"><s id="9">Six of the victims had already been identified through fingerprints, according to Ali Baz, another official at the Ayub Medical Complex.</s> </p>
    <p id="10"><s id="10">Details of the identified passengers were pasted on the wall outside the mortuary.</s> </p>
    <p id="11"><s id="11">The aircraft issued a Mayday call at 4:14 pm (1114 GMT) Wednesday before losing radar contact and crashing.</s> </p>
    <p id="12"><s id="12">PIA chairman Azam Saigol said the nine-year-old plane was deemed to be &quot;technically sound&quot; when it last underwent a detailed inspection in October.</s> </p>
    <p id="13"><s id="13">&quot;Our focus now is to retrieve all the dead bodies,&quot; he added, vowing a full investigation into Flight PK661.</s> </p>
    <p id="14"></p>
    <p id="15"></p>
    <p id="16"><s id="14">A senior rescue official on the site who requested anonymity added: &quot;The villagers told us that the plane was shaky before it crashed.</s> <s id="15">It was about to hit the village but it seems that the pilot managed to drag the plane towards the hills.&quot;</s> </p>
    <p id="17"><s id="16">Three foreigners were among the dead, officials said, with Austria's foreign ministry later confirming two of its nationals were killed and Chinese state media saying one of its nationals was also among the victims.</s> </p>
    <p id="18"><s id="17">Among those also on board was Junaid Jamshed, a former Pakistani pop star turned evangelical Muslim, according to the Chitral airport manager and a local police official.</s> </p>
    <p id="19"><s id="18">Tributes poured in on social media for the former lead singer of the country's first major pop band, whose popular &quot;Dil Dil Pakistan&quot; became an unofficial national anthem.</s> </p>
    <p id="20"><s id="19">Wednesday's crash was the fourth deadliest on Pakistani soil.</s> </p>
    <p id="21"><s id="20">The country's deadliest air disaster was in 2010, when an Airbus 321 crashed into the hills outside Islamabad while about to land, killing all 152 on board.</s> </p>
    <p id="22"><s id="21">An official report blamed the accident on a confused captain and a hostile cockpit atmosphere.</s> </p>
    <p id="23"><s id="22">ga-ks/tm/ia/jah</s> </p>
  </content>
</article>
