<article>
  <headers>
    <dct>20141216T083807Z</dct>
    <title>Taliban storm army-run school in Pakistan: officials</title>
    <dateline>PESHAWAR, Pakistan, Dec 16, 2014 (AFP) -</dateline>
    <credit>Agence France-Presse (AFP)</credit>
    <origin country="PAK" city="Peshawar" />
    <keywords>
      <keyword>Pakistan</keyword>
      <keyword>school</keyword>
      <keyword>unrest</keyword>
    </keywords>
    <categories>
      <iptc>16000000</iptc>
      <iptc infered="true">05005000</iptc>
    </categories>
  </headers>
  <content>
    <p id="1"><s id="1">Taliban gunmen stormed an army-run school in restive northwest Pakistan on Tuesday injuring at least 26, officials and militants said, triggering a standoff with troops.</s> </p>
    <p id="2"><s id="2">At least five militants wearing military uniforms have entered the Army Public School in the city of Peshawar, a source at the school told AFP.</s> </p>
    <p id="3"><s id="3">A senior military official said troops had surrounded the school, and television footage showed soldiers taking up positions.</s> </p>
    <p id="4"><s id="4">At least 26 wounded have been taken to the city's Lady Reading Hospital, doctor Sharif Khan told AFP.</s> </p>
    <p id="5"><s id="5">The Tehreek-e-Taliban Pakistan (TTP) claimed responsibility for the attack, saying the gunmen had been ordered to shoot older students but not children.</s> </p>
    <p id="6"><s id="6">&quot;There has been an incident of firing at Army Public School in Peshawar.</s> <s id="7">Troops have cordoned off the area and searching for the militants,&quot; a senior military official told AFP.</s> </p>
    <p id="7"><s id="8">The source in the school said two ninth grade students, aged around 14, had been wounded in the firing.</s> </p>
    <p id="8"><s id="9">A security official told AFP that hundreds of students and staff were present in the school when the attack began, though it was not immediately clear how many are still being held.</s> </p>
    <p id="9"><s id="10">TTP spokesman Muhammad Khorasani told AFP there were six attackers.</s> </p>
    <p id="10"><s id="11">&quot;They include target killers and suicide attackers.</s> <s id="12">They have been ordered to shoot the older students but not the children,&quot; he said.</s> </p>
    <p id="11"><s id="13">The attack comes as the Pakistani military continues a major offensive against Taliban and other militant strongholds in the tribal area of North Waziristan.</s> </p>
    <p id="12"><s id="14">shk-str-ks/pdw/as</s> </p>
  </content>
</article>
