<article>
  <headers>
    <dct>20170101T015309Z</dct>
    <title>Istanbul nightclub 'Santa attack' kills 35</title>
    <dateline>Istanbul, Jan 1, 2017 (AFP) -</dateline>
    <credit>Agence France-Presse (AFP)</credit>
    <origin country="TUR" city="Istanbul" />
    <keywords>
      <keyword>Turkey</keyword>
      <keyword>attacks</keyword>
    </keywords>
    <categories>
      <iptc>16000000</iptc>
      <iptc infered="true">16001000</iptc>
    </categories>
  </headers>
  <content>
    <p id="1"><s id="1">At least 35 people were killed and 40 wounded in a &quot;terror&quot; attack in Istanbul Sunday when gunmen reportedly dressed as Santa stormed an elite nightclub where partygoers were celebrating the New Year, the latest carnage to rock Turkey after a bloody 2016.</s> </p>
    <p id="2"><s id="2">Two gunmen entered the venue dressed as Santa and spraying bullets at random inside the Reina nightclub, one of the city's most exclusive party spots, Dogan news agency said.</s> </p>
    <p id="3"><s id="3">&quot;Unfortunately, at least 35 of our citizens lost their lives.</s> <s id="4">One was a police officer.</s> <s id="5">Forty people are receiving treatment in hospitals,&quot; Vasip Sahin told reporters at the scene of the nightclub on the Bosphorus in the city's European side.</s> </p>
    <p id="4"><s id="6">&quot;What happened today is a terror attack,&quot; he added.</s> </p>
    <p id="5"><s id="7">Many party-goers threw themselves into the Bosphorus in panic after the attack and efforts were underway to rescue them from the waters, NTV television said.</s> </p>
    <p id="6"><s id="8">Dogan news agency reported that some witnesses claimed the attackers were &quot;speaking Arabic&quot; while NTV broadcaster said special force police officers were still searching the nightclub.</s> </p>
    <p id="7"><s id="9">TV images showed the scene cordoned off by police officers.</s> <s id="10">According to Dogan, there were at least 700 revellers celebrating the start of 2017 at the club.</s> </p>
    <p id="8"><s id="11">Television pictures showed the New Year partygoers -- including men in suits and women in cocktail dresses -- emerging out of the nightclub in a state of shock.</s> </p>
    <p id="9"><s id="12">The nightclub in the Ortakoy district of Istanbul is one of the most elite spots in the city, and getting inside past the bouncers who seek out only the best dressed is notoriously hard.</s> </p>
    <p id="10"></p>
    <p id="11"></p>
    <p id="12"><s id="13">Turkey has been hit by a string of attacks in recent months blamed on Kurdish militants and Islamic State jihadists.</s> </p>
    <p id="13"><s id="14">On December 10, 44 people were killed in a double bombing in Istanbul after a football match hosted by the top side Besiktas.</s> </p>
    <p id="14"><s id="15">That attack, which targeted a police bus, was claimed by the Kurdistan Freedom Falcons (TAK) seen as a radical offshoot of the PKK.</s> </p>
    <p id="15"><s id="16">A week later, fourteen Turkish soldiers were killed and dozens more wounded in a suicide car bombing blamed on Kurdish militants targeting off-duty conscripts also claimed by the TAK.</s> </p>
    <p id="16"><s id="17">The recent spike in violence has capped a bloody 2016 in Turkey which saw more attacks than any other in the history of the country.</s> </p>
    <p id="17"><s id="18">In June, 47 people were killed in a triple suicide bombing and gun attack at Istanbul's Ataturk airport, with authorities blaming IS.</s> </p>
    <p id="18"><s id="19">Another 57 people, 34 of them children, were killed in August in a suicide attack by an IS-linked bomber at a Kurdish wedding in the southeastern city of Gaziantep.</s> </p>
    <p id="19"><s id="20">Turkey is still reeling from a failed July 15 coup blamed by the government on the US-based Islamic preacher Fethullah Gulen that has been followed by a relentless purge of his alleged supporters from state institutions.</s> </p>
    <p id="20"><s id="21">The attack also comes as the Turkish army is waging a four-month incursion in Syria to oust IS jihadists and Kurdish militants from the border area.</s> </p>
    <p id="21"><s id="22">The Turkish army and its Syrian rebel allies have been taking increasing casualties at Al-Bab in the bloodiest confrontation of the incursion so far.</s> </p>
    <p id="22"><s id="23">Amid fears of another attack in Istanbul, at least 17,000 police officers were deployed in the city for this year's New Year's Eve celebrations.</s> </p>
    <p id="23"><s id="24">raz-sjw/ric</s> </p>
    <p id="24"><s id="25">BESIKTAS FUTBOL</s> </p>
    <p id="25"></p>
  </content>
</article>
