<article>
  <headers>
    <dct>20170116T053329Z</dct>
    <title>Kyrgyzstan says at least 32 dead after Turkish cargo plane hits village</title>
    <dateline>Bishkek, Kyrgyzstan, Jan 16, 2017 (AFP) -</dateline>
    <credit>Agence France-Presse (AFP)</credit>
    <origin country="KGZ" city="Bishkek" />
    <keywords>
      <keyword>accident</keyword>
    </keywords>
    <categories>
      <iptc>03013000</iptc>
      <iptc>03010000</iptc>
      <iptc>03000000</iptc>
      <iptc>03010003</iptc>
    </categories>
  </headers>
  <content>
    <p id="1"><s id="1">A cargo plane attempting to land at Kyrgyzstan's main airport in thick fog crashed in a populated area Monday, authorities at the airport said, leaving at least 32 people dead.</s> </p>
    <p id="2"><s id="2">The majority of the dead are from the nearby village of Dacha-Suu where the plane -- a Turkish Airlines flight to Istanbul from Hong Kong via Kyrgyzstan's capital Bishkek -- crashed at around 7.30 am local time (0130 GMT), a spokesman for the country's emergency services ministry told AFP.</s> </p>
    <p id="3"><s id="3">Four pilots also died, the health ministry said.</s> </p>
    <p id="4"><s id="4">tol-cr/ceb</s> </p>
  </content>
</article>
