<article>
  <headers>
    <dct>20141216T163846Z</dct>
    <title>Carnage as Taliban storm Pakistan school, kill 135</title>
    <dateline>PESHAWAR, Pakistan, Dec 16, 2014 (AFP) -</dateline>
    <credit>Agence France-Presse (AFP)</credit>
    <origin country="PAK" city="Peshawar" />
    <keywords>
      <keyword>Pakistan</keyword>
      <keyword>school</keyword>
      <keyword>unrest</keyword>
    </keywords>
    <categories>
      <iptc>16000000</iptc>
      <iptc infered="true">05005000</iptc>
    </categories>
  </headers>
  <content>
    <p id="1"><s id="1">Taliban insurgents killed at least 135 people, most of them children, after storming an army-run school on Tuesday in one of Pakistan's bloodiest ever attacks.</s> </p>
    <p id="2"><s id="2">Witnesses described how a huge blast shook the Army Public School in the northwestern city of Peshawar and six gunmen in government paramilitary uniforms went from classroom to classroom shooting children, some as young as 12.</s> </p>
    <p id="3"><s id="3">Two provincial ministers said the death toll stood at 135, with 116 wounded, making it the country's deadliest attack in seven years.</s> </p>
    <p id="4"><s id="4">The Tehreek-e-Taliban Pakistan (TTP) claimed responsibility for the assault, calling it revenge for a major military offensive in the region.</s> </p>
    <p id="5"><s id="5">A teenage survivor described how he played dead to escape the militants as they rampaged through the school, hunting for people to kill.</s> </p>
    <p id="6"><s id="6">Shahrukh Khan, 16, said he and his classmates ducked below their desks when four gunmen burst into their room.</s> </p>
    <p id="7"><s id="7">&quot;I saw a pair of big black boots coming towards me, this guy was probably hunting for students hiding beneath the benches,&quot; Khan told AFP from the trauma ward of the city's Lady Reading Hospital</s> </p>
    <p id="8"><s id="8">Khan decided to play dead after being shot in both legs, stuffing his tie into his mouth to stifle his screams.</s> </p>
    <p id="9"><s id="9">&quot;The man with big boots kept on looking for students and pumping bullets into their bodies.</s> <s id="10">I lay as still as I could and closed my eyes, waiting to get shot again,&quot; he said.</s> </p>
    <p id="10"><s id="11">&quot;My body was shivering.</s> <s id="12">I saw death so close and I will never forget the black boots approaching me -- I felt as though it was death that was approaching me.&quot;</s> </p>
    <p id="11"></p>
    <p id="12"></p>
    <p id="13"><s id="13">The Lady Reading Hospital was thronged with distraught parents weeping uncontrollably as children's bodies arrived, their school uniforms drenched in blood.</s> </p>
    <p id="14"><s id="14">Irshadah Bibi, 40, whose 12-year-old son was among the dead, beat her face in grief, throwing herself against an ambulance.</s> </p>
    <p id="15"><s id="15">&quot;O God, why did you snatch away my son?</s> <s id="16">What is the sin of my child and all these children?&quot; she wept.</s> </p>
    <p id="16"><s id="17">Police officials said the attack ended around 6.30 pm (1330 GMT), some eight hours after it began, with all six militants dead.</s> </p>
    <p id="17"><s id="18">Chief army spokesman General Asim Bajwa said on Twitter the operation was &quot;closing up&quot;, but that explosive devices planted by the militants were hampering clearance efforts.</s> </p>
    <p id="18"><s id="19">Prime Minister Nawaz Sharif described the attack as a &quot;national tragedy unleashed by savages&quot;.</s> </p>
    <p id="19"><s id="20">&quot;These were my children.</s> <s id="21">This is my loss.</s> <s id="22">This is the nation's loss,&quot; he said.</s> </p>
    <p id="20"><s id="23">Nobel peace laureate Malala Yousafzai, herself shot by the Taliban in 2012, said she was &quot;heartbroken&quot; by &quot;the senseless and cold-blooded&quot; killing.</s> </p>
    <p id="21"><s id="24">US President Barack Obama condemned the attack as &quot;heinous&quot; and said America would stand by Pakistan in its struggle against violent extremism.</s> </p>
    <p id="22"><s id="25">The leaders of India and Afghanistan, Pakistan's sometimes fractious neighbours, added their voices to the outrage.</s> </p>
    <p id="23"></p>
    <p id="24"></p>
    <p id="25"><s id="26">The school on Peshawar's Warsak Road is part of the Army Public Schools and Colleges System, which runs 146 schools nationwide for the children of military personnel and civilians.</s> <s id="27">Its students range in age from around 10 to 18.</s> </p>
    <p id="26"><s id="28">The schools educate the children of both officers and non-commissioned soldiers and army wives often teach in them.</s> </p>
    <p id="27"><s id="29">Tuesday's attack was seen as shocking even by the standards of Pakistan, which has suffered thousands of deaths in bomb and gun attacks since the TTP rose up in 2007.</s> </p>
    <p id="28"><s id="30">Only one terror attack in Pakistan's 67-year history has produced a higher death toll: the October 2007 blasts targeting former prime minister Benazir Bhutto in Karachi, which killed 139.</s> </p>
    <p id="29"><s id="31">TTP spokesman Muhammad Khorasani said Tuesday's assault was carried out to avenge Taliban fighters and their families killed in the army's offensive against militant strongholds in North Waziristan.</s> </p>
    <p id="30"><s id="32">&quot;We are doing this because we want them to feel the pain of how terrible it is when your loved ones are killed,&quot; he said.</s> </p>
    <p id="31"><s id="33">&quot;We are taking this step so that their families should mourn as ours are mourning.&quot;</s> </p>
    <p id="32"><s id="34">The military has hailed the operation as a major success in disrupting the TTP's insurgency.</s> </p>
    <p id="33"><s id="35">More than 1,600 militants have been killed since the launch of Zarb-e-Azb in June, according to data compiled by AFP from regular military statements.</s> </p>
    <p id="34"><s id="36">Talat Masood, a retired general and security analyst, said the attack was intended to weaken the military's resolve.</s> </p>
    <p id="35"><s id="37">&quot;The militants know they won't be able to strike at the heart of the military, they don't have the capacity.</s> <s id="38">So they are going for soft targets,&quot; Masood told AFP.</s> </p>
    <p id="36"><s id="39">str-jaf/pdw/jg</s> </p>
  </content>
</article>
