<article>
  <headers>
    <dct>20151120T120636Z</dct>
    <title>Gunmen seize 170 hostages at Radisson hotel in Mali capital</title>
    <dateline>Bamako, Nov 20, 2015 (AFP) -</dateline>
    <credit>Agence France-Presse (AFP)</credit>
    <origin country="MLI" city="Bamako" />
    <keywords>
      <keyword>Mali</keyword>
      <keyword>unrest</keyword>
      <keyword>hotel</keyword>
    </keywords>
    <categories>
      <iptc>02001007</iptc>
      <iptc>16000000</iptc>
      <iptc>02001000</iptc>
      <iptc>11006000</iptc>
      <iptc>11000000</iptc>
      <iptc>11001004</iptc>
      <iptc>16001000</iptc>
      <iptc>04000000</iptc>
      <iptc>04014000</iptc>
      <iptc>02000000</iptc>
      <iptc>04014002</iptc>
      <iptc>11001000</iptc>
    </categories>
  </headers>
  <content>
    <p id="1"><s id="1">Gunmen went on a shooting rampage at the luxury Radisson Blu hotel in Mali's capital Bamako on Friday, seizing 170 guests and staff in an ongoing hostage-taking that has left at least three people dead.</s> </p>
    <p id="2"><s id="2">Malian security forces are storming the hotel and at least a dozen hostages have been freed after the attack by &quot;two or three&quot; assailants, a spokesman for the security ministry told AFP.</s> </p>
    <p id="3"><s id="3">Automatic weapons fire was heard outside the 190-room hotel in the city centre, with the ministry spokesman saying at least three hostages had been killed.</s> </p>
    <p id="4"><s id="4">Their identities were not yet known.</s> </p>
    <p id="5"><s id="5">Security sources said the gunmen were jihadists who had entered the hotel compound in a car that had diplomatic plates.</s> </p>
    <p id="6"><s id="6">Chinese state news agency Xinhua said at least seven Chinese nationals were among the hostages, while Turkish Airlines said six of its staff were caught up in the attack.</s> </p>
    <p id="7"><s id="7">&quot;It's all happening on the seventh floor, jihadists are firing in the corridor,&quot; a security source told AFP earlier.</s> </p>
    <p id="8"><s id="8">Malian soldiers, police and special forces were on the scene as a security perimeter was set up, along with members of the UN's MINUSMA peacekeeping force in Mali and the French troops fighting jihadists in west Africa under Operation Barkhane.</s> </p>
    <p id="9"><s id="9">An AFP journalist saw three freed hostages, including two women, who told him they had seen the body of a fair-skinned man lying on the floor of the hotel.</s> </p>
    <p id="10"><s id="10">The Rezidor Hotel Group, the US-based parent company of Radisson Blu, said two people had taken a total of 170 people hostage.</s> </p>
    <p id="11"><s id="11">The company said it was &quot;aware of the hostage-taking that is ongoing at the property today, 20th November 2015.</s> <s id="12">As per our information two persons have locked in 140 guests and 30 employees&quot;.</s> </p>
    <p id="12"><s id="13">&quot;Our safety and security teams and our corporate team are in constant contact with the local authorities in order offer any support possible to reinstate safety and security at the hotel,&quot; Rezidor said in a statement.</s> </p>
    <p id="13"><s id="14">The US embassy in Mali advised any American citizens in the country to shelter where they were, contact their families and monitor local media.</s> </p>
    <p id="14"></p>
    <p id="15"></p>
    <p id="16"><s id="15">The Radisson attack follows a nearly 24-hour siege and hostage-taking at another hotel in August in the central Malian town of Sevare in which five UN workers were killed, along with four soldiers and four attackers.</s> </p>
    <p id="17"><s id="16">Five people, including a French citizen and a Belgian, were also killed in an attack at a restaurant in Bamako in March in the first such incident in the capital.</s> </p>
    <p id="18"><s id="17">Islamist groups have continued to wage attacks in Mali despite a June peace deal between former Tuareg rebels in the north of the country and rival pro-government armed groups.</s> </p>
    <p id="19"><s id="18">In mid-2012 northern fell under the control of jihadist groups linked to Al-Qaeda.</s> <s id="19">They supplanted Tuareg rebels and imposed a brutal interpretation of sharia law on the region, with Bamako reeling from a military coup.</s> </p>
    <p id="20"><s id="20">The Islamists were largely ousted from towns by an ongoing French-led military operation launched in January 2013, but they have since launched sporadic attacks on security forces from desert hideouts.</s> </p>
    <p id="21"><s id="21">Despite the peace deal, large swathes of Mali remain beyond the control of government and foreign forces.</s> </p>
    <p id="22"><s id="22">In a recording authenticated by Malian authorities this week, a jihadist leader in Mali denounced the peace deal and called for further attacks against France, which is helping national forces fight extremists.</s> </p>
    <p id="23"><s id="23">In the message released last month -- before this week's deadly jihadist attacks in Paris -- Ansar Dine leader Iyad Ag Ghaly endorsed the attack on Charlie Hebdo magazine by Islamist extremists in the French capital in January.</s> </p>
    <p id="24"><s id="24">The website of the Radisson Blu in Bamako says it offers &quot;upscale lodging close to many government offices and business sites&quot;, serving as &quot;one of the city's most popular conference venues&quot; with &quot;a stunning 508-square-metre ballroom and meeting rooms&quot;.</s> </p>
    <p id="25"><s id="25">Radisson Blu, an upscale brand of the Radisson hotel chain, has more than 230 luxury hotels and resorts worldwide.</s> </p>
    <p id="26"><s id="26">sd/cs/kjl/txw</s> </p>
    <p id="27"><s id="27">REZIDOR HOTEL GROUP</s> </p>
    <p id="28"><s id="28">TURKISH AIRLINES - TURK HAVA YOLLARI AO</s> </p>
    <p id="29"></p>
  </content>
</article>
