<article>
  <headers>
    <dct>20160116T010256Z</dct>
    <title>Victims, hostages in Burkina Faso hotel attack, planning counter-assult: minister</title>
    <dateline>Ouagadougou, Jan 16, 2016 (AFP) -</dateline>
    <credit>Agence France-Presse (AFP)</credit>
    <origin country="BFA" city="Ouagadougou" />
    <keywords>
      <keyword>attack</keyword>
      <keyword>hotel</keyword>
      <keyword>Burkina</keyword>
      <keyword>France</keyword>
    </keywords>
    <categories>
      <iptc>16000000</iptc>
      <iptc infered="true">16001000</iptc>
      <iptc infered="true">04014002</iptc>
    </categories>
  </headers>
  <content>
    <p id="1"><s id="1">There are &quot;victims and hostages&quot; in the ongoing attack on a hotel in central Ouagadougou, Burkina Faso Foreign Minister Alpha Barry told AFP Friday, adding that a counter-assault was being prepared, possibly with the support of French forces.</s> </p>
    <p id="2"><s id="2">&quot;We know that there are victims and there are hostages.</s> <s id="3">Currently the area is blocked by security forces waiting for an assault to free the hostages,&quot; said the minister.</s> </p>
    <p id="3"><s id="4">&quot;At the moment, these are Burkinabe forces but we are not ruling out possible support of foreign forces including French special forces.&quot;</s> </p>
    <p id="4"><s id="5">roh-pgf/sba/as</s> </p>
  </content>
</article>
