<article>
  <headers>
    <dct>20160726T074653Z</dct>
    <title>Ex-employee kills 19 in disabled home knife attack</title>
    <dateline>Sagamihara, Japan, July 26, 2016 (AFP) -</dateline>
    <credit>Agence France-Presse (AFP)</credit>
    <origin country="JPN" city="Sagamihara" />
    <keywords>
      <keyword>Japan</keyword>
      <keyword>attack</keyword>
      <keyword>crime</keyword>
    </keywords>
    <categories>
      <iptc>02000000</iptc>
      <iptc infered="true">02001000</iptc>
      <iptc infered="true">16001000</iptc>
    </categories>
  </headers>
  <content>
    <p id="1"><s id="1">A knife-wielding former employee killed 19 people and injured 25 at a care centre for the mentally disabled in Japan on Tuesday, in the country's worst mass killing in decades.</s> </p>
    <p id="2"><s id="2">The 26-year-old man, who reportedly threatened to kill hundreds of disabled people earlier this year, later turned himself in at a police station, admitting to officers: &quot;I did it.&quot;</s> <s id="3">He reportedly also said: &quot;The disabled should all disappear.&quot;</s> </p>
    <p id="3"><s id="4">Authorities identified the attacker as Satoshi Uematsu and said he had worked at the facility in Sagamihara, a city of more than 700,000 people west of Tokyo, until February.</s> </p>
    <p id="4"><s id="5">Broadcaster NTV said the man told police he had been fired and held a grudge against the care centre.</s> </p>
    <p id="5"><s id="6">The attack began in the early hours of the morning when Uematsu allegedly broke a first-floor window to get into the building.</s> <s id="7">Public broadcaster NHK reported that he tied up one caregiver before starting to stab the residents.</s> </p>
    <p id="6"><s id="8">A doctor at one of the hospitals where victims were taken said some had &quot;deep stab&quot; wounds to the neck.</s> </p>
    <p id="7"><s id="9">&quot;The patients are very shocked mentally, and they cannot speak now,&quot; the doctor told NHK.</s> </p>
    <p id="8"><s id="10">A fleet of ambulances, police cars and fire trucks converged on the Tsukui Yamayuri-en centre, a low-rise complex nestled against forested hills, which was cordoned off and draped with yellow &quot;Keep Out&quot; tape.</s> </p>
    <p id="9"><s id="11">The killing is believed to be the worst such incident in Japan since 1938, when a man went on a killing spree armed with an axe, sword and rifle, killing 30 people.</s> </p>
    <p id="10"></p>
    <p id="11"></p>
    <p id="12"><s id="12">Fire department spokesmen told AFP that the dead included nine men and 10 women aged from 18 to 70, and that another 25 people were wounded, 20 of them seriously.</s> </p>
    <p id="13"><s id="13">An official from Kanagawa prefecture, which takes in Sagamihara, identified the suspect and said he had turned up at the police station with the murder weapons.</s> </p>
    <p id="14"><s id="14">Uematsu &quot;broke a glass window and intruded into the facility at about 2:10 am (1710 GMT Monday) and stabbed those staying there,&quot; Shinya Sakuma told a press conference in the prefecture's capital Yokohama.</s> </p>
    <p id="15"><s id="15">&quot;When Uematsu turned himself in, he was found carrying kitchen knives and other types of knives stained with blood.&quot;</s> </p>
    <p id="16"><s id="16">Police said they received a call from the centre around 2:30 am -- about 20 minutes after the assault began -- reporting that a man armed with knives had entered the facility.</s> <s id="17">They said he turned himself in half an hour later.</s> </p>
    <p id="17"><s id="18">Local media reported Uematsu had sent a letter to the speaker of the lower house of Japan's parliament in February threatening to kill 470 disabled people.</s> </p>
    <p id="18"><s id="19">In the letter, which he hand-delivered to security personnel, he also presented his vision of a society in which the seriously handicapped could be euthanised with the approval of family members.</s> </p>
    <p id="19"><s id="20">It brought him to the attention of Tokyo police, who informed Sagamihara authorities that he was a potential threat to others, NHK and other media reported.</s> </p>
    <p id="20"><s id="21">Uematsu was hospitalised on February 19, the same day he left his job at the care centre, but was discharged 12 days later when the doctor deemed he would not attack anyone, NHK said.</s> </p>
    <p id="21"></p>
    <p id="22"></p>
    <p id="23"><s id="22">People in Uematsu's neighbourhood, about a 10-minute walk from the crime scene, expressed disbelief.</s> </p>
    <p id="24"><s id="23">He was a &quot;normal, nice boy&quot; who always smiled and offered a greeting, said next-door neighbour Akihiro Hasegawa.</s> </p>
    <p id="25"><s id="24">&quot;This is unbelievable,&quot; the 73-year old told AFP, adding that Uematsu lived in the house with his parents until they moved out four or five years ago.</s> </p>
    <p id="26"><s id="25">Hasegawa also said that he had seen an extensive shoulder-to-chest tatoo on Uematsu and there was a rumour in the neighbourhood he might have been fired from the facility because of it.</s> </p>
    <p id="27"><s id="26">&quot;This is a very tragic, shocking incident in which many innocent people became victims,&quot; top government spokesman Yoshihide Suga told a press conference.</s> </p>
    <p id="28"><s id="27">He added that officials would immediately discuss measures to prevent a similar incident from happening.</s> </p>
    <p id="29"><s id="28">Japan has one of the lowest rates of violent crime in the developed world, and attacks involving weapons of any kind are unusual.</s> </p>
    <p id="30"><s id="29">Some Japanese couldn't believe the crime had occurred in their country.</s> </p>
    <p id="31"><s id="30">&quot;It's crazy,&quot; posted a Twitter user.</s> <s id="31">&quot;When I first heard 19 people died, I thought it was somewhere overseas.&quot;</s> </p>
    <p id="32"><s id="32">hih-oh-nf/kgo/cah</s> </p>
    <p id="33"></p>
  </content>
</article>
