<article>
  <headers>
    <dct>20110722T174547Z</dct>
    <title>Four shot dead at Norway ruling party meeting: reports</title>
    <dateline>OSLO, July 22, 2011 (AFP) -</dateline>
    <credit>Agence France-Presse (AFP)</credit>
    <origin country="NOR" city="OSLO" />
    <keywords>
      <keyword>Norway</keyword>
      <keyword>attacks</keyword>
      <keyword>shooting</keyword>
    </keywords>
    <categories>
      <iptc>16000000</iptc>
      <iptc>16001000</iptc>
      <iptc infered="true">15051000</iptc>
    </categories>
  </headers>
  <content>
    <p id="1"><s id="1">Police have arrested a man disguised as a police officer who shot and killed at least four people at a youth meeting of the ruling Labour Party near Oslo Friday, according media reports.</s> </p>
    <p id="2"><s id="2">&quot;From what I saw, at least four people have been shot and killed,&quot; Adrian Pracon, a participant at the event told the Varden newspaper.</s> </p>
    <p id="3"><s id="3">The gunman turned up at the event saying he wanted to ensure security there following the deadly explosion in the Oslo city centre earlier Friday, TV2 television reported, citing witnesses.</s> </p>
    <p id="4"><s id="4">NRK reported that police had arrested the gunmen, but police have neither confirmed the arrest nor released any details on casualties.</s> </p>
    <p id="5"><s id="5">Police did say that Prime Minister Jens Stoltenberg had been scheduled to attend the gathering, a summer camp on Utoeya, an island just outside Oslo.</s> </p>
    <p id="6"><s id="6">He was due to give a speech on Saturday morning to the 560 people attending the gathering.</s> </p>
    <p id="7"><s id="7">The shootings came shortly after a deadly blast ripped through government buildings in Oslo, killing at least two people and wounding 15 according to media reports.</s> </p>
    <p id="8"><s id="8">map/fc/jj/gk</s> </p>
  </content>
</article>
