<article>
  <headers>
    <dct>20160824T155949Z</dct>
    <title>Italy quake leaves 73 dead: new official toll</title>
    <dateline>Rome, Aug 24, 2016 (AFP) -</dateline>
    <credit>Agence France-Presse (AFP)</credit>
    <origin country="ITA" city="Rome" />
    <keywords>
      <keyword>quake</keyword>
      <keyword>Italy</keyword>
      <keyword>toll</keyword>
    </keywords>
    <categories>
      <iptc>03015001</iptc>
      <iptc>03002000</iptc>
      <iptc>03000000</iptc>
    </categories>
  </headers>
  <content>
    <p id="1"><s id="1">A powerful earthquake that struck central Italy on Wednesday has left at least 73 people dead, the country's civil protection unit said.</s> </p>
    <p id="2"><s id="2">Immacolata Postiglione, the head of the unit's emergency department, announced the new toll at a press conference in Rome as rescue efforts continued in the mountain villages devastated by the quake.</s> </p>
    <p id="3"><s id="3">am/ric</s> </p>
  </content>
</article>
