<article>
  <headers>
    <dct>20141216T081600Z</dct>
    <title>Taliban gunmen attack army-run school in Pakistan: officials</title>
    <dateline>PESHAWAR, Pakistan, Dec 16, 2014 (AFP) -</dateline>
    <credit>Agence France-Presse (AFP)</credit>
    <origin country="PAK" city="Peshawar" />
    <keywords>
      <keyword>Pakistan</keyword>
      <keyword>school</keyword>
      <keyword>unrest</keyword>
    </keywords>
    <categories>
      <iptc>16000000</iptc>
      <iptc infered="true">05005000</iptc>
    </categories>
  </headers>
  <content>
    <p id="1"><s id="1">Taliban militants attacked an army-run school in restive northwest Pakistan on Tuesday, officials and militants said, with at least two students reportedly wounded.</s> </p>
    <p id="2"><s id="2">Five or six militants wearing military uniforms have entered the Army Public School in the city of Peshawar, a source at the school told AFP.</s> </p>
    <p id="3"><s id="3">The Tehreek-e-Taliban Pakistan (TTP) claimed responsibility for the attack, saying the gunmen had been ordered to shoot older students but not children.</s> </p>
    <p id="4"><s id="4">&quot;There has been an incident of firing at Army Public School in Peshawar.</s> <s id="5">Troops have cordoned off the area and (are) searching for the militants,&quot; a senior military official told AFP.</s> </p>
    <p id="5"><s id="6">The source in the school said two ninth grade students, aged around 14, were wounded in the firing.</s> </p>
    <p id="6"><s id="7">The attack comes as the Pakistani military wages a major offensive against Taliban and other militants in the tribal area of North Waziristan.</s> </p>
    <p id="7"><s id="8">TTP spokesman Muhammad Khorasani told AFP there were six attackers.</s> </p>
    <p id="8"><s id="9">&quot;They include target killers and suicide attackers.</s> <s id="10">They have been ordered to shoot the older students but not the children,&quot; he said.</s> </p>
    <p id="9"><s id="11">shk-str-ks/pdw/as</s> </p>
  </content>
</article>
