<article>
  <headers>
    <dct>20160116T033710Z</dct>
    <title>Security forces launch assault on besieged Burkina Faso hotel: French ambassador</title>
    <dateline>Ouagadougou, Jan 16, 2016 (AFP) -</dateline>
    <credit>Agence France-Presse (AFP)</credit>
    <origin country="BFA" city="Ouagadougou" />
    <keywords>
      <keyword>attack</keyword>
      <keyword>ambassador</keyword>
      <keyword>hotel</keyword>
      <keyword>Burkina</keyword>
    </keywords>
    <categories>
      <iptc>16000000</iptc>
      <iptc>16003000</iptc>
      <iptc infered="true">16001000</iptc>
      <iptc infered="true">04014002</iptc>
    </categories>
  </headers>
  <content>
    <p id="1"><s id="1">Security forces launched an assault in the early hours of Saturday on a Burkina Faso hotel to rescue hostages held by Al-Qaeda-linked gunmen, the French ambassador to Ouagadougou Gilles Thibault said on Twitter.</s> </p>
    <p id="2"><s id="2">&quot;The assault has started, the various components of the armed forces and security forces have begun their missions,&quot; Thibault said.</s> </p>
    <p id="3"><s id="3">At least 20 people have been killed so far in the bloody siege on a hotel popular with United Nations staff and foreigners.</s> </p>
    <p id="4"><s id="4">bur-sba/as/psr</s> </p>
  </content>
</article>
