<article>
  <headers>
    <dct>20071107T170011Z</dct>
    <title>Student kills eight in Finnish school shooting by Gael Branchereau =(GRAPHIC+PICTURE)= ATTENTION - CHANGES advertised slug, UPDATES throughout ///</title>
    <origin country="FIN" city="HELSI" />
    <keywords>
      <keyword>school</keyword>
      <keyword>Finland</keyword>
      <keyword>shooting</keyword>
      <keyword>crime</keyword>
    </keywords>
    <categories>
      <iptc>05000000</iptc>
      <iptc>02000000</iptc>
      <iptc infered="true">05005000</iptc>
      <iptc infered="true">02001000</iptc>
      <iptc infered="true">15051000</iptc>
    </categories>
  </headers>
  <content>
    <p id="1"><s id="1">HELSINKI, Nov 7, 2007 (AFP) - An 18-year-old student at a school in Finland went on the rampage Wednesday, shooting dead seven classmates and the headmistress and wounding a dozen others before turning his gun on himself.</s> <s id="2">Police said the teenage killer was in a &quot;critical condition&quot; in hospital after trying to commit suicide following his slaughter of five boys, two girls and the headmistress of Jokela high school, north of Helsinki.</s> </p>
    <p id="2"><s id="3">Finnish President Tarja Halonen expressed her shock at the shooting, the worst in the country's history.</s> </p>
    <p id="3"><s id="4">&quot;We have today received the shocking and sad news about a shooting incident in the Tuusula Jokela school.</s> <s id="5">I send my heart-felt condolences to the families of the victims in the shooting incident,&quot; she said.</s> </p>
    <p id="4"><s id="6">&quot;The toll is eight dead,&quot; a police spokesman told reporters.</s> <s id="7">&quot;The gunman aimed his weapon at his head and fired.</s> <s id="8">He's at the Toeoeloe hospital in Helsinki.</s> <s id="9">He's in critical condition,&quot; the spokesman added.</s> </p>
    <p id="5"><s id="10">The rampage reportedly began at around midday (1000 GMT) inside a classroom at the secondary school of some 450 pupils.</s> </p>
    <p id="6"><s id="11">&quot;Suddenly people began running and shots were heard and began raining down,&quot; student Miro Lukinmaa told the Iltalehti newspaper.</s> </p>
    <p id="7"><s id="12">&quot;I saw injured people lying in the corridor.</s> <s id="13">We started to run and followed (the crowd) in panic.</s> <s id="14">Everyone was trying to squeeze through a narrow door,&quot; he said.</s> </p>
    <p id="8"><s id="15">The shooting came after a video entitled &quot;Jokela High School Massacre -- 11/7/2007&quot; was posted on the video-sharing website You Tube, reportedly some time in the past two weeks.</s> </p>
    <p id="9"><s id="16">The video zooms in on the school with heavy metal music blaring in the background and shows a young man against a red background pointing a gun at the camera.</s> </p>
    <p id="10"><s id="17">Within hours of the shooting, the video had been downloaded more than 200,000 times.</s> </p>
    <p id="11"><s id="18">In his profile on You Tube, 18-year-old Sturmgeist89, who posted the video and has no confirmed links to the shooting, says: &quot;I am prepared to fight and die for my cause.</s> </p>
    <p id="12"><s id="19">&quot;I, as a natural selector, will eliminate all who I see unfit, disgraces of human race and failures of natural selection.&quot;</s> </p>
    <p id="13"><s id="20">&quot;You might ask yourselves, why did I do this and what do I want.</s> <s id="21">Well, most of you are too arrogant and closed-minded to understand,&quot; he added.</s> </p>
    <p id="14"><s id="22">Sturmgeist89, who had most recently logged into his You Tube account Wednesday morning, also posted videos hailing among others the perpetrators of school shootings in the United States and Oklahoma City bomber Timothy McVeigh.</s> </p>
    <p id="15"><s id="23">Privately-run television station MTV3 reported the shooter had repeatedly expressed admiration for Hitler and Stalin.</s> </p>
    <p id="16"><s id="24">There have been a number of stabbings at Finnish schools in recent years, but Wednesday's was the first shooting since a 14-year-old shot dead two classmates in a school in the coastal city of Rauma in 1989.</s> </p>
    <p id="17"><s id="25">gab-nl/po/ag/gh</s> </p>
  </content>
</article>
