<article>
  <headers>
    <dct>20160122T235803Z</dct>
    <title>Two reported dead in Canada school shooting</title>
    <dateline>Ottawa, Jan 22, 2016 (AFP) -</dateline>
    <credit>Agence France-Presse (AFP)</credit>
    <origin country="CAN" city="Ottawa" />
    <keywords>
      <keyword>Canada</keyword>
      <keyword>school</keyword>
      <keyword>shooting</keyword>
    </keywords>
    <categories>
      <iptc>05005000</iptc>
      <iptc>02003000</iptc>
      <iptc>05005003</iptc>
      <iptc>02003001</iptc>
      <iptc>05000000</iptc>
      <iptc>02000000</iptc>
      <iptc infered="true">15051000</iptc>
    </categories>
  </headers>
  <content>
    <p id="1"><s id="1">Shots rang out at a high school in Canada's western plains province of Saskatchewan on Friday, police said, reportedly leaving two people dead and others injured.</s> </p>
    <p id="2"><s id="2">The school in La Loche was on lockdown, and Royal Canadian Mounted Police urged parents to stay away while they responded to the &quot;ongoing serious incident.&quot;</s> </p>
    <p id="3"><s id="3">A nearby elementary school was also shuttered &quot;as a precaution,&quot; a federal police spokeswoman told AFP.</s> </p>
    <p id="4"><s id="4">Canada's public broadcaster CBC said two people had died and several patients were being treated for gunshot wounds in the remote northern town's hospital, while other local media said a suspect with a gun had been arrested at the scene.</s> </p>
    <p id="5"><s id="5">Students told CBC they heard six or seven shots at around 1:00 pm (1900 GMT).</s> </p>
    <p id="6"><s id="6">La Loche is a community of 2,500 about 600 kilometers (375 miles) north of Saskatoon.</s> <s id="7">Residents are mostly aboriginal.</s> </p>
    <p id="7"><s id="8">Lawmaker Georgina Joliebois, who was also once the mayor of La Loche, said she was &quot;shocked and saddened by the shooting.&quot;</s> </p>
    <p id="8"><s id="9">&quot;The shooting hits close to home for me as my family members attend the school,&quot; Joliebois said.</s> </p>
    <p id="9"><s id="10">Saskatchewan Premier Brad Wall expressed &quot;shock and sorrow at the horrific events,&quot; adding that the province was preparing to send up &quot;crisis support&quot; to the community.</s> </p>
    <p id="10"><s id="11">amc/sst</s> </p>
    <p id="11"></p>
  </content>
</article>
