<article>
  <headers>
    <dct>20160623T180618Z</dct>
    <title>Armed man killed by police after storming German cinema</title>
    <dateline>Frankfurt, June 23, 2016 (AFP) -</dateline>
    <credit>Agence France-Presse (AFP)</credit>
    <origin country="DEU" city="Frankfurt" />
    <keywords>
      <keyword>crime</keyword>
      <keyword>Germany</keyword>
    </keywords>
    <categories>
      <iptc>02001000</iptc>
      <iptc>01005000</iptc>
      <iptc>02000000</iptc>
      <iptc>01000000</iptc>
    </categories>
  </headers>
  <content>
    <p id="1"><s id="1">A masked and armed man barricaded himself in a German multiplex cinema with dozens of people inside Thursday before being killed by police, officials said.</s> </p>
    <p id="2"><s id="2">No hostages were injured in the complex in the western town of Viernheim, 75 kilometres (50 miles) south of Frankfurt, Hesse state interior minister Peter Beuth said.</s> </p>
    <p id="3"><s id="3">&quot;The assailant moved through the cinema complex, according to the information we have now, and appeared confused,&quot; he said.</s> </p>
    <p id="4"><s id="4">&quot;There were hostages inside and there was a struggle (with police) until in the end he was dead.&quot;</s> </p>
    <p id="5"><s id="5">Beuth added: &quot;We have no information that anyone (among the cinema-goers) was injured.&quot;</s> </p>
    <p id="6"><s id="6">A police spokeswoman in the nearby city of Darmstadt confirmed that &quot;all the hostages were unhurt and led out of the building&quot;.</s> </p>
    <p id="7"><s id="7">Initial reports had referred to dozens of wounded people and several shots fired, and police dispatched heavily armed special units to the site.</s> </p>
    <p id="8"><s id="8">Later accounts said that several people had been hurt by tear gas during the police raid but this was also denied.</s> </p>
    <p id="9"><s id="9">Authorities said they had no information on the man's identity or motive.</s> <s id="10">Security sources quoted by DPA news agency said there was &quot;no link to terrorism&quot;.</s> </p>
    <p id="10"><s id="11">The police spokeswoman said they were investigating what type of weapon the assailant used, adding that it was possible it fired blanks.</s> </p>
    <p id="11"><s id="12">bur-dlc/txw</s> </p>
  </content>
</article>
