<article>
  <headers>
    <dct>20150816T160039Z</dct>
    <title>Papua residents say they have found crashed plane: official</title>
    <dateline>Jayapura, Indonesia, Aug 16, 2015 (AFP) -</dateline>
    <credit>Agence France-Presse (AFP)</credit>
    <origin country="IDN" city="Jayapura" />
    <keywords>
      <keyword>report</keyword>
      <keyword>aviation</keyword>
      <keyword>accident</keyword>
      <keyword>Indonesia</keyword>
    </keywords>
    <categories>
      <iptc>03000000</iptc>
      <iptc infered="true">04015001</iptc>
    </categories>
  </headers>
  <content>
    <p id="1"><s id="1">Villagers in eastern Indonesia's Papua say that a plane which went missing in the province Sunday with 54 people aboard has crashed, an official said Sunday.</s> </p>
    <p id="2"><s id="2">&quot;The plane has been found (by villagers).</s> <s id="3">According to residents, the flight had crashed into a mountain.</s> <s id="4">Verification is still in process,&quot; said the transport ministry's director-general of air transportation, Suprasetyo, who goes by one name.</s> </p>
    <p id="3"><s id="5">The Trigana Air plane disappeared earlier Sunday  during a short flight from Papua's capital Jayapura to a remote settlement in the mountains to the south.</s> </p>
    <p id="4"><s id="6">The ATR 42-300 turboprop was carrying 49 passengers, including five children, and five crew.</s> </p>
    <p id="5"><s id="7">aa/sr/sm</s> </p>
  </content>
</article>
