<article>
  <headers>
    <dct>20170116T093931Z</dct>
    <title>Kyrgyzstan says 37 dead after Turkish cargo plane hits village</title>
    <dateline>Bishkek, Kyrgyzstan, Jan 16, 2017 (AFP) -</dateline>
    <credit>Agence France-Presse (AFP)</credit>
    <origin country="KGZ" city="Bishkek" />
    <keywords>
      <keyword>Kyrgystan</keyword>
      <keyword>aviation</keyword>
      <keyword>accident</keyword>
    </keywords>
    <categories>
      <iptc>03013000</iptc>
      <iptc>03010000</iptc>
      <iptc>03000000</iptc>
      <iptc>03010003</iptc>
      <iptc infered="true">04015001</iptc>
    </categories>
  </headers>
  <content>
    <p id="1"><s id="1">A Turkish cargo plane crashed into a village near Kyrgyzstan's main airport Monday, killing at least 37 people and destroying houses after attempting to land in thick fog, authorities said.</s> </p>
    <p id="2"><s id="2">A massive section of the aircraft's tail billowed smoke as rescuers worked in the village of Dacha-Suu, home to the majority of the dead, a spokesman for the country's emergency services, Muhammed Svarov, told AFP.</s> </p>
    <p id="3"><s id="3">Crushed cars, shattered homes and chunks of burnt plane wreckage littered the village, which was hit by the plane at around 7:30 am local time (0130 GMT), as many residents were still at home.</s> </p>
    <p id="4"><s id="4">Zumriyat Rezakhanova, a resident of Dacha-Suu, said the plane fell &quot;right on the homes&quot; where residents were sleeping.</s> </p>
    <p id="5"><s id="5">&quot;My sister's home is badly damaged.</s> <s id="6">Luckily she and her family survived,&quot; Rezakhanova told AFP.</s> </p>
    <p id="6"><s id="7">At least four pilots on the flight, which was travelling from Hong Kong to Istanbul via Kyrgyzstan's capital Bishkek, were among the dead, the emergency services ministry said, with one pilot's body yet to be found.</s> </p>
    <p id="7"><s id="8">ACT Airlines, a Turkish cargo airline, said in a statement that the plane involved in the crash belonged to it.</s> <s id="9">Kyrgyz authorities earlier on Monday had stated that the aircraft belonged to Turkish Airlines, a claim the company denied.</s> </p>
    <p id="8"><s id="10">ACT Airlines said it was &quot;deeply saddened&quot; by the accident and noted that &quot;the cause of the accident is unknown.&quot;</s> </p>
    <p id="9"><s id="11">Around 43 houses were damaged by the crash, according to the emergency services ministry.</s> </p>
    <p id="10"><s id="12">&quot;The plane crashed into the houses, it killed entire families,&quot; one eyewitness told AFP, speaking on condition of anonymity.</s> </p>
    <p id="11"><s id="13">&quot;There's nothing left of the houses, people were killed with their whole family, their children.</s> <s id="14">Many people were sleeping.&quot;</s> </p>
    <p id="12"><s id="15">The country's Manas airport has been closed and flights cancelled until evening at the earliest, airport authorities said.</s> </p>
    <p id="13"><s id="16">Prime Minister Sooronbai Jeenbekov was heading a specially-appointed government commission to probe the crash and the country's state prosecutor also opened an investigation.</s> </p>
    <p id="14"><s id="17">Kyrgyz President Almazbek Atambayev cancelled his visit to China to return to Bishkek, according to Kyrgyz media.</s> </p>
    <p id="15"><s id="18">Authorities said the country will observe a day of mourning on Tuesday.</s> </p>
    <p id="16"><s id="19">tol-cr/gtf/jm</s> </p>
    <p id="17"><s id="20">TURKISH AIRLINES - TURK HAVA YOLLARI AO</s> </p>
    <p id="18"></p>
  </content>
</article>
