<article>
  <headers>
    <dct>20160616T184735Z</dct>
    <title>British lawmaker killed in shock attack ahead of EU vote</title>
    <dateline>London, June 16, 2016 (AFP) -</dateline>
    <credit>Agence France-Presse (AFP)</credit>
    <origin country="GBR" city="London" />
    <keywords>
      <keyword>EU</keyword>
      <keyword>politics</keyword>
      <keyword>Britain</keyword>
    </keywords>
    <categories>
      <iptc>11019000</iptc>
      <iptc>04017000</iptc>
      <iptc>02001000</iptc>
      <iptc>11000000</iptc>
      <iptc>11006000</iptc>
      <iptc>11014000</iptc>
      <iptc>04000000</iptc>
      <iptc>02000000</iptc>
      <iptc>11003000</iptc>
    </categories>
  </headers>
  <content>
    <p id="1"><s id="1">A British lawmaker died on Thursday after a shock daylight street attack, throwing campaigning for the referendum on Britain's membership of the European Union into disarray just a week before the crucial vote.</s> </p>
    <p id="2"><s id="2">Jo Cox, a 41-year-old mother-of-two from the opposition Labour Party, was left bleeding on the pavement after reportedly being shot and stabbed in the village of Birstall in northern England, according to witnesses quoted by local media.</s> </p>
    <p id="3"><s id="3">Police later announced the death of Cox -- a leading campaigner for Britain to remain in the 28-member bloc -- and said a 52-year-old man had been arrested.</s> </p>
    <p id="4"><s id="4">&quot;We are not in a position to discuss any motive at this time,&quot; West Yorkshire Police chief Dee Collins told reporters.</s> </p>
    <p id="5"><s id="5">But she added: &quot;We are not looking for anyone else in connection with this incident.&quot;</s> </p>
    <p id="6"><s id="6">After the attack, the &quot;Remain&quot; camp said it was &quot;suspending all campaigning for the day&quot; while a spokesman for the rival Vote Leave group said their 'battle bus' was returning to headquarters.</s> </p>
    <p id="7"><s id="7">Prime Minister David Cameron cancelled a planned rally during a historic but controversial visit to Gibraltar as part of his campaign for Britain to stay in the EU in the June 23 vote.</s> </p>
    <p id="8"><s id="8">&quot;The death of Jo Cox is a tragedy.</s> <s id="9">She was a committed and caring MP.</s> <s id="10">My thoughts are with her husband Brendan and her two young children,&quot; he said on Twitter.</s> </p>
    <p id="9"><s id="11">One witness, local cafe owner Clarke Rothwell, said that Cox had been shot three times.</s> </p>
    <p id="10"><s id="12">&quot;He shot this lady once and then he shot her again, he fell to the floor, leant over shot her once more in the face area,&quot; he told the BBC.</s> </p>
    <p id="11"><s id="13">Sky News television quoted unconfirmed reports that the shooter shouted &quot;Britain first&quot; -- possibly a reference to a far-right group of the same name.</s> </p>
    <p id="12"><s id="14">The attack halted a frantic day of campaigning, as two new opinion polls indicated that more Britons now want to leave the EU than want to stay.</s> </p>
    <p id="13"><s id="15">If they prove correct, Britain would become the first country in the nearly six-decade history of the bloc to leave.</s> </p>
    <p id="14"><s id="16">Cameron was already on his way to Gibraltar when news of the attack broke, on the first trip to the rocky outcrop by a British premier since 1968.</s> </p>
    <p id="15"><s id="17">His visit has angered Spain, which also claims the tiny territory.</s> </p>
    <p id="16"></p>
    <p id="17"></p>
    <p id="18"><s id="18">The looming prospect of a Brexit has sparked volatility in the financial markets and sent the pound plunging, and prompted interventions from a number of EU leaders.</s> </p>
    <p id="19"><s id="19">&quot;I know it's very difficult for us to be optimistic today, we know the latest polls,&quot; EU President Donald Tusk said on a visit to Helsinki.</s> </p>
    <p id="20"><s id="20">But he added: &quot;The EU will survive, I have no doubt -- it is still much easier to survive when you are 27 member states than completely alone&quot;.</s> </p>
    <p id="21"><s id="21">At an economic forum in Russia, European Commission chief Jean-Claude Juncker said a Brexit would usher in &quot;a period of major uncertainty&quot; in Britain and the EU.</s> </p>
    <p id="22"><s id="22">But he too added: &quot;I don't think that the European Union will be in danger of death if Britain leaves because we continue the process of closer cooperation in Europe.&quot;</s> </p>
    <p id="23"><s id="23">German Chancellor Angela Merkel used a press conference in Berlin to urge Britain to stay.</s> </p>
    <p id="24"><s id="24">She said that in the event of a Brexit, &quot;everything related to the common market, and to the mutual benefit to Britain and all other European member states, would no longer be available to Britain&quot;.</s> </p>
    <p id="25"></p>
    <p id="26"></p>
    <p id="27"><s id="25">A new survey by Ipsos Mori showed support for leaving the EU now stands at 53 percent compared to 47 percent for those who want to stay in, excluding undecided voters.</s> </p>
    <p id="28"><s id="26">Another new poll by Survation put &quot;Leave&quot; ahead by 52-48, excluding undecided voters.</s> </p>
    <p id="29"><s id="27">Polling expert John Curtice said the race was now too close to call, telling the BBC: &quot;I think we no longer have a favourite in this referendum.&quot;</s> </p>
    <p id="30"><s id="28">The Bank of England issued a fresh warning about the consequences of a Brexit, it was &quot;the largest immediate risk facing UK financial markets, and possibly also global financial markets&quot;.</s> </p>
    <p id="31"><s id="29">The International Monetary Fund also warned that a vote to leave would rattle markets and weigh on economic growth.</s> </p>
    <p id="32"><s id="30">London's FTSE 100 share index fell 1.1 percent to 5,899, before recovering somewhat to end the day 0.27 percent lower at 5,950.</s> </p>
    <p id="33"><s id="31">The pound hit a new two-month low against the euro.</s> </p>
    <p id="34"><s id="32">&quot;City watchers are beginning to take the threat seriously and start to price in the possibility of a Brexit,&quot; said Joe Rundle, head of trading at ETX Capital.</s> </p>
    <p id="35"><s id="33">Leading business newspaper the Financial Times endorsed the &quot;Remain&quot; camp, saying Britain had benefited from its 43-year membership of the European fold and leaving would &quot;seriously damage&quot; the economy.</s> </p>
    <p id="36"><s id="34">&quot;A vote to withdraw would be irrevocable, a grievous blow to the post-1945 liberal world order,&quot; it added.</s> </p>
    <p id="37"><s id="35">burs-ar/txw</s> </p>
    <p id="38"><s id="36">IPSOS</s> </p>
    <p id="39"></p>
  </content>
</article>
