<article>
  <headers>
    <dct>20121214T155456Z</dct>
    <title>Reports: shooting at US elementary school</title>
    <dateline>NEW YORK, Dec 14, 2012 (AFP) -</dateline>
    <credit>Agence France-Presse (AFP)</credit>
    <origin country="USA" city="NEW YORK" />
    <keywords>
      <keyword>school</keyword>
      <keyword>shooting</keyword>
      <keyword>incident</keyword>
      <keyword>US</keyword>
    </keywords>
    <categories>
      <iptc>05005000</iptc>
      <iptc>03014000</iptc>
      <iptc infered="true">15051000</iptc>
    </categories>
  </headers>
  <content>
    <p id="1"><s id="1">Police in Connecticut responded Friday to a possible shooting at an elementary school and all schools in the area were locked down, NBC television reported.</s> </p>
    <p id="2"><s id="2">The report said police had deployed to Sandy Hook Elementary School in Newton, Connecticut, northeast of New York City.</s> <s id="3">Officials could not be reached for immediate confirmation.</s> </p>
    <p id="3"><s id="4">On the Newtown Public School District website, however, an alert was posted warning that &quot;afternoon kindergarten is cancelled today&quot; and that there would be no lunch-hour bus runs.</s> </p>
    <p id="4"><s id="5">sms/jm</s> </p>
    <p id="5"></p>
  </content>
</article>
