<article>
  <headers>
    <dct>20150917T100155Z</dct>
    <title>Powerful Chile quake kills at least five, 1 million evacuated</title>
    <dateline>Santiago, Sept 17, 2015 (AFP) -</dateline>
    <credit>Agence France-Presse (AFP)</credit>
    <origin country="CHL" city="Santiago" />
    <keywords>
      <keyword>Argentina</keyword>
      <keyword>quake</keyword>
      <keyword>Chile</keyword>
      <keyword>Peru</keyword>
    </keywords>
    <categories>
      <iptc>03000000</iptc>
      <iptc infered="true">03002000</iptc>
    </categories>
  </headers>
  <content>
    <p id="1"><s id="1">A powerful 8.3-magnitude earthquake struck off Chile on Wednesday, killing at least five people, forcing the evacuation of one million and sparking warnings that tsunami waves could even reach Japan.</s> </p>
    <p id="2"><s id="2">Buildings swayed as far away as in Buenos Aires, Argentina, 1,500 kilometers (1,000 miles) away to the east.</s> <s id="3">In Chile, people ran out into the streets in terror.</s> </p>
    <p id="3"><s id="4">TV footage showed stores with floors strewn with a colorful and mushy mess of broken bottles, jars and other spilled merchandise.</s> </p>
    <p id="4"><s id="5">It was the sixth most powerful quake in the history of geologically volatile Chile and the strongest anywhere in the world this year, Deputy Interior Minister Mahmoud Aleuy said.</s> </p>
    <p id="5"><s id="6">Strong aftershocks followed the first quake, and a tsunami alert remained in effect hours later for the Chilean coast.</s> <s id="7">Many people were evacuated to higher ground.</s> </p>
    <p id="6"><s id="8">More than 135,000 families were left without power in the north-central coast area, the National Emergency Office reported, lowering an early figure.</s> </p>
    <p id="7"><s id="9">Central Choapa province, which is closest to the epicenter, was declared a catastrophe zone and placed under military rule.</s> </p>
    <p id="8"><s id="10">The United States Geological Survey put the shallow offshore quake at a magnitude of 8.3 and said it hit 228 kilometers (about 140 miles) north of Santiago, a city of 6.6 million people.</s> </p>
    <p id="9"><s id="11">The Chilean government put the main earthquake at 8.4 on the Richter scale.</s> </p>
    <p id="10"><s id="12">&quot;The motion began lightly, then stronger and stronger,&quot; said Santiago resident Jeannette Matte.</s> </p>
    <p id="11"><s id="13">&quot;We were on the 12th floor and we were very afraid because it was not stopping.</s> <s id="14">First it was from side to side, then it was like little jumps.&quot;</s> </p>
    <p id="12"><s id="15">Interior Minister Jorge Burgos said evacuation of coastal towns and cities had been ordered as a precautionary measure.</s> <s id="16">Classes were cancelled in coastal areas.</s> </p>
    <p id="13"><s id="17">Among the dead were a woman in Illapel, close to the epicenter, and an 86-year-old man in Santiago, where there were scenes of pandemonium as thousands fled swaying buildings.</s> </p>
    <p id="14"><s id="18">Hardest-hit Illapel, a coastal city of 30,000, saw its electricity fail and several homes collapsed.</s> <s id="19">Around a dozen people were injured.</s> </p>
    <p id="15"><s id="20">In coastal La Serena, in the north of Chile, &quot;people were running in all directions,&quot; said resident Gloria Navarro.</s> </p>
    <p id="16"><s id="21">Waves crashed across costal roads in the regions of Coquimbo and Valparaiso.</s> <s id="22">Rough seas were also forecast for Thursday.</s> </p>
    <p id="17"></p>
    <p id="18"></p>
    <p id="19"><s id="23">Fear also seized residents in Argentina.</s> </p>
    <p id="20"><s id="24">&quot;We went into a panic and the floor kept moving.</s> <s id="25">We went out into the hallway and down the stairs,&quot; Celina Atrave, 65, who lives in a 25-story high-rise near downtown Buenos Aires, told AFP.</s> </p>
    <p id="21"><s id="26">Chilean President Michelle Bachelet said she would travel to the quake-hit area to assess the relief effort.</s> </p>
    <p id="22"><s id="27">The Hawaii-based Pacific Tsunami Warning Center said that &quot;hazardous&quot; tsunami waves were possible for some parts of Chile's shoreline, including some three meters (10 feet) above the tide level.</s> </p>
    <p id="23"><s id="28">Tsunami waves were also possible in French Polynesia, Hawaii and California, officials said, as well as smaller waves as far afield as Japan and New Zealand.</s> </p>
    <p id="24"><s id="29">The first tsunami waves struck Chile's coast, including the tourist city of Valparaiso, local television pictures showed, but there were no immediate details of damage or injuries.</s> </p>
    <p id="25"><s id="30">A precautionary alert for Peru was later called off, civil defense officials said, but scared residents in the city of Ilo, close to the border with Chile, remained out on the streets and on higher ground nonetheless.</s> </p>
    <p id="26"><s id="31">In April last year, a deadly 8.2-magnitude earthquake in northern Chile killed six people and forced a million to leave their homes in the region around Iquique.</s> </p>
    <p id="27"><s id="32">And a February 2010 quake that struck just off the coast of Chile's Maule region measured 8.8 in magnitude, making it one of the largest ever recorded.</s> </p>
    <p id="28"><s id="33">It killed more than 500 people and inflicted an estimated $30 billion in damages.</s> </p>
    <p id="29"><s id="34">bur-msa/pst/dw/psr</s> </p>
    <p id="30"></p>
  </content>
</article>
