<article>
  <headers>
    <dct>20160114T052207Z</dct>
    <title>At least three dead in Indonesia blasts: AFP</title>
    <dateline>Jakarta, Jan 14, 2016 (AFP) -</dateline>
    <credit>Agence France-Presse (AFP)</credit>
    <origin country="IDN" city="Jakarta" />
    <keywords>
      <keyword>unrest</keyword>
      <keyword>toll</keyword>
      <keyword>Indonesia</keyword>
    </keywords>
    <categories>
      <iptc>16000000</iptc>
      <iptc>16003000</iptc>
    </categories>
  </headers>
  <content>
    <p id="1"><s id="1">At least three people were killed Thursday when several blasts rocked the Indonesian capital Jakarta, an AFP reporter said.</s> </p>
    <p id="2"><s id="2">Three bodies were seen lying on the ground on a main road in the city after the explosion, the reporter said.</s> </p>
    <p id="3"><s id="3">np-sr/jah</s> </p>
  </content>
</article>
