<article>
  <headers>
    <dct>20141022T202959Z</dct>
    <title>Canada PM in parliament at time of shooting: lawmaker</title>
    <dateline>OTTAWA, Oct 22, 2014 (AFP) -</dateline>
    <credit>Agence France-Presse (AFP)</credit>
    <origin country="CAN" city="Ottawa" />
    <keywords>
      <keyword>Canada</keyword>
      <keyword>politics</keyword>
      <keyword>attacks</keyword>
      <keyword>parliament</keyword>
      <keyword>Harper</keyword>
    </keywords>
    <categories>
      <iptc>11006004</iptc>
      <iptc>02003000</iptc>
      <iptc>11006000</iptc>
      <iptc>02003001</iptc>
      <iptc>11000000</iptc>
      <iptc>11001003</iptc>
      <iptc>11001002</iptc>
      <iptc>02000000</iptc>
      <iptc>11009000</iptc>
      <iptc>11001000</iptc>
      <iptc infered="true">16001000</iptc>
    </categories>
  </headers>
  <content>
    <p id="1"><s id="1">Canada's Prime Minister Stephen Harper was meeting with lawmakers in Parliament at the moment when a gunman opened fire in the building Wednesday, a senator who attended the meeting said.</s> </p>
    <p id="2"><s id="2">Pierre-Hugues Boisvenu was with Harper at a meeting of fellow Conservative Party members, he said, when they heard the shots ring out.</s> </p>
    <p id="3"><s id="3">&quot;There was a brief moment of panic,&quot; Boisvenu told Radio Canada after the shooting that he described as lasting &quot;several minutes.&quot;</s> </p>
    <p id="4"><s id="4">&quot;We were lucky enough to have in our caucus several former police officers... who quickly got the situation under control,&quot; he said.</s> </p>
    <p id="5"><s id="5">Earlier Wednesday, Harper's spokesman said the Canadian leader had been taken to a secure place and will issue a statement later in the day.</s> </p>
    <p id="6"><s id="6">An opposition lawmaker, John McKay, told media that he had just settled in to a meeting of members of his Liberal party when he heard the gunfire.</s> </p>
    <p id="7"><s id="7">&quot;I hear this 'pop, pop, pop,' possibly 10 shots, don't really know,&quot; he said after being evacuated, along with several other lawmakers, from the building.</s> </p>
    <p id="8"><s id="8">Police later confirmed a soldier was fatally shot, and a suspect was confirmed dead.</s> </p>
    <p id="9"><s id="9">sab-mbr/sg/sst</s> </p>
  </content>
</article>
