<article>
  <headers>
    <dct>20141216T090719Z</dct>
    <title>Taliban storm army-run school in Pakistan, three dead: officials</title>
    <dateline>PESHAWAR, Pakistan, Dec 16, 2014 (AFP) -</dateline>
    <credit>Agence France-Presse (AFP)</credit>
    <origin country="PAK" city="Peshawar" />
    <keywords>
      <keyword>Pakistan</keyword>
      <keyword>school</keyword>
      <keyword>unrest</keyword>
    </keywords>
    <categories>
      <iptc>16000000</iptc>
      <iptc infered="true">05005000</iptc>
    </categories>
  </headers>
  <content>
    <p id="1"><s id="1">Taliban gunmen stormed an army-run school in restive northwest Pakistan on Tuesday, killing at least three students and triggering a standoff with troops, officials and militants said.</s> </p>
    <p id="2"><s id="2">The militants have been ordered to shoot older students, a Taliban spokesman said, adding the attack was revenge for a major military offensive.</s> </p>
    <p id="3"><s id="3">At least five insurgents wearing military uniforms have entered the Army Public School in the city of Peshawar, a source at the school told AFP.</s> </p>
    <p id="4"><s id="4">A senior military official said troops had surrounded the school and television footage showed them taking up positions.</s> </p>
    <p id="5"><s id="5">Sharif Khan, a doctor at Peshawar's Lady Reading Hospital, told AFP they had received 35 wounded, two of them teachers, as well as the bodies of three students.</s> </p>
    <p id="6"><s id="6">A senior police official confirmed the death toll and warned it was likely to rise, saying a &quot;huge blast&quot; had occurred inside the school.</s> </p>
    <p id="7"><s id="7">The Tehreek-e-Taliban Pakistan (TTP) claimed responsibility for the attack, saying it was retaliation for the army's continuing operation against militants in the North Waziristan tribal area close to Peshawar.</s> </p>
    <p id="8"><s id="8">A senior military official told AFP that troops had cordoned off the area around the school and were hunting down the militants.</s> </p>
    <p id="9"><s id="9">The school on Peshawar's Warsak Road is part of the Army Public Schools and Colleges System, which runs 146 schools nationwide for the children of military personnel and civilians.</s> <s id="10">Its students range in age from around 10 to 18.</s> </p>
    <p id="10"><s id="11">The schools educate the children of both officers and non-commissioned soldiers and army wives often teach in them.</s> </p>
    <p id="11"><s id="12">A security official told AFP that hundreds of students and staff were in the school when the attack began, though it was not immediately clear how many are still being held.</s> </p>
    <p id="12"><s id="13">TTP spokesman Muhammad Khorasani told AFP there were six attackers.</s> </p>
    <p id="13"><s id="14">&quot;They include target killers and suicide attackers.</s> <s id="15">They have been ordered to shoot the older students but not the children,&quot; he said.</s> </p>
    <p id="14"><s id="16">&quot;This attack is a response to Zarb-e-Azab and the killing of Taliban fighters and harassing their families.&quot;</s> </p>
    <p id="15"><s id="17">Zarb-e-Azb is the official name for the army's offensive against strongholds of the Taliban and other militants in North Waziristan.</s> </p>
    <p id="16"><s id="18">The offensive has killed more than 1,600 militants, according to an AFP tally.</s> </p>
    <p id="17"><s id="19">The military has hailed the operation as a major success in disrupting Taliban militancy.</s> </p>
    <p id="18"><s id="20">The semi-autonomous tribal areas that border Afghanistan have for years been a hideout for Islamist militants of all stripes -- including Al-Qaeda and the homegrown TTP as well as foreign fighters such as Uzbeks and Uighurs.</s> </p>
    <p id="19"><s id="21">Washington pressed Islamabad for years to wipe out the sanctuaries in North Waziristan, which militants have used to launch attacks on NATO forces in Afghanistan.</s> </p>
    <p id="20"><s id="22">shk-str-ks/pdw/sm</s> </p>
  </content>
</article>
