<article>
  <headers>
    <dct>20150419T191013Z</dct>
    <title>Finnish opposition Centre leads election: partial results</title>
    <dateline>Helsinki, April 19, 2015 (AFP) -</dateline>
    <credit>Agence France-Presse (AFP)</credit>
    <origin country="FIN" city="Helsinki" />
    <keywords>
      <keyword>Finland</keyword>
      <keyword>vote</keyword>
      <keyword>results</keyword>
    </keywords>
    <categories>
      <iptc>11000000</iptc>
      <iptc>11003000</iptc>
    </categories>
  </headers>
  <content>
    <p id="1"><s id="1">Finland's opposition Centre Party has the lead in Sunday's general elections, partial results showed, far ahead of the parties in Prime Minister Alexander Stubb's left-right coalition.</s> </p>
    <p id="2"><s id="2">If the results were to be confirmed, Centre Party leader Juha Sipila, a 53-year-old IT millionaire and newcomer to politics, would become Finland's next prime minister.</s> </p>
    <p id="3"><s id="3">hh/po/hmn</s> </p>
  </content>
</article>
