<article>
  <headers>
    <dct>20141216T104921Z</dct>
    <title>Taliban storm Pakistan school, kill 95</title>
    <dateline>PESHAWAR, Pakistan, Dec 16, 2014 (AFP) -</dateline>
    <credit>Agence France-Presse (AFP)</credit>
    <origin country="PAK" city="Peshawar" />
    <keywords>
      <keyword>Pakistan</keyword>
      <keyword>school</keyword>
      <keyword>unrest</keyword>
    </keywords>
    <categories>
      <iptc>16000000</iptc>
      <iptc infered="true">05005000</iptc>
    </categories>
  </headers>
  <content>
    <p id="1"><s id="1">Taliban gunmen stormed an army-run school in Pakistan on Tuesday, killing at least 95 people including 82 children in one of the country's bloodiest attacks in recent years, officials said.</s> </p>
    <p id="2"><s id="2">Witnesses described how a huge blast shook the Army Public School in the northwestern city of Peshawar and gunmen went from classroom to classroom, shooting children.</s> </p>
    <p id="3"><s id="3">The Tehreek-e-Taliban Pakistan (TTP) claimed responsibility for the attack as retaliation for a major military offensive in the region, saying militants had been ordered to shoot older students.</s> </p>
    <p id="4"><s id="4">The attack began around 10.30 am (0530 GMT) when a group of at least five insurgents, reportedly in military uniforms, entered the school.</s> </p>
    <p id="5"><s id="5">Pakistan's military headquarters said a &quot;rescue operation&quot; was under way, with troops still exchanging fire with attackers more than three hours after the incident began.</s> </p>
    <p id="6"><s id="6">A security official told AFP that hundreds of students and staff were in the school when the attack began, though according to the military the bulk of them have been evacuated.</s> </p>
    <p id="7"><s id="7">It is not clear how many are still in the school.</s> </p>
    <p id="8"><s id="8">Peshawar's Lady Reading Hospital received 26 bodies, spokesman Jamil Shah said, while a report from the city's Combined Military Hospital seen by AFP said they had 69 dead.</s> </p>
    <p id="9"><s id="9">Provincial information minister Mushtaq Ghani said many of the dead were killed in a suicide blast.</s> </p>
    <p id="10"><s id="10">Mudassar Abbas, a physics laboratory assistant at the school, said some students were celebrating at a party when the attack began.</s> </p>
    <p id="11"><s id="11">&quot;I saw six or seven people walking class-to-class and opening fire on children,&quot; he said.</s> </p>
    <p id="12"><s id="12">A student who survived the attack said soldiers came to rescue students during a lull in the firing.</s> </p>
    <p id="13"><s id="13">&quot;When we were coming out of the class we saw dead bodies of our friends lying in the corridors.</s> <s id="14">They were bleeding.</s> <s id="15">Some were shot three times, some four times,&quot; the student said.</s> </p>
    <p id="14"><s id="16">&quot;The men entered the rooms one by one and started indiscriminate firing at the staff and students.&quot;</s> </p>
    <p id="15"></p>
    <p id="16"></p>
    <p id="17"><s id="17">The school on Peshawar's Warsak Road is part of the Army Public Schools and Colleges System, which runs 146 schools nationwide for the children of military personnel and civilians.</s> <s id="18">Its students range in age from around 10 to 18.</s> </p>
    <p id="18"><s id="19">The schools educate the children of both officers and non-commissioned soldiers and army wives often teach in them.</s> </p>
    <p id="19"><s id="20">TTP spokesman Muhammad Khorasani told AFP there were six attackers.</s> </p>
    <p id="20"><s id="21">&quot;They include target killers and suicide attackers.</s> <s id="22">They have been ordered to shoot the older students but not the children,&quot; he said.</s> </p>
    <p id="21"><s id="23">&quot;This attack is a response to Zarb-e-Azab and the killing of Taliban fighters and harassing their families.&quot;</s> </p>
    <p id="22"><s id="24">Zarb-e-Azb is the official name for the army's offensive against strongholds of the Taliban and other militants in North Waziristan.</s> </p>
    <p id="23"><s id="25">The military has hailed the operation as a major success in disrupting the TTP's insurgency, which has killed thousands of Pakistanis since it erupted in 2007.</s> </p>
    <p id="24"><s id="26">More than 1,600 militants have been killed since the launch of Zarb-e-Azb in June, according to data compiled by AFP from regular military statements.</s> </p>
    <p id="25"><s id="27">Talat Masood, a retired general and security analyst, said the attack was intended to weaken the military's resolve.</s> </p>
    <p id="26"><s id="28">&quot;It is both tactical and strategic.</s> <s id="29">The militants know they won't be able to strike at the heart of the military, they don't have the capacity because the army are prepared,&quot; Masood told AFP.</s> </p>
    <p id="27"><s id="30">&quot;So they are going for soft targets.</s> <s id="31">These attacks have a great psychological impact.&quot;</s> </p>
    <p id="28"><s id="32">The semi-autonomous tribal areas that border Afghanistan have for years been a hideout for Islamist militants of all stripes -- including Al-Qaeda and the homegrown TTP as well as foreign fighters such as Uzbeks and Uighurs.</s> </p>
    <p id="29"><s id="33">Washington pressed Islamabad for years to wipe out the sanctuaries in North Waziristan, which militants have used to launch attacks on NATO forces in Afghanistan.</s> </p>
    <p id="30"><s id="34">shk-str-ks/pdw/sm</s> </p>
  </content>
</article>
