<article>
  <headers>
    <dct>20150724T041020Z</dct>
    <title>Several injured in Louisiana movie theater shooting: media</title>
    <dateline>Washington, July 24, 2015 (AFP) -</dateline>
    <credit>Agence France-Presse (AFP)</credit>
    <origin country="USA" city="Washington" />
    <keywords>
      <keyword>shooting</keyword>
      <keyword>US</keyword>
    </keywords>
    <categories>
      <iptc>02001000</iptc>
      <iptc>02000000</iptc>
      <iptc infered="true">15051000</iptc>
    </categories>
  </headers>
  <content>
    <p id="1"><s id="1">Multiple people have been shot at a movie theater in the US state of Louisiana during a showing of the film &quot;Trainwreck&quot;, local media reported Thursday.</s> </p>
    <p id="2"><s id="2">The city of Lafayette's Daily Advertiser newspaper reported that six people were injured and the shooting at the local Grand Theatre had ended, citing a local official.</s> </p>
    <p id="3"><s id="3">sdo/st</s> </p>
  </content>
</article>
