<article>
  <headers>
    <dct>20160726T113544Z</dct>
    <title>Priest killed in France church hostage taking: police source</title>
    <dateline>Paris, July 26, 2016 (AFP) -</dateline>
    <credit>Agence France-Presse (AFP)</credit>
    <origin country="FRA" city="Paris" />
    <keywords>
      <keyword>church</keyword>
      <keyword>crime</keyword>
      <keyword>France</keyword>
    </keywords>
    <categories>
      <iptc>02001000</iptc>
      <iptc>12000000</iptc>
      <iptc>02000000</iptc>
      <iptc infered="true">12007000</iptc>
    </categories>
  </headers>
  <content>
    <p id="1"><s id="1">A priest was killed on Tuesday after a hostage situation at a church near the northern French city of Rouen, a police source said.</s> </p>
    <p id="2"><s id="2">The French interior ministry said that two hostage-takers were &quot;neutralised&quot; in the attack in the town of Saint-Etienne-du-Rouvray.</s> </p>
    <p id="3"><s id="3">French President Francois Hollande and Interior Minister Bernard Cazeneuve were on their way to the scene, their offices said.</s> </p>
    <p id="4"><s id="4">The incident comes as France remains on high alert nearly two weeks after Tunisian Mohamed Lahouaiej Bouhlel mowed down a crowd of people celebrating Bastille Day in the southern city of Nice, killing 84 and injuring over 300.</s> </p>
    <p id="5"><s id="5">The attack was the third major strike on France in 18 months and was claimed by the Islamic State group.</s> </p>
    <p id="6"><s id="6">kap-at/fb/gd/gw</s> </p>
    <p id="7"></p>
  </content>
</article>
