<article>
  <headers>
    <dct>20120718T140642Z</dct>
    <title>Head of crisis cell killed in Damascus blast: NGO</title>
    <dateline>BEIRUT, July 18, 2012 (AFP) -</dateline>
    <credit>Agence France-Presse (AFP)</credit>
    <origin country="LBN" city="BEIRUT" />
    <keywords>
      <keyword>Turkmani</keyword>
      <keyword>Syria</keyword>
      <keyword>conflict</keyword>
    </keywords>
    <categories>
      <iptc>16000000</iptc>
      <iptc>16010000</iptc>
    </categories>
  </headers>
  <content>
    <p id="1"><s id="1">The head of the Syrian regime's crisis cell, General Hassan Turkmani, was killed in a Damascus attack on the National Security headquarters on Wednesday, the Syrian Observatory for Human Rights said.</s> </p>
    <p id="2"><s id="2">Lebanon's Hezbollah-owned television station Al-Manar also reported the death of Turkmani, a former defence minister, hours after the current defence minister and President Bashar al-Assad's brother-in-law were confirmed dead in the same attack.</s> </p>
    <p id="3"><s id="3">The Syrian authorities have not confirmed Turkmani's death, though they did state earlier that several officials were badly wounded in the attack.</s> </p>
    <p id="4"><s id="4">&quot;General Hassan Turkmani, currently assistant to the Syrian vice president, has died from wounds he sustained as a result of the blast,&quot; the Observatory said, citing sources in Damascus.</s> </p>
    <p id="5"><s id="5">He was the third official to be killed on Wednesday, in an operation claimed by the rebel Free Syrian Army.</s> </p>
    <p id="6"><s id="6">The FSA command announced &quot;the good news of the outstanding operation this morning that targeted the National Security headquarters and the killing&quot; of the officials &quot;responsible for barbaric massacres.&quot;</s> </p>
    <p id="7"><s id="7">Officials said a suicide bomber struck as ministers and security officials were meeting at the heavily guarded site, but the FSA did not say how the officials were killed.</s> </p>
    <p id="8"><s id="8">Defence Minister General Daoud Rajha and Assad's brother-in-law Assef Shawkat were killed and Interior Minister Mohammed al-Shaar and General Hisham Ikhtiyar, head of National Security, were wounded, state television and security officials said.</s> </p>
    <p id="9"><s id="9">ser</s> </p>
  </content>
</article>
