<article>
  <headers>
    <dct>20160824T184117Z</dct>
    <title>Deadly quake brings carnage to Italian mountains</title>
    <dateline>Accumoli, Italy, Aug 24, 2016 (AFP) -</dateline>
    <credit>Agence France-Presse (AFP)</credit>
    <origin country="ITA" city="Accumoli" />
    <keywords>
      <keyword>quake</keyword>
      <keyword>Italy</keyword>
    </keywords>
    <categories>
      <iptc>11000000</iptc>
      <iptc>03015001</iptc>
      <iptc>03000000</iptc>
      <iptc>03002000</iptc>
    </categories>
  </headers>
  <content>
    <p id="1"><s id="1">A powerful earthquake rattled a remote area of central Italy on Wednesday, leaving at least 73 people dead and scenes of carnage in mountain villages.</s> </p>
    <p id="2"><s id="2">With dozens injured and an unknown number of people trapped under rubble, rescue workers expected the death toll to mount further.</s> </p>
    <p id="3"><s id="3">Hundreds of people were facing a chilly night in hastily assembled tents as the risk of aftershocks made it too risky for them to return to their homes.</s> </p>
    <p id="4"><s id="4">Scores of buildings were reduced to dusty piles of masonry in communities close to the epicentre of the pre-dawn quake, which had a magnitude of between 6.0 and 6.2.</s> </p>
    <p id="5"><s id="5">It hit a remote area straddling Umbria, Marche and Lazio at a time of year when second home owners and other visitors swell the number of people staying there.</s> <s id="6">Many of the victims were from Rome.</s> </p>
    <p id="6"><s id="7">The devastated area is just to the north of L'Aquila, the city where some 300 people died in a previous quake in 2009.</s> </p>
    <p id="7"><s id="8">Italy's civil protection unit confirmed 73 fatalities in and around the villages of Amatrice, Accumoli and Arquata del Tronto.</s> </p>
    <p id="8"><s id="9">Guido Bordo, 69, lost his sister and her husband after they were trapped inside their holiday house in the hamlet of Illica, near Accumoli.</s> </p>
    <p id="9"><s id="10">&quot;There's no sound from them, we only heard their cats,&quot; he told AFP before the deaths were confirmed.</s> </p>
    <p id="10"><s id="11">&quot;I wasn't here, as soon as the quake happened, I rushed here.</s> <s id="12">They managed to pull my sister's children out, they're in hospital now,&quot; he added, wringing his hands in anguish.</s> </p>
    <p id="11"><s id="13">Sergio Camosi escaped in his underwear with his wife and daughter just before his house caved in.</s> </p>
    <p id="12"><s id="14">&quot;We ran down the stairs but the door was blocked by stones so we had to climb out the window,&quot; he said tearfully.</s> </p>
    <p id="13"><s id="15">The victims included a nine-month-old baby girl whose parents survived, an 18-month-old toddler and two other young children who died along with their parents in Accumoli.</s> </p>
    <p id="14"><s id="16">Two boys aged four and seven were saved by their quick-thinking grandmother, who ushered them under a bed as soon as the shaking began, according to reports.</s> <s id="17">She also survived but lost her husband.</s> </p>
    <p id="15"><s id="18">And there were sobs in Illica when two sisters were reunited with their poodle, Lello, pulled alive from their abandoned house.</s> </p>
    <p id="16"></p>
    <p id="17"></p>
    <p id="18"><s id="19">It was Italy's most powerful earthquake since the 2009 L'Aquila disaster.</s> </p>
    <p id="19"><s id="20">&quot;Half the village has disappeared,&quot; said Amatrice mayor Sergio Pirozzi, surveying a town centre that looked as if had been subjected to a bombing raid.</s> </p>
    <p id="20"><s id="21">Pope Francis interrupted his weekly audience in St Peter's Square to express his shock.</s> </p>
    <p id="21"><s id="22">&quot;To hear the mayor of Amatrice say his village no longer exists and knowing that there are children among the victims, is very upsetting for me,&quot; he said.</s> </p>
    <p id="22"><s id="23">Civil Protection chief Fabrizio Curcio classed the quake as &quot;severe&quot;.</s> <s id="24">The shocks were strong enough to be felt 150 kilometres (90 miles) away in Rome, where authorities ordered structural tests on the Colosseum.</s> </p>
    <p id="23"><s id="25">Some of the worst damage was suffered in Pescara del Tronto, a hamlet near Arquata in the Marche region where the bodies of the dead were laid out in a children's play park.</s> </p>
    <p id="24"><s id="26">With residents advised not to go back into their homes, temporary campsites were being established in Amatrice and Accumoli as authorities looked to find emergency accommodation for more than 2,000 people.</s> </p>
    <p id="25"></p>
    <p id="26"></p>
    <p id="27"><s id="27">Amatrice is a hilltop beauty spot famed as the home of amatriciana, one of Italy's favourite pasta sauces, and is a popular destination for Romans seeking cool mountain air at the height of the summer.</s> </p>
    <p id="28"><s id="28">It was packed with visitors when the quake struck at 3:36am (0136 GMT).</s> </p>
    <p id="29"><s id="29">Three minutes later the clock on the village's 13th-century tower stopped.</s> </p>
    <p id="30"><s id="30">The first quake measured 6.2, according to the United States Geological Survey (USGS), which said it occurred at a shallow depth of 10 kilometres (six miles).</s> </p>
    <p id="31"><s id="31">It measured 6.0 according to Italian monitors, who put the depth at only four km.</s> <s id="32">A 5.4-magnitude aftershock followed an hour later.</s> </p>
    <p id="32"><s id="33">Italy is often shaken by earthquakes, usually centred on the mountainous spine of the boot-shaped country.</s> </p>
    <p id="33"><s id="34">In 2009, a 6.3-magnitude earthquake struck close to the university city of L'Aquila in the Abruzzo region and left more than 300 people dead.</s> </p>
    <p id="34"><s id="35">That disaster led to lengthy recriminations over lax building controls and the failure of authorities to warn residents that a quake could be imminent.</s> </p>
    <p id="35"><s id="36">David Rothery, Professor of Planetary Geosciences at Britain's Open University, said Wednesday's quake had been similar to the 2009 one.</s> </p>
    <p id="36"><s id="37">&quot;Both occurred at a shallow depth, which exacerbates the shaking at the surface,&quot; he said.</s> </p>
    <p id="37"><s id="38">&quot;Unlike the L'Aquila quake, which was preceded by swarms of smaller quakes and led to claims -- unjustified in my view -- that the eventual big quake should have been predicted, this one appears to have struck out of the blue.&quot;</s> </p>
    <p id="38"><s id="39">am/ric</s> </p>
    <p id="39"></p>
  </content>
</article>
