<article>
  <headers>
    <dct>20151012T014124Z</dct>
    <title>Lukashenko wins 83.49% of Belarus vote: election chief</title>
    <dateline>Minsk, Oct 11, 2015 (AFP) -</dateline>
    <credit>Agence France-Presse (AFP)</credit>
    <origin country="BLR" city="Minsk" />
    <keywords>
      <keyword>result</keyword>
      <keyword>Belarus</keyword>
      <keyword>vote</keyword>
    </keywords>
    <categories>
      <iptc>11000000</iptc>
      <iptc>11003000</iptc>
    </categories>
  </headers>
  <content>
    <p id="1"><s id="1">Belarussian President Alexander Lukashenko has won a fifth term with 83.49 percent of the vote, the head of the central electoral commission said Monday.</s> </p>
    <p id="2"><s id="2">Election chief Lidiya Yermoshina gave the result at a televised news conference.</s> <s id="3">Tatiana Korotkevich came second with 4.42 percent.</s> </p>
    <p id="3"><s id="4">am/jom</s> </p>
    <p id="4"></p>
  </content>
</article>
