<article>
  <headers>
    <dct>20160824T103537Z</dct>
    <title>Italy struck by killer quake</title>
    <dateline>Amatrice, Italy, Aug 24, 2016 (AFP) -</dateline>
    <credit>Agence France-Presse (AFP)</credit>
    <origin country="ITA" city="Amatrice" />
    <keywords>
      <keyword>quake</keyword>
      <keyword>Italy</keyword>
    </keywords>
    <categories>
      <iptc>11000000</iptc>
      <iptc>03015001</iptc>
      <iptc>03000000</iptc>
      <iptc>03002000</iptc>
    </categories>
  </headers>
  <content>
    <p id="1"><s id="1">A powerful 6.2-magnitude earthquake devastated mountain villages in central Italy on Wednesday, leaving at least 18 people dead and dozens more injured or unaccounted for.</s> </p>
    <p id="2"><s id="2">Scores of buildings were reduced to dusty piles of masonry in communities close to the epicentre of the pre-dawn quake in a remote area straddling the regions of Umbria, Marche and Lazio.</s> </p>
    <p id="3"><s id="3">Deaths were reported in the villages of Amatrice, Accumoli and Arquata del Tronto as residents and emergency services battled frantically to rescue people trapped beneath the ruins after the quake hit as people slept.</s> </p>
    <p id="4"><s id="4">It was Italy's most powerful earthquake since 2009, when about 300 people died in and around the city of Aquila, just to the south of the area hit on Wednesday.</s> </p>
    <p id="5"><s id="5">Prime Minister Matteo Renzi cancelled a planned trip to France for a meeting with European Socialist leaders and other engagements to oversee the response to the disaster.</s> </p>
    <p id="6"><s id="6">&quot;The situation is dramatic, there are many dead,&quot; said Amatrice mayor Sergio Pirozzi.</s> <s id="7">&quot;Half the village has disappeared.&quot;</s> </p>
    <p id="7"><s id="8">Pope Francis interrupted his weekly audience in St Peter's square to express his shock at the news.</s> </p>
    <p id="8"><s id="9">&quot;To hear the mayor of Amatrice say his village no longer exists and knowing that there are children among the victims, is very upsetting for me,&quot; he said.</s> </p>
    <p id="9"></p>
    <p id="10"></p>
    <p id="11"><s id="10">Fabrizio Curcio, the head of Italy's civil protection service, classed the quake as &quot;severe&quot;.</s> <s id="11">The shocks were strong enough to wake residents of central Rome, some 150 kilometres (90 miles) away.</s> </p>
    <p id="12"><s id="12">The worst damage was suffered by Pescara del Tronto, a hamlet near Arquata in the Marche region which civil protection workers described as having been virtually razed.</s> </p>
    <p id="13"><s id="13">Ten bodies had been recovered there by mid-morning and rescuers were braced for further fatalities.</s> </p>
    <p id="14"><s id="14">Aleandro Petrucci, the mayor of Arquata, said Pescara had &quot;just completely disintegrated.&quot;</s> </p>
    <p id="15"><s id="15">Another two people died and a family of four including two young children were trapped, feared dead, in their collapsed house in Accumoli, according to its mayor Stefano Petrucci.</s> </p>
    <p id="16"><s id="16">&quot;We have a tragedy here,&quot; said Petrucci.</s> <s id="17">&quot;There are people under the ruins, it is not a good situation.&quot;</s> </p>
    <p id="17"></p>
    <p id="18"></p>
    <p id="19"><s id="18">A village resident told Rai television that she had been woken by the shaking in time to witness the wall of her bedroom cracking open.</s> <s id="19">She was able to escape into the street with her children.</s> </p>
    <p id="20"><s id="20">In Amatrice, the president of the Lazio region confirmed six bodies had been recovered.</s> </p>
    <p id="21"><s id="21">The village was packed with visitors at the peak of the summer season when the quake struck, destroying the picturesque hilltop village's main street.</s> </p>
    <p id="22"><s id="22">The mayor said difficult access to the village had prevented emergency services getting through.</s> </p>
    <p id="23"><s id="23">&quot;There is a landslide on one road, a bridge is about to collapse on the other one,&quot; he said.</s> <s id="24">&quot;We can hear voices under the rubble.&quot;</s> </p>
    <p id="24"><s id="25">Amatrice is famous in Italy as a beauty spot and is a popular holiday destination for Romans seeking cool mountain air at the height of the summer.</s> </p>
    <p id="25"><s id="26">The first quake struck shortly after 3.30 am (0130 GMT), according to the United States Geological Survey, and a 5.4-magnitude aftershock followed an hour later.</s> </p>
    <p id="26"><s id="27">USGS's PAGER system, which predicts the impact of earthquakes, issued a red alert -- suggesting significant casualties and damage based on previous quake data.</s> </p>
    <p id="27"><s id="28">In 2009, a 6.3-magnitude earthquake struck close to the university city of Aquila in the Abruzzo region and left more than 300 people dead.</s> </p>
    <p id="28"><s id="29">That disaster led to lengthy recriminations over lax building controls and the failure of authorities to warn residents that a quake could be imminent.</s> </p>
    <p id="29"><s id="30">Italy is often shaken by earthquakes, usually centred on the mountainous spine of the boot-shaped country.</s> </p>
    <p id="30"><s id="31">Another quake hit the northern Emilia Romagna region in May 2012, when two violent shocks 10 days apart left 23 people dead and 14,000 others homeless.</s> </p>
    <p id="31"><s id="32">am/txw</s> </p>
    <p id="32"></p>
  </content>
</article>
