<article>
  <headers>
    <dct>20141024T223324Z</dct>
    <title>US school shooting leaves gunman, student dead</title>
    <dateline>LOS ANGELES, Oct 24, 2014 (AFP) -</dateline>
    <credit>Agence France-Presse (AFP)</credit>
    <origin country="USA" city="Los Angeles" />
    <keywords>
      <keyword>school</keyword>
      <keyword>shooting</keyword>
      <keyword>US</keyword>
    </keywords>
    <categories>
      <iptc>05005000</iptc>
      <iptc>02001000</iptc>
      <iptc>05000000</iptc>
      <iptc>02000000</iptc>
      <iptc infered="true">15051000</iptc>
    </categories>
  </headers>
  <content>
    <p id="1"><s id="1">A student opened fire at a US school Friday, killing at least one person and injuring several more before taking his own life, police and reports said.</s> </p>
    <p id="2"><s id="2">Three students were rushed to hospital in critical condition after the latest such school shooting in the United States, a doctor said.</s> </p>
    <p id="3"><s id="3">&quot;At this point we are confirming that there are two deceased,&quot; said police spokesman Robb Lamoureux in Marysville.</s> <s id="4">&quot;We are confident that there was only one shooter and the shooter is deceased.&quot;</s> </p>
    <p id="4"><s id="5">He did not confirm that the shooter took his own life, but multiple reports said the student gunman killed himself.</s> </p>
    <p id="5"><s id="6">Live television footage showed swarms of police and emergency workers descending on the Marysville-Pilchuck High School in the western state of Washington.</s> </p>
    <p id="6"><s id="7">The shooting occurred in the school cafeteria, according to multiple reports.</s> </p>
    <p id="7"><s id="8">&quot;I was eating...</s> <s id="9">I heard four gunshots and it was behind me.</s> <s id="10">I saw a gun pointed at a table... then I ran out of the exit,&quot; one student in the cafeteria, named only as Alex, told KIRO TV news.</s> </p>
    <p id="8"><s id="11">A student identified as Austin told a CNN affiliate how the gunman was initially &quot;quiet&quot; before opening fire on fellow diners.</s> </p>
    <p id="9"><s id="12">&quot;There was just a big group of kids.</s> <s id="13">...</s> <s id="14">He was quiet.</s> <s id="15">He was just sitting there.</s> <s id="16">Everyone was talking.</s> <s id="17">All of a sudden I see him stand up, pull something out of his pocket,&quot; he said.</s> </p>
    <p id="10"><s id="18">&quot;At first I thought it was just someone making a really loud noise with like a bag, like a pretty loud pop until I heard four more after that, and I saw three kids just fall from the table like they were falling to the ground dead.&quot;</s> </p>
    <p id="11"><s id="19">Television footage also showed schoolchildren coming out of the sprawling campus in Marysville, 35 miles (55 kilometers) north of Seattle, which has some 2,500 students.</s> </p>
    <p id="12"><s id="20">Dr Joanne Roberts of Providence Medical Center told local TV station KOMO that three 'young people' were in 'very critical condition&quot; after the shooting.</s> </p>
    <p id="13"><s id="21">&quot;Four patients came to this center from the scene,&quot; she said.</s> <s id="22">&quot;three of them remained at the center.</s> </p>
    <p id="14"><s id="23">&quot;The three most critically ill were kept here,&quot; she said.</s> <s id="24">&quot;All three are young people who are in very critical condition.&quot;</s> </p>
    <p id="15"><s id="25">Parents appeared to be gathering at a nearby church.</s> </p>
    <p id="16"><s id="26">&quot;I never thought I would be standing here after a school shooting,&quot; Heather Parker, whose son Corbin is at the school, told the Seattle Times.</s> </p>
    <p id="17"><s id="27">&quot;He's pretty shook up.</s> <s id="28">He just said 'I'm Okay.'</s> <s id="29">He was trying to calm me down,&quot; he added.</s> </p>
    <p id="18"><s id="30">Adam Holston, 14, said he was leaving the lunchroom when the shooting erupted.</s> </p>
    <p id="19"><s id="31">&quot;Everyone just started running.</s> <s id="32">I could hear the gunshots and my heart was racing and we didn't know what was going on,&quot; he said.</s> </p>
    <p id="20"><s id="33">Austin, also speaking to a local CNN affiliate, said: &quot;I jumped under the table as fast as I could and when it stopped I looked back up and I saw he was trying to reload his gun.</s> </p>
    <p id="21"><s id="34">&quot;When that happened I just ran the opposite direction and I was out of there as fast as I could.&quot;</s> </p>
    <p id="22"><s id="35">Previous mass shootings, like that which killed 20 children and six adults in Newtown, Connecticut in December 2012, have triggered intense debate about America's relatively lax gun control laws.</s> </p>
    <p id="23"><s id="36">mt/dc</s> </p>
  </content>
</article>
