<article>
  <headers>
    <dct>20161219T213106Z</dct>
    <title>Assassination in Turkey: what we know so far</title>
    <dateline>Istanbul, Dec 19, 2016 (AFP) -</dateline>
    <credit>Agence France-Presse (AFP)</credit>
    <origin country="TUR" city="Istanbul" />
    <keywords>
      <keyword>Turkey</keyword>
      <keyword>ambassador</keyword>
      <keyword>shooting</keyword>
      <keyword>Russia</keyword>
    </keywords>
    <categories>
      <iptc>16000000</iptc>
      <iptc>02001000</iptc>
      <iptc>11002000</iptc>
      <iptc>11000000</iptc>
      <iptc>11014000</iptc>
      <iptc>16001000</iptc>
      <iptc>02000000</iptc>
      <iptc infered="true">15051000</iptc>
    </categories>
  </headers>
  <content>
    <p id="1"><s id="1">The Russian ambassador to Ankara was shot dead in a brazen attack by a Turkish policeman in a cultural centre on Monday in what both sides branded an &quot;act of terror.&quot;</s> </p>
    <p id="2"><s id="2">The assassination, by a sharp-suited gunman shouting &quot;Don't forget Aleppo&quot;, came after days of protests in Turkey over Russia's role in Syria and on the eve of a unprecedented meeting of the foreign ministers of Turkey, Russia and Iran on the conflict.</s> </p>
    <p id="3"><s id="3">Here is what we know so far:</s> </p>
    <p id="4"></p>
    <p id="5"></p>
    <p id="6"><s id="4">Dramatic footage showed the very moment the gunman -- dressed in a dark suit, white shirt and tie, shot at his target, who was at the opening of a Russian photography exhibition at an arts centre in Ankara.</s> </p>
    <p id="7"><s id="5">The assailant is seen standing behind the ambassador as he is speaking and then swaggering around the exhibition waving his gun and pointing aggressively into the air.</s> </p>
    <p id="8"><s id="6">The man shouts &quot;Allahu Akbar&quot; (&quot;God is greatest&quot;) and then talks in Arabic about pledging allegiance to jihad in Arabic, the footage shows.</s> </p>
    <p id="9"><s id="7">He then switches to Turkish, shouting: &quot;Don't forget about Syria, don't forget about Aleppo.</s> <s id="8">All those who participate in this tyranny will be held accountable.&quot;</s> </p>
    <p id="10"><s id="9">The state-run Anadolu news agency said the gunman had been &quot;neutralised&quot; in a police operation inside the centre after a 15 minute shootout.</s> </p>
    <p id="11"></p>
    <p id="12"></p>
    <p id="13"><s id="10">The gunman was identified by the Turkish interior minister as 22-year-old Mevlut Mert Altintas, who had worked in the Ankara anti-riot police for the last two-and-a-half years.</s> </p>
    <p id="14"><s id="11">It was not known if he was on duty in the exhibition hall at the time and if not, how he managed to gain access carrying a weapon.</s> </p>
    <p id="15"><s id="12">Ankara mayor Melih Gokcek speculated on his official Twitter account that the policeman may be linked to the group of exiled preacher Fethullah Gulen, who is blamed for the July coup aimed at toppling President Recep Tayyip Erdogan.</s> </p>
    <p id="16"><s id="13">It is not yet clear whether the assassin was acting alone and no group has claimed responsibility.</s> </p>
    <p id="17"><s id="14">But it will add further to jitters in Turkey, which has been rocked by a wave of deadly bomb attacks carried out by Islamic State jihadists or Kurdish militants.</s> </p>
    <p id="18"><s id="15">The attempted coup has led to a massive crackdown on so-called Gulenists and opponents of the increasingly authoritarian president.</s> </p>
    <p id="19"></p>
    <p id="20"></p>
    <p id="21"><s id="16">The slain ambassador, Andrei Karlov, was a veteran career diplomat who helped weather rocky ties between Moscow and Ankara.</s> </p>
    <p id="22"><s id="17">Karlov, 62, was appointed to Ankara in 2013 at a time when the two countries were pushing to boost trade ties despite deep differences over the conflict in Syria.</s> </p>
    <p id="23"><s id="18">Russia's foreign ministry spokeswoman Maria Zakharova described his killing as a &quot;tragic day in the history of our country and our diplomatic service&quot;.</s> </p>
    <p id="24"><s id="19">Before serving in Ankara, the bespectacled Karlov spent a large chunk of his career -- which stretched back to the Soviet period -- working on the volatile Korean peninsula.</s> </p>
    <p id="25"><s id="20">The married father-of-one -- who spoke Korean and English -- served in the Russian embassies in both North and South Korea, before later returning to Pyongyang as Moscow's ambassador to the isolated Stalinist state from 2001-2006.</s> </p>
    <p id="26"></p>
    <p id="27"></p>
    <p id="28"><s id="21">The shooting came on the eve of a crucial meeting between the Turkish, Russian and Iranian foreign ministers on the Syrian conflict.</s> </p>
    <p id="29"><s id="22">And at the exact moment of the attack, Turkey's Foreign Minister Mevlut Cavusoglu was on a plane flying to Moscow for Tuesday's tripartite talks.</s> </p>
    <p id="30"><s id="23">Moscow and Ankara remain on opposite sides of the conflict -- with Ankara backing rebels trying to topple Moscow's ally President Bashar al-Assad.</s> </p>
    <p id="31"><s id="24">Protesters in Turkey have held Moscow responsible for rights violations in war-wracked Aleppo, with thousands massing outside the Russian consulate in Istanbul.</s> </p>
    <p id="32"><s id="25">Diplomatic relations between Ankara and Moscow sank to their worst levels since the Cold War in November last year when a Turkish jet shot down a Russian war plane over Syria.</s> </p>
    <p id="33"><s id="26">But relations have since warmed, with intense contacts in recent days that led to a deal for evacuations from Aleppo.</s> </p>
    <p id="34"><s id="27">And both sides vowed that Monday's assassination would not harm ties, with Erdogan swiftly calling President Vladimir Putin.</s> </p>
    <p id="35"><s id="28">&quot;We will not allow this attack to cast a shadow on Turkey-Russia relations,&quot; the Turkish foreign ministry said.</s> </p>
    <p id="36"><s id="29">&quot;The crime that was committed is without doubt a provocation aimed at disrupting the normalisation of Russian-Turkish relations and disrupting the peace process in Syria,&quot; Putin said.</s> </p>
    <p id="37"><s id="30">bur-txw/ric</s> </p>
    <p id="38"></p>
    <p id="39"></p>
  </content>
</article>
