<article>
  <headers>
    <dct>20160824T114826Z</dct>
    <title>37 dead in Italy quake: first official toll</title>
    <dateline>AMATRICE, Italy, Aug 24, 2016 (AFP) -</dateline>
    <credit>Agence France-Presse (AFP)</credit>
    <origin country="ITA" city="AMATRICE" />
    <keywords>
      <keyword>quake</keyword>
      <keyword>Italy</keyword>
      <keyword>toll</keyword>
    </keywords>
    <categories>
      <iptc>03015001</iptc>
      <iptc>03002000</iptc>
      <iptc>03000000</iptc>
    </categories>
  </headers>
  <content>
    <p id="1"><s id="1">A powerful earthquake that rocked central Italy on Wednesday left 37 people dead and the total is likely to rise, the country's civil protection unit said in the first official death toll.</s> </p>
    <p id="2"><s id="2">&quot;There are still so many people under masonry, so many missing,&quot; said Immacolata Postiglione, the head of the unit's emergency department.</s> </p>
    <p id="3"><s id="3">am/txw</s> </p>
    <p id="4"></p>
  </content>
</article>
