<article>
  <headers>
    <type>chronology</type>
    <dct>20161220T010515Z</dct>
    <dateline>Berlin, Dec 20, 2016 (AFP) -</dateline>
    <credit>Agence France-Presse (AFP)</credit>
    <title>Germany shaken by spate of attacks</title>
    <origin country="DEU" city="Berlin" />
    <keywords>
      <keyword>market</keyword>
      <keyword>previous</keyword>
      <keyword>attack</keyword>
      <keyword>Germany</keyword>
    </keywords>
    <categories>
      <iptc>16000000</iptc>
      <iptc>02003000</iptc>
      <iptc>12014000</iptc>
      <iptc>12000000</iptc>
      <iptc>02003001</iptc>
      <iptc>16001000</iptc>
      <iptc>02000000</iptc>
      <iptc>01000000</iptc>
      <iptc>12025000</iptc>
    </categories>
  </headers>
  <content>
    <p id="1"><s id="1">A truck rammed into shoppers at a Christmas market in Berlin on Monday, killing nine people and wounding dozens more in what German officials said was suspected to be an attack.</s> </p>
    <p id="2"><s id="2">While Germany has so far been spared the devastating jihadist carnage that has hit neighbouring France and Belgium, it has suffered a spate of attacks this year.</s> </p>
    <p id="3"><s id="3">In some cases, the assaults have been claimed by the Islamic State jihadist group and been carried out by asylum seekers.</s> </p>
    <p id="4"><s id="4">The Berlin market horror comes five months after Tunisian extremist Mohamed Lahouaiej Bouhlel ploughed a 19-tonne truck into a crowd at a fireworks display in the French Riviera city of Nice, killing 86 people.</s> </p>
    <p id="5"><s id="5">A timeline of attacks in Germany this year:</s> </p>
    <p id="6"></p>
    <p id="7"></p>
    <p id="8"><s id="6">A 16-year-old German-Moroccan girl stabs a police officer in the neck with a kitchen knife, wounding him badly, an assault allegedly &quot;ordered&quot; by the IS but which was not claimed by the group.</s> </p>
    <p id="9"><s id="7">The teenager attacks the policeman during a routine check at Hanover train station in northern Germany, before being overpowered by another officer.</s> </p>
    <p id="10"></p>
    <p id="11"></p>
    <p id="12"><s id="8">A 17-year-old asylum seeker, wielding an axe and a knife, attacks passengers on a Bavarian train.</s> </p>
    <p id="13"><s id="9">The assailant, who is believed to be Afghan, injures five people, four of them tourists from Hong Kong.</s> </p>
    <p id="14"><s id="10">He is shot dead by police.</s> <s id="11">The IS group releases a video purportedly featuring the attacker announcing he would carry out an &quot;operation&quot; in Germany, and presenting himself as a &quot;soldier of the caliphate&quot;.</s> </p>
    <p id="15"></p>
    <p id="16"></p>
    <p id="17"><s id="12">David Ali Sonboly, 18, shoots dead nine people at a Munich shopping mall before turning the gun on himself, having spent a year planning the rampage.</s> </p>
    <p id="18"><s id="13">Police say the German-Iranian was &quot;obsessed&quot; with mass murderers like Norwegian right-wing fanatic Anders Behring Breivik and had no links to the IS group.</s> </p>
    <p id="19"></p>
    <p id="20"></p>
    <p id="21"><s id="14">A 27-year-old failed Syrian asylum seeker blows himself up near an open-air music festival in the southern city of Ansbach, wounding 15 others.</s> </p>
    <p id="22"><s id="15">The Bavarian interior minister says the man had &quot;pledged allegiance&quot; to IS, while the jihadist-linked Amaq news agency says he is a &quot;soldier&quot; of the group.</s> </p>
    <p id="23"><s id="16">The asylum seeker, who was due to be deported to Bulgaria, had received treatment at a psychiatric hospital and was reported to have suicidal tendencies.</s> </p>
    <p id="24"></p>
    <p id="25"></p>
    <p id="26"><s id="17">Police say in October they foiled a plot by a Syrian refugee to bomb a Berlin airport, having initially wanted to target trains in Germany.</s> </p>
    <p id="27"><s id="18">When commandos raid the apartment of Jaber Albakr, they find 1.5 kilos (over three pounds) of TATP, the homemade explosive used by jihadists in deadly attacks in Paris and Brussels.</s> <s id="19">He commits suicide in prison.</s> </p>
    <p id="28"><s id="20">In late November, a German working in intelligence is exposed as &quot;a suspect Islamist&quot;, Germany's domestic security agency says, following reports he was planning an attack on its headquarters.</s> </p>
    <p id="29"><s id="21">And on December 16, German prosecutors say they are investigating a case in which a 12-year-old boy allegedly tried to detonate a home-made nail bomb at a Christmas market in the western city of Ludwigshafen.</s> </p>
    <p id="30"><s id="22">bur/fm-acm-jmy/txw</s> </p>
    <p id="31"></p>
  </content>
</article>
