<article>
  <headers>
    <dct>20160114T050651Z</dct>
    <title>Blasts heard in Indonesian capital, casualties seen: AFP</title>
    <dateline>Jakarta, Jan 14, 2016 (AFP) -</dateline>
    <credit>Agence France-Presse (AFP)</credit>
    <origin country="IDN" city="Jakarta" />
    <keywords>
      <keyword>unrest</keyword>
      <keyword>Indonesia</keyword>
    </keywords>
    <categories>
      <iptc>16000000</iptc>
      <iptc>16003000</iptc>
    </categories>
  </headers>
  <content>
    <p id="1"><s id="1">Several blasts were heard in the centre of the Indonesian capital Jakarta on Thursday, and casualties were seen lying on the ground, an AFP journalist said.</s> </p>
    <p id="2"><s id="2">A police post on a main street was damaged after six blasts were heard.</s> <s id="3">At least three casualties were seen lying on the street, according to an AFP journalist at the scene.</s> </p>
    <p id="3"><s id="4">Gunfire was ringing out in the area afterwards, the journalist said.</s> </p>
    <p id="4"><s id="5">sr/jah</s> </p>
  </content>
</article>
