<article>
  <headers>
    <dct>20160112T103940Z</dct>
    <title>Ten killed, 15 wounded in Istanbul blast: local authorities</title>
    <dateline>Istanbul, Jan 12, 2016 (AFP) -</dateline>
    <credit>Agence France-Presse (AFP)</credit>
    <origin country="TUR" city="Istanbul" />
    <keywords>
      <keyword>Turkey</keyword>
      <keyword>toll</keyword>
      <keyword>blast</keyword>
    </keywords>
    <categories>
      <iptc>16000000</iptc>
      <iptc infered="true">03014000</iptc>
    </categories>
  </headers>
  <content>
    <p id="1"><s id="1">Ten people were killed and 15 wounded Tuesday when a blast of unknown origin rocked the main tourist hub of Turkey's largest city Istanbul, the governor's office said.</s> </p>
    <p id="2"><s id="2">&quot;Investigations into the cause of the explosion, the type of explosion and perpetrator or perpetrators are underway,&quot; it said in a statement quoted by the Dogan news agency after the blast in the Sultanahmet neighbourhood.</s> </p>
    <p id="3"><s id="3">sjw/ri</s> </p>
  </content>
</article>
