<article>
  <headers>
    <dct>20160122T233032Z</dct>
    <title>Two reported dead in Canada school shooting</title>
    <dateline>Ottawa, Jan 22, 2016 (AFP) -</dateline>
    <credit>Agence France-Presse (AFP)</credit>
    <origin country="CAN" city="Ottawa" />
    <keywords>
      <keyword>Canada</keyword>
      <keyword>school</keyword>
      <keyword>shooting</keyword>
    </keywords>
    <categories>
      <iptc>05005000</iptc>
      <iptc>02003000</iptc>
      <iptc>05005003</iptc>
      <iptc>02003001</iptc>
      <iptc>05000000</iptc>
      <iptc>02000000</iptc>
      <iptc infered="true">15051000</iptc>
    </categories>
  </headers>
  <content>
    <p id="1"><s id="1">Shots rang out at a high school in Canada's western plains province of Saskatchewan on Friday, police said, reportedly leaving two people dead and others injured.</s> </p>
    <p id="2"><s id="2">The school in La Loche was on lockdown, and Royal Canadian Mounted Police urged parents to stay away while they responded to the &quot;ongoing serious incident.&quot;</s> </p>
    <p id="3"><s id="3">A nearby elementary school was also shuttered and students kept indoors &quot;as a precaution,&quot; a police spokeswoman told AFP.</s> </p>
    <p id="4"><s id="4">Canada's public broadcaster said two people had died in the remote northern town and several patients were being treated for gunshot wounds, while other local media said a suspect had been arrested at the scene.</s> </p>
    <p id="5"><s id="5">Police in the town of about 3,000 people, located about 600 kilometers (375 miles) north of Saskatoon, would not immediately confirm the reports.</s> </p>
    <p id="6"><s id="6">amc/sst</s> </p>
  </content>
</article>
