<article>
  <headers>
    <dct>20151120T093553Z</dct>
    <title>Shooting under way at Radisson hotel in Bamako: AFP</title>
    <dateline>Bamako, Nov 20, 2015 (AFP) -</dateline>
    <credit>Agence France-Presse (AFP)</credit>
    <origin country="MLI" city="Bamako" />
    <keywords>
      <keyword>Mali</keyword>
      <keyword>unrest</keyword>
    </keywords>
    <categories>
      <iptc>16000000</iptc>
      <iptc>16001000</iptc>
      <iptc>04000000</iptc>
      <iptc>04014000</iptc>
      <iptc>04014002</iptc>
    </categories>
  </headers>
  <content>
    <p id="1"><s id="1">Jihadists launched a shooting rampage in the Radisson Blu hotel in the centre of the Malian capital Bamako on Friday, security sources and an AFP journalist said.</s> </p>
    <p id="2"><s id="2">Automatic weapons fire could be heard from outside the 190-room hotel, where security forces have set up a security cordon.</s> </p>
    <p id="3"><s id="3">&quot;It's all happening on the seventh floor, jihadists are firing in the corridor,&quot; a security source told AFP.</s> </p>
    <p id="4"><s id="4">sd/cs/sba/txw/wdb</s> </p>
  </content>
</article>
