<article>
  <headers>
    <dct>20050707T105743Z</dct>
    <title>At least two people killed, many seriously injured in London blasts</title>
    <origin country="GBR" city="LONDR" />
    <keywords>
      <keyword>attacks</keyword>
      <keyword>Britain</keyword>
      <keyword>toll</keyword>
    </keywords>
    <categories>
      <iptc>04000000</iptc>
      <iptc>11999000</iptc>
      <iptc infered="true">16001000</iptc>
    </categories>
  </headers>
  <content>
    <p id="1"><s id="1">LONDON, July 7 (AFP) - At least two people were killed and many seriously injured in a series of six explosions blasts which rocked central London buses and stations on Thursday, police said.An explosion on an underground line near the Aldgate underground station in the heart of the capital left two people dead, a police spokesman said.</s> </p>
    <p id="2"><s id="2">A second spokesman told AFP that there were also &quot;many serious injuries.&quot;</s> </p>
    <p id="3"><s id="3">Five other blasts rocked underground lines and at least one bus in a morning of carnage just one day after London was named as the host of the 2012 Olympics.</s> </p>
    <p id="4"><s id="4">All underground and bus networks have been suspended.</s> </p>
    <p id="5"><s id="5">dmh/ns</s> </p>
  </content>
</article>
