<article>
  <headers>
    <dct>20170101T062548Z</dct>
    <title>Istanbul nightclub attack kills 39 in New Year carnage</title>
    <dateline>Istanbul, Jan 1, 2017 (AFP) -</dateline>
    <credit>Agence France-Presse (AFP)</credit>
    <origin country="TUR" city="Istanbul" />
    <keywords>
      <keyword>Turkey</keyword>
      <keyword>attack</keyword>
    </keywords>
    <categories>
      <iptc>16000000</iptc>
      <iptc>02001000</iptc>
      <iptc>11000000</iptc>
      <iptc>16001000</iptc>
      <iptc>16003000</iptc>
      <iptc>02000000</iptc>
      <iptc>01000000</iptc>
    </categories>
  </headers>
  <content>
    <p id="1"><s id="1">Thirty-nine people, including many foreigners, were killed when a gunman reportedly dressed as Santa Claus stormed an Istanbul nightclub as revellers were celebrating the New Year, the latest carnage to rock Turkey after a bloody 2016.</s> </p>
    <p id="2"><s id="2">The assailant shot dead a policeman and a civilian at the entrance to the Reina club, one of the city's most exclusive nightspots, and then went on a shooting rampage inside, Turkish officials said.</s> </p>
    <p id="3"><s id="3">Interior Minister Suleyman Soylu said the attacker escaped and was now the target of a major manhunt, expressing hope the suspect &quot;would be captured soon&quot;.</s> </p>
    <p id="4"><s id="4">Soylu said in televised comments that of 21 victims who have been identified so far, 16 are foreigners and five are Turks.</s> <s id="5">Another 69 people are being treated in hospital.</s> </p>
    <p id="5"><s id="6">&quot;The attacker -- in the most brutal and merciless way -- targeted innocent people who had only come here to celebrate the New Year and have fun,&quot; Istanbul governor Vasip Sahin said at the scene on the shores of the Bosphorus.</s> </p>
    <p id="6"><s id="7">Many revellers threw themselves into the water in panic and efforts were under way to rescue them, NTV television said.</s> </p>
    <p id="7"><s id="8">Dogan news agency said there were two gunmen dressed in Santa Claus outfits, although this has yet to be confirmed.</s> </p>
    <p id="8"><s id="9">Television pictures showed party-goers -- including men in suits and women in cocktail dresses -- emerging from the nightclub in a state of shock.</s> </p>
    <p id="9"><s id="10">Sahin said the attack began at 1:15 am Sunday (2215 GMT), just after hundreds of revellers had seen in 2017 at the club in the Ortakoy district on the European side of the city.</s> </p>
    <p id="10"><s id="11">&quot;What happened today is a terror attack,&quot; he said.</s> </p>
    <p id="11"><s id="12">Dogan reported that some witnesses claimed the assailants were &quot;speaking Arabic&quot; while NTV said special force police officers were still searching the club.</s> </p>
    <p id="12"><s id="13">There has been no claim of responsibility.</s> </p>
    <p id="13"><s id="14">The attack evoked memories of the November 2015 carnage in Paris when Islamic State jihadists went on a gun and bombing rampage on nightspots in the French capital, killing 130 people including 90 at the Bataclan concert hall.</s> </p>
    <p id="14"></p>
    <p id="15"></p>
    <p id="16"><s id="15">From Sydney to Paris, Rio to London, security had been boosted over fears that the New Year festivities could present a target for violent extremists.</s> </p>
    <p id="17"><s id="16">In Istanbul, at least 17,000 police officers were deployed and some, as is customary in Turkey, dressed themselves as Santa Claus as cover, according to television reports.</s> </p>
    <p id="18"><s id="17">&quot;Just as we were settling down, by the door there was a lot of dust and smoke.</s> <s id="18">Gunshots rang out.</s> <s id="19">When those sounds were heard, many girls fainted,&quot; professional footballer Sefa Boydas told AFP.</s> </p>
    <p id="19"><s id="20">&quot;They say 35 to 40 died but it's probably more because when I was walking, people were walking on top of people.&quot;</s> </p>
    <p id="20"><s id="21">Dogan said there were at least 700 revellers at the elite club, where getting past the bouncers who seek out only the best dressed is notoriously hard.</s> </p>
    <p id="21"><s id="22">Turkey has been hit by a wave of attacks blamed on Kurdish militants and IS jihadists and 2016 saw more attacks than any other year in the history of the country.</s> </p>
    <p id="22"><s id="23">On December 10, 44 people were killed in a double bombing in Istanbul after a football match hosted by top side Besiktas, an attack claimed by the Kurdistan Freedom Falcons (TAK) seen as a radical offshoot of the outlawed PKK rebel group.</s> </p>
    <p id="23"><s id="24">In June, 47 people were killed in a triple suicide bombing and gun attack at Istanbul's Ataturk airport, with authorities blaming IS.</s> </p>
    <p id="24"><s id="25">And in one of the most brazen strikes, an off-duty policeman assassinated Russia's ambassador to Turkey in an Ankara art gallery less than two weeks ago.</s> </p>
    <p id="25"></p>
    <p id="26"></p>
    <p id="27"><s id="26">&quot;No terror attack will destroy our unity, or eradicate our fraternity or weaken Turkey's effective fight against terror,&quot; Justice Minister Bekir Bozdag wrote on Twitter.</s> </p>
    <p id="28"><s id="27">Mainly Muslin Turkey's religious affairs agency Diyanet condemned the attack, saying the fact it took place in a nightclub &quot;was no different to it being in a market or place of worship&quot;.</s> </p>
    <p id="29"><s id="28">Turkey is still reeling from a failed July coup blamed by the government on the US-based Islamic preacher Fethullah Gulen that has been followed by a relentless purge of his alleged supporters from state institutions.</s> </p>
    <p id="30"><s id="29">&quot;Tragic start to 2017 in Istanbul,&quot; NATO Secretary General Jens Stoltenberg wrote on Twitter.</s> </p>
    <p id="31"><s id="30">The White House condemned the &quot;savagery&quot; of the attack, with National Security Council spokesman Ned Price saying that Washington reaffirmed its support for its NATO ally &quot;in our shared determination to confront and defeat all forms of terrorism&quot;.</s> </p>
    <p id="32"><s id="31">The US embassy warned citizens that extremist groups are continuing &quot;aggressive efforts to conduct attacks in areas where US citizens and expatriates reside or frequent.&quot;</s> </p>
    <p id="33"><s id="32">Turkish President Recep Tayyip Erdogan, who is in Istanbul for the New Year, had been informed of the attack, local media said.</s> </p>
    <p id="34"><s id="33">The shooting spree came as the Turkish army wages a four-month incursion in Syria to oust IS jihadists and Kurdish militants from the border area, suffering increasing casualties.</s> </p>
    <p id="35"><s id="34">As is customary after such attacks in Turkey, the authorities slapped a broadcast ban on images from the incident.</s> </p>
    <p id="36"><s id="35">raz-sjw/txw</s> </p>
    <p id="37"><s id="36">BESIKTAS FUTBOL</s> </p>
    <p id="38"></p>
  </content>
</article>
