<article>
  <headers>
    <dct>20150822T210135Z</dct>
    <title>Seven killed at British airshow as jet crashes into road</title>
    <dateline>Shoreham-by-Sea, United Kingdom, Aug 22, 2015 (AFP) -</dateline>
    <credit>Agence France-Presse (AFP)</credit>
    <origin country="GBR" city="Shoreham-by-Sea" />
    <keywords>
      <keyword>Britain</keyword>
      <keyword>air</keyword>
      <keyword>accident</keyword>
    </keywords>
    <categories>
      <iptc>03013000</iptc>
      <iptc>03010000</iptc>
      <iptc>03000000</iptc>
      <iptc>03010003</iptc>
      <iptc>01000000</iptc>
    </categories>
  </headers>
  <content>
    <p id="1"><s id="1">Seven people were killed Saturday at an airshow on the English seaside when a military jet failed to pull up out of a loop and crashed into a busy road.</s> </p>
    <p id="2"><s id="2">The historic Hawker Hunter aircraft, taking part in the Shoreham Airshow on the southeast coast, hit several cars, creating a fireball and sending thick black smoke billowing into the sky.</s> </p>
    <p id="3"><s id="3">Footage of the crash showed the jet carrying out a loop manoeuvre high in the air.</s> <s id="4">The plane banked up steeply, turned over but did not complete the loop in time to avoid hitting the ground.</s> <s id="5">The jet ploughed into bushes by the roadside.</s> </p>
    <p id="4"><s id="6">The pilot did not appear to deploy the ejector seat.</s> </p>
    <p id="5"><s id="7">The South East Coast Ambulance Service confirmed the death toll.</s> </p>
    <p id="6"><s id="8">&quot;SECAMB confirm seven fatalities from the crash at the Shoreham air show today.</s> <s id="9">Thoughts are with the families and loved ones,&quot; the emergency service said on Twitter.</s> </p>
    <p id="7"><s id="10">West Sussex Police said one casualty was in hospital with serious, life-threatening injuries, while a further 14 were being treated for minor injuries.</s> </p>
    <p id="8"><s id="11">The crash happened at around 1:20pm (1220 GMT).</s> <s id="12">The plane hit the A27, a major road that runs along England's southeast coast.</s> </p>
    <p id="9"><s id="13">Eyewitness Chris Watkins told the BBC: &quot;The Hunter came across the airfield, did a turn behind us and as it swooped down to do its run across the airfield it just ploughed straight in to the road and the trees.&quot;</s> </p>
    <p id="10"></p>
    <p id="11"></p>
    <p id="12"><s id="14">Stephen Jones added: &quot;He made a quick pass along the crowd line and pulled up into a loop and as he came out of it, I thought, 'this is wrong, you're too low, you're not going to make this.'</s> </p>
    <p id="13"><s id="15">&quot;He just disappeared behind some low trees at the edge of the airfield and then there was a huge explosion.&quot;</s> </p>
    <p id="14"><s id="16">Gairo Gomez, who works nearby, said the whole building shook.</s> </p>
    <p id="15"><s id="17">&quot;I saw the plane going down,&quot; he added.</s> <s id="18">&quot;I heard a huge bang and the glass was shaking and the doors were banging, the whole building was shaking.&quot;</s> </p>
    <p id="16"><s id="19">Visitors to the site were kept at the airfield until around 7:00pm (1800 GMT).</s> <s id="20">The second day of the airshow on Sunday has been cancelled.</s> </p>
    <p id="17"><s id="21">Pictures from the scene showed police had cordoned off the four-lane dual carriageway road, with ambulances and fire crews and emergency service helicopters in attendance.</s> <s id="22">Debris was visible across the road.</s> </p>
    <p id="18"><s id="23">Tim Loughton, the area's representative in parliament, drove past the airshow entrance a few minutes before the crash.</s> </p>
    <p id="19"><s id="24">&quot;There was about a couple of hundred yards (metres) of cars queueing at the entrance to get in as well as stewards and some spectators sitting by the roadside,&quot; he said.</s> </p>
    <p id="20"><s id="25">The MP said given the numbers attending the airshow, &quot;thank God that the aircraft did not hit a larger crowd&quot;.</s> </p>
    <p id="21"><s id="26">&quot;It's horrific.</s> <s id="27">It is a horrendous crash.&quot;</s> </p>
    <p id="22"><s id="28">Prime Minister David Cameron sent his condolences to the families of those who died.</s> </p>
    <p id="23"><s id="29">A Downing Street spokesman said: &quot;The prime minister sends his heartfelt condolences to the families of the people who were so tragically killed after a jet crashed into several vehicles in West Sussex.</s> </p>
    <p id="24"><s id="30">&quot;The prime minister's thoughts and prayers are with the families and friends of the victims.&quot;</s> </p>
    <p id="25"><s id="31">rjm/gj</s> </p>
  </content>
</article>
