<article>
  <headers>
    <dct>20160717T173314Z</dct>
    <title>Several US police officers shot in Baton Rouge: police</title>
    <dateline>Washington, July 17, 2016 (AFP) -</dateline>
    <credit>Agence France-Presse (AFP)</credit>
    <origin country="USA" city="Washington" />
    <keywords>
      <keyword>BatonRouge</keyword>
      <keyword>shooting</keyword>
      <keyword>US</keyword>
    </keywords>
    <categories>
      <iptc>02001000</iptc>
      <iptc>02003000</iptc>
      <iptc>02003001</iptc>
      <iptc>02000000</iptc>
      <iptc infered="true">15051000</iptc>
    </categories>
  </headers>
  <content>
    <p id="1"><s id="1">At least three police officers were shot in Louisiana on Sunday, officials said.</s> </p>
    <p id="2"><s id="2">&quot;Several officers were struck by gunfire,&quot; Baton Rouge police spokesman Don Coppola told local television station WAFB.</s> </p>
    <p id="3"><s id="3">&quot;There are three they are describing as very seriously ill,&quot; Baton Rouge Mayor Kip Holden told the station, adding that more details will be forthcoming.</s> </p>
    <p id="4"><s id="4">The station aired video footage of police responding to the scene in Baton Rouge.</s> <s id="5">Multiple shots could be heard as civilian cars quickly backed away.</s> </p>
    <p id="5"><s id="6">CNN reported a local source as saying at least seven officers were shot and three are feared dead.</s> <s id="7">Some of the others are reported to be in critical condition, the station said.</s> </p>
    <p id="6"><s id="8">The shooting appeared to be carried out by a lone gunman carrying an assault rifle, local media reported.</s> </p>
    <p id="7"><s id="9">&quot;We think that the situation has been contained,&quot; Coppola said.</s> </p>
    <p id="8"><s id="10">Police arrested more than 100 protesters taking part in a demonstration against police brutality in Baton Rouge last week.</s> </p>
    <p id="9"></p>
    <p id="10"><s id="11">grf/bbk</s> </p>
  </content>
</article>
