<article>
  <headers>
    <dct>20160209T084552Z</dct>
    <title>Several injured in train crash in Germany</title>
    <dateline>Berlin, Feb 9, 2016 (AFP) -</dateline>
    <credit>Agence France-Presse (AFP)</credit>
    <origin country="DEU" city="Berlin" />
    <keywords>
      <keyword>rail</keyword>
      <keyword>transport</keyword>
      <keyword>Germany</keyword>
      <keyword>accident</keyword>
    </keywords>
    <categories>
      <iptc>03013000</iptc>
      <iptc>03010000</iptc>
      <iptc>03000000</iptc>
      <iptc>03010002</iptc>
      <iptc infered="true">04015000</iptc>
      <iptc infered="true">04015002</iptc>
    </categories>
  </headers>
  <content>
    <p id="1"><s id="1">Two trains collided in southern Germany on Tuesday, leaving eight people seriously injured, police said.</s> </p>
    <p id="2"><s id="2">&quot;According to the latest information, there are eight people with serious injuries&quot; and &quot;several&quot; with minor injuries, Stefan Sonntag, a police spokesman in the southern town of Rosenheim, told AFP.</s> </p>
    <p id="3"><s id="3">&quot;We are not aware of any deaths,&quot; he added.</s> </p>
    <p id="4"><s id="4">The eight serious casualties were airlifted to hospital by helicopter, while ambulances transported the rest, he said.</s> </p>
    <p id="5"><s id="5">The cause of the accident near Bad Aibling, around 60 kilometres (40 miles) southeast of Munich, is not yet clear.</s> </p>
    <p id="6"><s id="6">bur-dsa/ylf/pdw/ric</s> </p>
  </content>
</article>
