<article>
  <headers>
    <dct>20150917T221234Z</dct>
    <title>Chile recovers from quake 'nightmare', 11 dead so far</title>
    <dateline>Illapel, Chile, Sept 17, 2015 (AFP) -</dateline>
    <credit>Agence France-Presse (AFP)</credit>
    <origin country="CHL" city="Illapel" />
    <keywords>
      <keyword>quake</keyword>
      <keyword>Chile</keyword>
    </keywords>
    <categories>
      <iptc>03015001</iptc>
      <iptc>03000000</iptc>
      <iptc>03002000</iptc>
    </categories>
  </headers>
  <content>
    <p id="1"><s id="1">Rattled Chileans recounted a night of terrifying aftershocks on Thursday after a powerful quake struck offshore, killing at least 11 and triggering tsunami waves that ravaged stretches of the coast.</s> </p>
    <p id="2"><s id="2">The 8.3-magnitude earthquake on Wednesday evening was the sixth most powerful in the history of geologically volatile Chile and the strongest anywhere in the world this year, officials said.</s> </p>
    <p id="3"><s id="3">Close to one million people were evacuated from Pacific coastal areas as a precaution as Chile sounded a tsunami alert, with warnings issued as far away as Japan and New Zealand.</s> </p>
    <p id="4"><s id="4">Residents took refuge on high ground as aftershocks jolted the region all night and into Thursday.</s> </p>
    <p id="5"><s id="5">&quot;It was a nightmare,&quot; Maria Ramirez told AFP as she swept up debris outside her house in the badly-hit coastal town of Illapel.</s> </p>
    <p id="6"><s id="6">&quot;We felt the tremors for a long time, too long.</s> <s id="7">And then all the aftershocks -- it was terrible,&quot; she said.</s> <s id="8">&quot;I couldn't stay standing, but luckily we made it out alive.&quot;</s> </p>
    <p id="7"><s id="9">The quake occurred at a shallow depth, and the epicenter was located 228 kilometers (about 140 miles) north of the capital Santiago, a city of 6.6 million people, where there were scenes of pandemonium as thousands fled swaying buildings.</s> </p>
    <p id="8"><s id="10">In the hours that followed, tsunami waves of up to 4.5 meters (15 feet) came crashing onshore in the region of Coquimbo, 400 kilometers north of Santiago, causing extensive damage to the port itself.</s> </p>
    <p id="9"><s id="11">The fishing village of Tongoy was among the worst-hit, with television footage showing entire seafront areas destroyed.</s> <s id="12">Two-meter waves also struck the tourist port of Valparaiso.</s> </p>
    <p id="10"></p>
    <p id="11"></p>
    <p id="12"><s id="13">President Michelle Bachelet headed to the quake-hit area Thursday to assess the relief effort.</s> </p>
    <p id="13"><s id="14">&quot;We know this is a very difficult situation,&quot; Bachelet said after meeting with a group of local fishermen in Coquimbo.</s> </p>
    <p id="14"><s id="15">&quot;But we wish to salute the enormous cooperation of the population which ensured that -- despite the scale of this earthquake -- there are thankfully few victims.&quot;</s> </p>
    <p id="15"><s id="16">The most recent toll from the quake stood at 11 dead, with nine others injured, according to National Emergency Office (ONEMI) director Ricardo Toro.</s> </p>
    <p id="16"><s id="17">The last known victim was a man killed in Coquimbo.</s> </p>
    <p id="17"><s id="18">At least 526 homes were damaged in the quake, most of them in the Coquimbo region, according to the ONEMI.</s> <s id="19">A state of emergency was declared in the area, Interior Minister Jorge Burgos said.</s> </p>
    <p id="18"><s id="20">Chile lies on what is known as the &quot;Ring of Fire&quot; -- an arc of fault lines that circles the Pacific Basin and is prone to frequent earthquakes and volcanic eruptions.</s> </p>
    <p id="19"><s id="21">Five years ago in February 2010, an 8.8-magnitude quake off the southern Chilean coast killed more than 500 people and inflicted an estimated $30 billion in damages.</s> </p>
    <p id="20"><s id="22">The Hawaii-based Pacific Tsunami Warning Center said tsunami waves were possible this time in French Polynesia, Hawaii and California, as well as smaller waves as far afield as Japan and New Zealand.</s> </p>
    <p id="21"><s id="23">Japan Meteo agency issued a tsunami advisory -- though not an alert -- saying a wave up to one meter high could reach the entire east coast of Japan, from Hokkaido in the north to Okinawa in the south, early Friday.</s> </p>
    <p id="22"><s id="24">The agency asked people to stay away from the coast, warning that a larger wave could follow the first.</s> </p>
    <p id="23"></p>
    <p id="24"></p>
    <p id="25"><s id="25">In Illapel, a city of 30,000, daybreak revealed the damage done, with power knocked out, shacks destroyed, store shelves overturned and the local cemetery a chaos of broken crosses, vases and coffins.</s> </p>
    <p id="26"><s id="26">&quot;It was the most horrific moment, a terrible thing,&quot; local resident Ana Cortes, 35, told AFP. &quot;Everything just kept moving, for the longest time.&quot;</s> </p>
    <p id="27"><s id="27">Facebook said it had activated a geolocation tool allowing people in Chile to reassure friends and loved ones.</s> </p>
    <p id="28"><s id="28">The Safety Check tool is accessed through Facebook's regular interface, and lets members check whether their contacts are in a disaster zone, signal their own presence and let others know they are safe and well.</s> </p>
    <p id="29"><s id="29">bur-ec/sst</s> </p>
    <p id="30"></p>
    <p id="31"></p>
  </content>
</article>
