<article>
  <headers>
    <dct>20161219T212622Z</dct>
    <title>Envoy killing aimed at Russia-Turkey ties, Syria peace efforts: Putin</title>
    <dateline>Moscow, Dec 19, 2016 (AFP) -</dateline>
    <credit>Agence France-Presse (AFP)</credit>
    <origin country="RUS" city="Moscow" />
    <keywords>
      <keyword>Turkey</keyword>
      <keyword>ambassador</keyword>
      <keyword>shooting</keyword>
      <keyword>Putin</keyword>
      <keyword>Russia</keyword>
    </keywords>
    <categories>
      <iptc>16000000</iptc>
      <iptc>11002000</iptc>
      <iptc>11000000</iptc>
      <iptc>11014000</iptc>
      <iptc infered="true">15051000</iptc>
    </categories>
  </headers>
  <content>
    <p id="1"><s id="1">President Vladimir Putin on Monday called the killing of Russia's ambassador in Turkey a &quot;provocation&quot; aimed at sabotaging warming ties between Moscow and Ankara and efforts to resolve the conflict in Syria.</s> </p>
    <p id="2"><s id="2">&quot;The crime that was committed is without doubt a provocation aimed at disrupting the normalisation of Russian-Turkish relations and disrupting the peace process in Syria that is being actively advanced by Russia, Turkey and Iran,&quot; Putin said in televised comments.</s> </p>
    <p id="3"><s id="3">&quot;There can be only one answer to this -- stepping up the fight against terrorism, and the bandits will feel this,&quot; he said at a meeting with Russia's foreign minister and the heads of the overseas and domestic intelligence agencies.</s> </p>
    <p id="4"><s id="4">The Kremlin strongman said that Moscow was sending investigators to Ankara to probe the killing after Turkish President Recep Tayyip Erdogan gave the green light in a phone call.</s> </p>
    <p id="5"><s id="5">&quot;We have to know who directed the hand of the killer,&quot; Putin said.</s> </p>
    <p id="6"><s id="6">Russian ambassador Andrei Karlov was shot dead Monday at an art exhibition opening in Ankara by a Turkish policeman crying &quot;Aleppo&quot; and &quot;Allahu Akbar&quot;, in what Moscow termed a &quot;terrorist act&quot;.</s> </p>
    <p id="7"><s id="7">The incident came after days of protests in Turkey over Russia's role in Syria, although Moscow and Ankara are now working closely together to evacuate citizens from the battered city of Aleppo.</s> </p>
    <p id="8"><s id="8">The foreign and defence ministers from Russia, Turkey and Iran are set to meet Tuesday in Moscow for key talks on Syria.</s> </p>
    <p id="9"><s id="9">Turkey and Russia saw relations plunge last year when a Turkish jet shot down a Russian war plane over Syria.</s> </p>
    <p id="10"><s id="10">The two countries stand on opposite sides of the Syria conflict with Ankara backing rebels trying to topple Moscow ally President Bashar al-Assad.</s> </p>
    <p id="11"><s id="11">But Putin and Erdogan have managed to mend ties since patching up their bitter seven-month dispute over the jet downing earlier this year.</s> </p>
    <p id="12"><s id="12">del/pvh</s> </p>
    <p id="13"></p>
  </content>
</article>
