<article>
  <headers>
    <dct>20160623T170845Z</dct>
    <title>Armed man storms German cinema, several hurt: reports</title>
    <dateline>Frankfurt, June 23, 2016 (AFP) -</dateline>
    <credit>Agence France-Presse (AFP)</credit>
    <origin country="DEU" city="Frankfurt" />
    <keywords>
      <keyword>crime</keyword>
      <keyword>Germany</keyword>
    </keywords>
    <categories>
      <iptc>02001000</iptc>
      <iptc>02000000</iptc>
    </categories>
  </headers>
  <content>
    <p id="1"><s id="1">A masked and armed man stormed a German multiplex cinema Thursday and several people were hurt, according to unconfirmed media reports.</s> </p>
    <p id="2"><s id="2">The daily Bild said at least 25 people were injured, possibly by tear gas in a police operation, at the cinema in the western town of Viernheim.</s> </p>
    <p id="3"><s id="3">Witnesses said they heard shots but it was not immediately clear whether they were live rounds or blanks.</s> <s id="4">Local media said the assailant was later shot and killed by police.</s> </p>
    <p id="4"><s id="5">A police spokesman declined to comment in detail, speaking only of an &quot;unclear threat situation&quot;.</s> </p>
    <p id="5"><s id="6">The daily Frankfurter Allgemeine Zeitung said that the man had entered the cinema around 3:00 pm (1300 GMT) and barricaded himself inside as terrified cinema-goers fled.</s> </p>
    <p id="6"><s id="7">The area was cordoned off and special police forces were dispatched to the scene, television images showed.</s> </p>
    <p id="7"><s id="8">bur-dlc/ri</s> </p>
  </content>
</article>
