<article>
  <headers>
    <dct>20141216T143110Z</dct>
    <title>Pakistan school attack over, all militants dead: police</title>
    <dateline>PESHAWAR, Pakistan, Dec 16, 2014 (AFP) -</dateline>
    <credit>Agence France-Presse (AFP)</credit>
    <origin country="PAK" city="Peshawar" />
    <keywords>
      <keyword>Pakistan</keyword>
      <keyword>school</keyword>
      <keyword>unrest</keyword>
      <keyword>end</keyword>
    </keywords>
    <categories>
      <iptc>16000000</iptc>
      <iptc infered="true">05005000</iptc>
    </categories>
  </headers>
  <content>
    <p id="1"><s id="1">A bloody Taliban raid on an army-run school in northwest Pakistan has ended, police said Tuesday, with all six attackers dead.</s> </p>
    <p id="2"><s id="2">The assault on the school in the city of Peshawar killed at least 130 people, most of them students, according to officials.</s> </p>
    <p id="3"><s id="3">&quot;The combat operation is over, the security personnel are carrying out clearance operation and hopefully they will clear the building in a while,&quot; police official Abdullah Khan told AFP.</s> </p>
    <p id="4"><s id="4">&quot;Dead bodies of six terrorists have been found in the building.&quot;</s> </p>
    <p id="5"><s id="5">Senior police official Shafqat Malik confirmed the combat phase of the response was over, while chief army spokesman General Asim Bajwa said on Twitter that the operation was &quot;closing up&quot;.</s> </p>
    <p id="6"><s id="6">Bajwa said explosive devices planted in school buildings by the militants were slowing clearance efforts.</s> </p>
    <p id="7"><s id="7">Special forces soldiers had rescued more than a dozen staff and students, Bajwa said.</s> </p>
    <p id="8"><s id="8">ks-ga/pdw/sm</s> </p>
    <p id="9"></p>
  </content>
</article>
