<article>
  <headers>
    <dct>20150630T124703Z</dct>
    <title>113 people were on board crashed Indonesian military plane: air force</title>
    <dateline>Medan, Indonesia, June 30, 2015 (AFP) -</dateline>
    <credit>Agence France-Presse (AFP)</credit>
    <origin country="IDN" city="Medan" />
    <keywords>
      <keyword>military</keyword>
      <keyword>air</keyword>
      <keyword>toll</keyword>
      <keyword>accident</keyword>
      <keyword>Indonesia</keyword>
    </keywords>
    <categories>
      <iptc>04015001</iptc>
      <iptc>03013000</iptc>
      <iptc>04015000</iptc>
      <iptc>11006000</iptc>
      <iptc>11000000</iptc>
      <iptc>11001004</iptc>
      <iptc>04000000</iptc>
      <iptc>03000000</iptc>
      <iptc>11001000</iptc>
    </categories>
  </headers>
  <content>
    <p id="1"><s id="1">A total of 113 people were on board an Indonesian air force transport plane that crashed Tuesday into a major city on Sumatra island, the country's air force chief said.</s> </p>
    <p id="2"><s id="2">There were 12 crew and 101 passengers on the Hercules C-130 when it went down and burst into flames in Medan city, Agus Supriatna told Indonesian television station MetroTV.</s> <s id="3">Authorities have previously given the death toll as at least 45.</s> </p>
    <p id="3"><s id="4">olr-sr/fa</s> </p>
  </content>
</article>
