<article>
  <headers>
    <dct>20161219T202537Z</dct>
    <title>Andrei Karlov: veteran Russian diplomat killed in Turkey</title>
    <dateline>Moscow, Dec 19, 2016 (AFP) -</dateline>
    <credit>Agence France-Presse (AFP)</credit>
    <origin country="RUS" city="Moscow" />
    <keywords>
      <keyword>Karlov</keyword>
      <keyword>Turkey</keyword>
      <keyword>ambassador</keyword>
      <keyword>shooting</keyword>
      <keyword>Russia</keyword>
    </keywords>
    <categories>
      <iptc>16000000</iptc>
      <iptc>11002000</iptc>
      <iptc>11000000</iptc>
      <iptc>11014000</iptc>
      <iptc infered="true">15051000</iptc>
    </categories>
  </headers>
  <content>
    <p id="1"><s id="1">Russia's ambassador to Turkey Andrei Karlov, killed Monday in a gun attack, was a veteran career diplomat who helped weather rocky ties between Moscow and Ankara.</s> </p>
    <p id="2"><s id="2">Karlov, 62, was appointed Russia's envoy in the Turkish capital in 2013 at a time when Moscow and Ankara were pushing to boost trade ties despite deep differences over the conflict in Syria.</s> </p>
    <p id="3"><s id="3">The two sides fell out dramatically in November 2015 when a Turkish fighter jet shot down a Russian warplane along the Syrian border in an attack Moscow described as a &quot;stab in the back&quot;.</s> </p>
    <p id="4"><s id="4">But after some seven months leaders Vladimir Putin and Recep Tayyip Erdogan began mending their differences and recently pushed negotiations over the fighting in Syria's Aleppo.</s> </p>
    <p id="5"><s id="5">Russia's foreign ministry spokeswoman Maria Zakharova described Karlov's killing as a &quot;tragic day in the history of our country and our diplomatic service&quot;.</s> </p>
    <p id="6"><s id="6">&quot;He did everything to help overcome the crisis in Russian-Turkish relations which was sparked a year ago by those tragic events,&quot; Zakharova said.</s> </p>
    <p id="7"><s id="7">She added that Karlov had &quot;in recent years focused a huge amount of his efforts on contributing to finding a resolution in Syria and stability in the region.&quot;</s> </p>
    <p id="8"><s id="8">Karlov's killer -- identified as a Turkish policeman -- was filmed crying out &quot;Aleppo&quot; and &quot;Allahu Akbar&quot; after gunning down the ambassador at the opening of an art gallery in Ankara, in what Moscow termed a &quot;terrorist act&quot;.</s> </p>
    <p id="9"><s id="9">Russia is currently flying a bombing campaign in support of Syrian leader Bashar al-Assad, while Turkey has supported those trying to topple him.</s> </p>
    <p id="10"><s id="10">The foreign and defence ministers from Russia, Turkey and Iran are set to hold talks on Syria on Tuesday in Moscow.</s> </p>
    <p id="11"><s id="11">Prior to serving in Ankara, the bespectacled Karlov spent a large chunk of his career -- which stretched back to the Soviet period -- working on the volatile Korean Peninsula.</s> </p>
    <p id="12"><s id="12">The married father-of-one -- who spoke Korean and English -- served in the Russian embassies in both North and South Korea, before later returning to Pyongyang as Moscow's ambassador to the isolated Stalinist state from 2001-2006.</s> </p>
    <p id="13"><s id="13">Russia is one of the few countries to have relatively warm relations with North Korea.</s> </p>
    <p id="14"><s id="14">del/pvh</s> </p>
    <p id="15"></p>
  </content>
</article>
