<article>
  <headers>
    <dct>20120718T144709Z</dct>
    <title>Syria troops shell Damascus areas as fighting rages</title>
    <dateline>DAMASCUS, July 18, 2012 (AFP) -</dateline>
    <credit>Agence France-Presse (AFP)</credit>
    <origin country="SYR" city="DAMASCUS" />
    <keywords>
      <keyword>clashes</keyword>
      <keyword>Syria</keyword>
      <keyword>conflict</keyword>
    </keywords>
    <categories>
      <iptc>16010000</iptc>
    </categories>
  </headers>
  <content>
    <p id="1"><s id="1">Syrian troops shelled the Damascus neighbourhoods of Qaboon and Barzeh on Wednesday as fighting raged with rebels in other parts of the capital, militants said.</s> </p>
    <p id="2"><s id="2">The violence came as as a bodyguard reportedly blew himself up at a meeting of senior officials, killing Syria's defence minister, the brother-in-law of President Bashar al-Assad and the general who headed a crisis cell.</s> </p>
    <p id="3"><s id="3">&quot;Qaboon is surrounded by tanks, and regime forces are shelling the quarter from all sides,&quot; the anti-regime Union of Coordinators of the Syrian Revolution said on its Facebook page.</s> </p>
    <p id="4"><s id="4">Both neighbourhoods were also being pounded by helicopter gunships, according to the Syrian Observatory for Human Rights and the Local Coordination Committees (LCC).</s> </p>
    <p id="5"><s id="5">All access roads into Qaboon were reported to have been blocked by troops and security agents.</s> </p>
    <p id="6"><s id="6">Meanwhile, troops and rebels of the Free Syrian Army (FSA) were fighting in the Al-Midan and Kfar Sousa districts, according to the Britain-based Observatory.</s> </p>
    <p id="7"><s id="7">On Wednesday morning, columns of black smoke rose over the capital after the city was struck by another night of clashes between rebels and forces loyal to Assad.</s> </p>
    <p id="8"><s id="8">The LCC, which organises anti-regime protests, reported fighting in several districts of the city.</s> </p>
    <p id="9"><s id="9">It also said there was far less traffic than normal in the city where fighting has raged since Sunday, with the rebels announcing an offensive dubbed &quot;Operation Damascus Volcano.&quot;</s> </p>
    <p id="10"><s id="10">Regime forces and rebels clashed at dawn in Al-Midan and Zahira districts, as well as at Assali south of the city, the LCC said.</s> <s id="11">It also reported loud explosions in the western suburb of Mashrou-Dumar.</s> </p>
    <p id="11"><s id="12">Outside the capital at Jdaidet Artuz, but still in Damascus province, blasts and the sound of gunfire could be heard in the area, where electricity supplies had been cut off.</s> </p>
    <p id="12"><s id="13">Northwest of the city near the border with Lebanon, regime forces bombarded the town of Zabadani, the LCC said.</s> </p>
    <p id="13"><s id="14">In Homs province of central Syria, heavy weaponry was used to pound Tal Kalakh and several district of Homs city itself, including Khaldiyeh, Qarabis and Juret al-Shiyah, the Observatory said.</s> </p>
    <p id="14"><s id="15">It also reported dawn clashes in the Lahedin district of the country's second city, Aleppo, in the north.</s> </p>
    <p id="15"><s id="16">On Tuesday, rebel forces said the battle to &quot;liberate&quot; Damascus had begun, as heavy fighting raged across the city with the regime using helicopter gunships in the capital for the first time.</s> </p>
    <p id="16"><s id="17">The Observatory said at least 93 people were killed nationwide on Tuesday -- among them 48 civilians.</s> </p>
    <p id="17"><s id="18">rm/al/hc</s> </p>
  </content>
</article>
