<article>
  <headers>
    <type>chronology</type>
    <dct>20160824T113034Z</dct>
    <dateline>Rome, Aug 24, 2016 (AFP) -</dateline>
    <credit>Agence France-Presse (AFP)</credit>
    <title>Italy's deadliest quakes of the last 30 years</title>
    <origin country="ITA" city="Rome" />
    <keywords>
      <keyword>quake</keyword>
      <keyword>Italy</keyword>
    </keywords>
    <categories>
      <iptc>03015001</iptc>
      <iptc>03002000</iptc>
      <iptc>03000000</iptc>
    </categories>
  </headers>
  <content>
    <p id="1"><s id="1">At least 18 people were killed and dozens more injured or missing after a powerful earthquake struck central Italy early Wednesday.</s> </p>
    <p id="2"><s id="2">Here are the country's most deadly quakes over the past 30 years:</s> </p>
    <p id="3"></p>
    <p id="4"><s id="3">- August 24, 2016: A 6.2 magnitude quake hits mountain villages in a remote area straddling the regions of Umbria, Marche and Lazio.</s> <s id="4">At least 18 people are killed.</s> </p>
    <p id="5"></p>
    <p id="6"><s id="5">- May 2012: Two violent shocks 10 days apart leave 23 people dead and 14,000 others homeless in the northern Emilia Romagna region.</s> </p>
    <p id="7"></p>
    <p id="8"><s id="6">- April 6, 2009: An earthquake rattles central Italy leaving 309 people dead, around 65,000 homeless and toppling priceless churches and monuments.</s> <s id="7">L'Aquila, the capital of the mountainous region of the Abruzzo, bears the brunt of the disaster.</s> </p>
    <p id="9"></p>
    <p id="10"><s id="8">- October 31, 2002: Thirty people are killed and 61 injured when the village of San Giuliano di Puglia in the central eastern region of Molise is hit by a violent earthquake.</s> <s id="9">Twenty-seven children and their teacher are crushed under their schoolhouse in the tiny mediaeval village.</s> </p>
    <p id="11"></p>
    <p id="12"><s id="10">- September 6, 2002: An earthquake kills two in Palermo, Sicily.</s> </p>
    <p id="13"></p>
    <p id="14"><s id="11">- July 17, 2001: At least three people are killed in an earthquake in Alto Adige, near Bolzano in northern Italy.</s> </p>
    <p id="15"></p>
    <p id="16"><s id="12">- September 26 and October 3, 1997: Two earthquakes shake Umbria in central Italy and Marche in the east within the space of a week.</s> <s id="13">Twelve people are killed, more than 110 injured and 38,000 left homeless.</s> <s id="14">The quakes damage several historic buildings, including the basilica of Saint Francis of Assisi.</s> </p>
    <p id="17"></p>
    <p id="18"><s id="15">- December 13, 1990: An earthquake hits Sicily, killing 17 and injuring 200.</s> </p>
    <p id="19"><s id="16">On May 5 the same year, four people are killed in a quake in the southern region of Basilicate.</s> </p>
    <p id="20"></p>
    <p id="21"><s id="17">- The deadliest quakes ever to have hit Italy were on December 28, 1908, in Reggio di Calabria and neighbouring Sicily which killed around 95,000 and on January 13, 1915, in the town of Avezzano, in Abruzzo, killing 30,000.</s> </p>
    <p id="22"><s id="18">On November 23, 1980, a strong earthquake in the southern Campania and Basilicate regions killed more than 2,900.</s> </p>
    <p id="23"><s id="19">burs-tm/txw</s> </p>
    <p id="24"></p>
  </content>
</article>
