<article>
  <headers>
    <dct>20150630T130255Z</dct>
    <title>113 people on crashed Indonesian military plane feared dead: air force</title>
    <dateline>Medan, Indonesia, June 30, 2015 (AFP) -</dateline>
    <credit>Agence France-Presse (AFP)</credit>
    <origin country="IDN" city="Medan" />
    <keywords>
      <keyword>military</keyword>
      <keyword>air</keyword>
      <keyword>toll</keyword>
      <keyword>accident</keyword>
      <keyword>Indonesia</keyword>
    </keywords>
    <categories>
      <iptc>04015001</iptc>
      <iptc>03013000</iptc>
      <iptc>04015000</iptc>
      <iptc>11006000</iptc>
      <iptc>11000000</iptc>
      <iptc>11001004</iptc>
      <iptc>04000000</iptc>
      <iptc>03000000</iptc>
      <iptc>11001000</iptc>
    </categories>
  </headers>
  <content>
    <p id="1"><s id="1">All 113 on board an Indonesian air force transport plane that crashed Tuesday into a major city on Sumatra are believed to have been killed, the country's air force chief said.</s> </p>
    <p id="2"><s id="2">There were 12 crew and 101 passengers on the Hercules C-130 when it went down and burst into flames in a residential area of Medan city, Agus Supriatna told AFP.</s> </p>
    <p id="3"><s id="3">Asked if he believed anyone had survived, he said: &quot;No, no.</s> <s id="4">No survivors.</s> <s id="5">I just returned from the site.&quot;</s> <s id="6">He said that 49 bodies had so far been recovered and taken to hospital.</s> </p>
    <p id="4"><s id="7">Buildings were left in ruins and cars reduced to flaming wrecks after the plane came down in Medan, a city of two million.</s> </p>
    <p id="5"><s id="8">olr-sr/fa</s> </p>
  </content>
</article>
