<article>
  <headers>
    <dct>20130712T182213Z</dct>
    <title>Authorities fear 'many casualties' in train derailment near Paris</title>
    <dateline>PARIS, France, July 12, 2013 (AFP) -</dateline>
    <credit>Agence France-Presse (AFP)</credit>
    <origin country="FRA" city="Paris" />
    <keywords>
      <keyword>rail</keyword>
      <keyword>transport</keyword>
      <keyword>France</keyword>
      <keyword>accident</keyword>
    </keywords>
    <categories>
      <iptc>04015000</iptc>
      <iptc>03013000</iptc>
      <iptc>04000000</iptc>
      <iptc>03010000</iptc>
      <iptc>03000000</iptc>
      <iptc>03010002</iptc>
      <iptc infered="true">04015002</iptc>
    </categories>
  </headers>
  <content>
    <p id="1"><s id="1">A train derailed Friday in the Paris suburb of Bretigny-sur-Orge in an accident that authorities fear may have caused &quot;many casualties&quot;, officials said.</s> </p>
    <p id="2"><s id="2">The Paris prefect's office said a &quot;red alert&quot; plan had been activated at 5:23 pm (1523 GMT) and the interior ministry confirmed the accident.</s> </p>
    <p id="3"><s id="3">A police source said there were reports of at least one dead in the accident, which took place at the Bretigny-sur-Orge station and involved a train heading from Paris to the west-central city of Limoges.</s> </p>
    <p id="4"><s id="4">&quot;The train arrived at the station at high speed.</s> <s id="5">It split in two for an unknown reason.</s> <s id="6">Part of the train continued to roll while the other was left on its side on the platform,&quot; the police source said.</s> </p>
    <p id="5"><s id="7">bur-ng/mm/boc</s> </p>
  </content>
</article>
