<article>
  <headers>
    <dct>20170101T022137Z</dct>
    <title>Turkey 'Santa' nightclub attack: What we know</title>
    <dateline>Istanbul, Jan 1, 2017 (AFP) -</dateline>
    <credit>Agence France-Presse (AFP)</credit>
    <origin country="TUR" city="Istanbul" />
    <keywords>
      <keyword>Turkey</keyword>
      <keyword>attacks</keyword>
    </keywords>
    <categories>
      <iptc>02003002</iptc>
      <iptc>16000000</iptc>
      <iptc>02003001</iptc>
      <iptc>16001000</iptc>
      <iptc>02000000</iptc>
      <iptc>01000000</iptc>
    </categories>
  </headers>
  <content>
    <p id="1"><s id="1">At least 35 were killed and 40 hurt Sunday when gunmen reportedly wearing Santa outfits stormed a popular Istanbul nightclub and sprayed bullets at revellers celebrating the New Year.</s> </p>
    <p id="2"><s id="2">Here is what we know about the attack, the latest to rock Turkey in a bloody 2016.</s> </p>
    <p id="3"></p>
    <p id="4"></p>
    <p id="5"><s id="3">The attack took place at the swanky Reina nightclub on the European side of the city.</s> <s id="4">There were reportedly as many as 700 people dancing to celebrate the New Year, which chimed in barely an hour before the attack.</s> </p>
    <p id="6"><s id="5">Situated in the Ortakoy district of Istanbul, the club is known as one of the most elite nightspots in the city and it is notoriously hard to get past the bouncers, who seek out only the best dressed.</s> </p>
    <p id="7"><s id="6">Television pictures showed shellshocked revellers dressed up to the nines -- men in suits and women in cocktail dresses -- emerging dazed from the scene.</s> </p>
    <p id="8"><s id="7">The attack sparked mass panic, with some diving into the Bosphorus Strait between Europe and Asia to escape the bullets.</s> <s id="8">Rescuers were battling to salvage them to safety.</s> </p>
    <p id="9"></p>
    <p id="10"></p>
    <p id="11"><s id="9">At least one gunman reportedly dressed as Santa burst into the nightclub, spraying bullets at random.</s> </p>
    <p id="12"><s id="10">According to some witnesses cited by the Dogan news agency, the attackers were &quot;speaking Arabic&quot;.</s> </p>
    <p id="13"><s id="11">The city's governor wasted no time as branding the bloodshed a &quot;terror attack&quot;, the latest to strike Turkey after a wave of assaults by Islamic State jihadists as well as Kurdish militants.</s> </p>
    <p id="14"><s id="12">According to the NTV broadcaster, special forces officers were still searching the premises.</s> </p>
    <p id="15"></p>
    <p id="16"></p>
    <p id="17"><s id="13">After a bloody 2016, the authorities were on their guard and at least 17,000 police officers were deployed in the city for the New Year festivities.</s> </p>
    <p id="18"><s id="14">Turkey had enduring bomb attacks at an airport, a suicide bombing at a wedding and an attack near a top football stadium this year.</s> </p>
    <p id="19"><s id="15">The attacks have been blamed either on Kurdish militants or the Islamic State jihadist extremist group.</s> </p>
    <p id="20"><s id="16">The Turkish army is waging a four-month incursion in Syria to oust the IS group and Kurdish militants from the border area.</s> </p>
    <p id="21"></p>
    <p id="22"></p>
    <p id="23"><s id="17">At least 35 people died and a further 40 were being treated in local hospitals, the city's governor said.</s> </p>
    <p id="24"><s id="18">TV pictures showed ambulances ferrying the wounded from the scene as police cordoned off the area.</s> </p>
    <p id="25"><s id="19">burs-ric/sjw/txw</s> </p>
    <p id="26"></p>
  </content>
</article>
