<article>
  <headers>
    <dct>20160726T120858Z</dct>
    <title>Ex-employee kills 19 in Japan care home knife attack</title>
    <dateline>Sagamihara, Japan, July 26, 2016 (AFP) -</dateline>
    <credit>Agence France-Presse (AFP)</credit>
    <origin country="JPN" city="Sagamihara" />
    <keywords>
      <keyword>Japan</keyword>
      <keyword>attack</keyword>
      <keyword>crime</keyword>
    </keywords>
    <categories>
      <iptc>02000000</iptc>
      <iptc infered="true">02001000</iptc>
      <iptc infered="true">16001000</iptc>
    </categories>
  </headers>
  <content>
    <p id="1"><s id="1">A man who had threatened attacks on disabled people went on a knife rampage Tuesday at the care centre where he previously worked, leaving 19 people dead in Japan's worst mass killing for decades.</s> </p>
    <p id="2"><s id="2">The 26-year-old had been hospitalised earlier this year after delivering a letter to parliament in which he threatened to kill hundreds of the disabled.</s> </p>
    <p id="3"><s id="3">He turned himself in at a police station, carrying bloodied knives and admitting to officers: &quot;I did it.&quot;</s> </p>
    <p id="4"><s id="4">&quot;The disabled should all disappear,&quot; he reportedly said.</s> </p>
    <p id="5"><s id="5">Authorities identified the attacker as Satoshi Uematsu and said he had worked at the care centre for mentally disabled people in Sagamihara, a city of more than 700,000 people west of Tokyo, until February.</s> </p>
    <p id="6"><s id="6">They said the attack began in the early hours of the morning when Uematsu broke a first-floor window to get in.</s> <s id="7">Public broadcaster NHK reported that he tied up one caregiver before starting to stab the residents.</s> </p>
    <p id="7"><s id="8">A doctor at one of the hospitals where victims were taken said some had deep wounds to the neck.</s> </p>
    <p id="8"><s id="9">&quot;The patients are very shocked mentally and they cannot speak now,&quot; the doctor told NHK.</s> </p>
    <p id="9"></p>
    <p id="10"></p>
    <p id="11"><s id="10">A fleet of ambulances, police cars and fire trucks converged on the Tsukui Yamayuri-en centre, a low-rise complex nestled against forested hills, which was cordoned off and draped with yellow &quot;Keep Out&quot; tape.</s> </p>
    <p id="12"><s id="11">Japan has one of the lowest rates of violent crime in the developed world and the mass killing is believed to be the nation's worst since 1938, when a man armed with an axe, sword and rifle went on a rampage that left 30 people dead.</s> </p>
    <p id="13"><s id="12">&quot;This is a very tragic, shocking incident in which many innocent people became victims,&quot; top government spokesman Yoshihide Suga told a press conference.</s> </p>
    <p id="14"><s id="13">Japanese media said that in February Uematsu had delivered a letter to the speaker of Japan's parliamentary lower house, threatening to attack two care centres including Tsukui Yamayuri-en and kill 470 residents.</s> </p>
    <p id="15"><s id="14">He said it would launch a &quot;revolution&quot; that would &quot;stimulate the economy and prevent World War III&quot;.</s> </p>
    <p id="16"><s id="15">In the letter he also presented his vision of a society in which the seriously handicapped could be euthanised with the approval of family members since &quot;handicapped people only create unhappiness&quot;.</s> </p>
    <p id="17"><s id="16">The ramblings brought him to the attention of Tokyo police, who informed Sagamihara authorities that he was a potential threat, a city official told AFP.</s> </p>
    <p id="18"><s id="17">Private broadcaster NTV reported that Uematsu told police he had been fired from his job, though officials said only that he left the position.</s> </p>
    <p id="19"></p>
    <p id="20"></p>
    <p id="21"><s id="18">Uematsu was hospitalised on February 19, reportedly the same day he left his job, but was discharged 12 days later when a doctor deemed he was not a threat, the Sagamihara city official said.</s> </p>
    <p id="22"><s id="19">While hospitalised Uematsu was diagnosed as suffering from paranoia as well as being dependent on cannabis, he added.</s> </p>
    <p id="23"><s id="20">&quot;I feel pain as it's said there was no problem, but that was the decision at that time,&quot; said Eiji Yagi, another Sagamihara official in charge of the city's mental health welfare section.</s> </p>
    <p id="24"><s id="21">Police said they received a call from the centre around 2:30 am -- about 20 minutes after the assault began -- reporting that a man armed with knives had entered the facility.</s> <s id="22">They said he turned himself in half an hour later.</s> </p>
    <p id="25"><s id="23">Fire department spokesmen told AFP that the dead were nine men and 10 women aged from 18 to 70, and another 25 people were wounded, 20 of them seriously.</s> </p>
    <p id="26"><s id="24">People in Uematsu's neighbourhood, about a 10-minute walk from the crime scene, expressed disbelief.</s> </p>
    <p id="27"><s id="25">He was a &quot;normal, nice boy&quot; who always smiled and offered a greeting, said next-door neighbour Akihiro Hasegawa.</s> </p>
    <p id="28"><s id="26">&quot;This is unbelievable,&quot; the 73-year-old told AFP, adding that Uematsu lived in the house with his parents until they moved out four or five years ago.</s> </p>
    <p id="29"><s id="27">hih-oh-nf/kgo/sm</s> </p>
    <p id="30"></p>
  </content>
</article>
