<article>
  <headers>
    <dct>20110613T015205Z</dct>
    <title>Strong quake hits New Zealand's Christchurch</title>
    <dateline>CHRISTCHURCH, June 13, 2011 (AFP) -</dateline>
    <credit>Agence France-Presse (AFP)</credit>
    <origin country="NZL" city="CHRISTCHURCH" />
    <keywords>
      <keyword>quake</keyword>
      <keyword>NZealand</keyword>
    </keywords>
    <categories>
      <iptc>03002000</iptc>
    </categories>
  </headers>
  <content>
    <p id="1"><s id="1">A 5.2-magnitude earthquake hit New Zealand's quake-hit city of Christchurch on Monday, prompting the evacuation of a building holding an inquest into February's deadly tremor.</s> </p>
    <p id="2"><s id="2">The USGS measured the quake, which hit just 10 kilometres (6 miles) from Christchurch, at 5.2-magnitude and a depth of 11 kilometres.</s> </p>
    <p id="3"><s id="3">Police said they had received some reports of damage in the city, including flooding, but they were not aware of any injuries.</s> </p>
    <p id="4"><s id="4">The Christchurch Press reported a building had collapsed, with some people believed to be trapped inside.</s> </p>
    <p id="5"><s id="5">Much of central Christchurch remains closed off since February's 6.3-magnitude quake which levelled buildings, killing 181 people in the country's deadliest earthquake for 80 years.</s> </p>
    <p id="6"><s id="6">An inquest into the collapse of one of these buildings, which began Monday, was briefly evacuated following the latest tremor, an AFP correspondent said.</s> </p>
    <p id="7"><s id="7">ns-mfc/pdw</s> </p>
  </content>
</article>
