<article>
  <headers>
    <dct>20141022T201331Z</dct>
    <title>Canada soldier, gunman dead in Ottawa: police</title>
    <dateline>OTTAWA, Oct 22, 2014 (AFP) -</dateline>
    <credit>Agence France-Presse (AFP)</credit>
    <origin country="CAN" city="Ottawa" />
    <keywords>
      <keyword>Canada</keyword>
      <keyword>politics</keyword>
      <keyword>attacks</keyword>
      <keyword>toll</keyword>
    </keywords>
    <categories>
      <iptc>02001006</iptc>
      <iptc>02003000</iptc>
      <iptc>02001000</iptc>
      <iptc>02003001</iptc>
      <iptc>02000000</iptc>
      <iptc infered="true">11000000</iptc>
      <iptc infered="true">16001000</iptc>
    </categories>
  </headers>
  <content>
    <p id="1"><s id="1">A Canadian soldier was fatally shot Wednesday near parliament in the capital Ottawa, and his suspected attacker is also dead, police said.</s> </p>
    <p id="2"><s id="2">One of two soldiers on guard at the National War Memorial was shot and later died of his injuries, police said in a statement, adding that &quot;one male suspect&quot; was also confirmed dead.</s> </p>
    <p id="3"><s id="3">mbr/sst/sg</s> </p>
    <p id="4"></p>
  </content>
</article>
