<article>
  <headers>
    <dct>20120718T113425Z</dct>
    <title>Assad brother-in-law killed in Damascus bombing: Syria TV</title>
    <dateline>DAMASCUS, July 18, 2012 (AFP) -</dateline>
    <credit>Agence France-Presse (AFP)</credit>
    <origin country="SYR" city="DAMASCUS" />
    <keywords>
      <keyword>Damascus</keyword>
      <keyword>Shawkat</keyword>
      <keyword>Syria</keyword>
      <keyword>conflict</keyword>
    </keywords>
    <categories>
      <iptc>16000000</iptc>
      <iptc>16010000</iptc>
    </categories>
  </headers>
  <content>
    <p id="1"><s id="1">Syrian President Bashar al-Assad's brother-in-law was killed in a suicide bomb attack targeting a meeting of top security chiefs in Damascus on Wednesday, state television said.</s> </p>
    <p id="2"><s id="2">Deputy defence minister and former military intelligence chief Assef Shawkat was one of Syria's top security officials.</s> </p>
    <p id="3"><s id="3">ser/srm</s> </p>
  </content>
</article>
