<article>
  <headers>
    <dct>20120304T133720Z</dct>
    <title>16 dead in Polish train wreck</title>
    <dateline>Szczekociny, Poland, March 4, 2012 (AFP) -</dateline>
    <credit>Agence France-Presse (AFP)</credit>
    <origin country="POL" city="Szczekociny" />
    <keywords>
      <keyword>Poland</keyword>
      <keyword>accident</keyword>
      <keyword>train</keyword>
    </keywords>
    <categories>
      <iptc>03013000</iptc>
      <iptc>03010002</iptc>
    </categories>
  </headers>
  <content>
    <p id="1"><s id="1">Rescue workers Sunday combed the wreckage after two trains crashed head-on in southern Poland, killing 16 people including a US citizen, with scores wounded.</s> </p>
    <p id="2"><s id="2">A southbound train from Warsaw slammed head-on into another train headed north at Szczekociny, some 200 kilometres (120 miles) from the capital, late Saturday in the country's worst rail disaster since 1990.</s> </p>
    <p id="3"><s id="3">Poland's PAP news agency said an American woman was among the dead.</s> </p>
    <p id="4"><s id="4">Fifty-six people were hospitalised Sunday, including one who was in a serious condition, emergency officials said.</s> </p>
    <p id="5"><s id="5">Ukrainian nationals were reported to be among the injured, while French and Spanish citizens were also on the trains but apparently not injured.</s> </p>
    <p id="6"><s id="6">A total of 350 passengers were on board the two trains, which collided at around 9:00 pm (2000 GMT) Saturday as they were travelling on the same track, according to Poland's PKP railways.</s> </p>
    <p id="7"><s id="7">One was heading to the southern city of Krakow from Warsaw, while the other was bound for the capital from southeastern Przemysl.</s> </p>
    <p id="8"><s id="8">Investigators gave no early indication as to what caused the crash, which happened on a stretch of the line that had recently been modernised, according to Transport Minister Slawomir Nowak.</s> </p>
    <p id="9"><s id="9">The collision threw three carriages and both of the train's locomotives off the tracks, leaving them piled high on top of each other in a mass of tangled steel.</s> </p>
    <p id="10"><s id="10">&quot;We heard a deafening noise and we were hurled out of our seats,&quot; an unnamed survivor told Polish media after escaping from the wreckage late Saturday.</s> <s id="11">&quot;We saw crushed bodies pinned beneath seats and we saw parts of bodies inside and outside the train wagons,&quot; the survivor said.</s> </p>
    <p id="11"><s id="12">&quot;It was terrifying.</s> <s id="13">The scale of destruction is huge,&quot; one of the first firemen on the scene told PAP.</s> </p>
    <p id="12"><s id="14">Another survivor told the TVN24 news channel of dead bodies as well as people still alive but pinned under twisted metal.</s> </p>
    <p id="13"><s id="15">President Bronislaw Komorowski visited the scene, saying: &quot;People from across Poland and citizens from other countries suffered in the catastrophe,&quot; adding that he would call a period of national mourning once the rescue operation was completed.</s> </p>
    <p id="14"><s id="16">Rescue workers toiled overnight to pull survivors from the wreckage.</s> </p>
    <p id="15"><s id="17">Emergency services spokesman Pawel Fratczak told AFP: &quot;I can confirm 16 fatalities.</s> <s id="18">We have just pulled a victim from the wreckage, but we cannot rule out other casualties until all the wreckage is searched.&quot;</s> </p>
    <p id="16"><s id="19">The operation to evacuate the injured, however, &quot;is now over,&quot; he said.</s> <s id="20">&quot;We have sent in six sniffer dogs specially trained to locate survivors and bodies.</s> <s id="21">They did not indicate anything.&quot;</s> </p>
    <p id="17"><s id="22">Poland's Prime Minister Donald Tusk told reporters at the scene late Saturday: &quot;This is the worst catastrophe in years.&quot;</s> </p>
    <p id="18"><s id="23">The disaster comes as Poland is upgrading its transport infrastructure ahead of the Euro 2012 European football championships, which it is co-hosting with neighbouring Ukraine starting on June 8.</s> </p>
    <p id="19"><s id="24">It was the worst rail accident in Poland since 1990, when 16 people were killed in a collision between two trains in the Warsaw suburb of Ursus.</s> </p>
    <p id="20"><s id="25">Poland's worst train accident was in 1980 when 67 people died and 62 were injured in a collision between a passenger and a freight train in Otoczyn, near Torun, northern Poland.</s> </p>
    <p id="21"><s id="26">mas-sw-bo/gd</s> </p>
  </content>
</article>
