<article>
  <headers>
    <dct>20130413T181534Z</dct>
    <title>Rebel boss Djotodia elected interim C.Africa leader</title>
    <dateline>BANGUI, Central African Republic, April 13, 2013 (AFP) -</dateline>
    <credit>Agence France-Presse (AFP)</credit>
    <origin country="CAF" city="Bangui" />
    <keywords>
      <keyword>politics</keyword>
      <keyword>Centrafrica</keyword>
      <keyword>president</keyword>
    </keywords>
    <categories>
      <iptc>16000000</iptc>
      <iptc>11000000</iptc>
      <iptc>11006000</iptc>
    </categories>
  </headers>
  <content>
    <p id="1"><s id="1">Michel Djotodia, whose rebel coalition Seleka seized power in the Central African Republic last month, was on Saturday elected interim president by the national transitional council.</s> </p>
    <p id="2"><s id="2">Djotodia, who had proclaimed himself president after his troops took Bangui on March 24, was the only candidate in the vote held during the opening minutes of the council's first session.</s> </p>
    <p id="3"><s id="3">The interim president is to rule for no longer than 18 months, during which time the 105-member transitional body will act as a constituent assembly.</s> </p>
    <p id="4"><s id="4">The council includes Seleka officials, members of the ousted administration as well as civil society representatives.</s> </p>
    <p id="5"><s id="5">A diplomat speaking to AFP on condition of anonymity described the election as a move that was needed &quot;to give a veneer of legitimacy&quot; to Djotodia's rule.</s> </p>
    <p id="6"><s id="6">Central Africa's neighbours and Western partners have warned they could not recognise Djotodia's rule but have also conspicuously stopped short of supporting the return of ousted leader Francois Bozize.</s> </p>
    <p id="7"><s id="7">Relatively little is known about the new strongman of the landlocked nation, which harbours huge but largely untapped mineral wealth and remains one of the world's least developed countries.</s> </p>
    <p id="8"><s id="8">After several years as a civil servant and diplomat he turned to rebellion and founded an armed movement in 2005, two years after Bozize seized power in a coup.</s> </p>
    <p id="9"><s id="9">acp-pgf/jmm/mfp</s> </p>
  </content>
</article>
