<article>
  <headers>
    <dct>20160824T084123Z</dct>
    <title>At least 10 dead in Italian earthquake: media</title>
    <dateline>Rome, Aug 24, 2016 (AFP) -</dateline>
    <credit>Agence France-Presse (AFP)</credit>
    <origin country="ITA" city="Rome" />
    <keywords>
      <keyword>Italy</keyword>
      <keyword>earthquake</keyword>
      <keyword>toll</keyword>
    </keywords>
    <categories>
      <iptc>03015001</iptc>
      <iptc>03002000</iptc>
      <iptc>03000000</iptc>
    </categories>
  </headers>
  <content>
    <p id="1"><s id="1">At least 10 people are feared dead after a powerful earthquake struck central Italy in the early hours of Wednesday, according to officials cited by local media.</s> </p>
    <p id="2"><s id="2">The national civil protection agency said it could not give an official toll as rescue efforts were still under way.</s> </p>
    <p id="3"><s id="3">Deaths were reported in three villages in a mountainous area straddling the regions of Lazio and Marche: Amatrice, Accumoli and Arquata del Tronto.</s> </p>
    <p id="4"><s id="4">&quot;The situation is dramatic, there are many dead.</s> <s id="5">I cannot give a toll for now because rescue efforts are under way and it is very, very difficult,&quot; said Amatrice mayor Sergio Pirozzi.</s> </p>
    <p id="5"><s id="6">According to local officials, two people have been confirmed dead at Arquata, five at Amatrice and two in Accumoli with a number of people unaccounted for in all three locations.</s> </p>
    <p id="6"><s id="7">am/pdw</s> </p>
  </content>
</article>
