<article>
  <headers>
    <dct>20070411T104827Z</dct>
    <title>Bomb blasts rock Algerian capital</title>
    <origin country="DZA" city="ALGER" />
    <keywords>
      <keyword>attacks</keyword>
      <keyword>Algeria</keyword>
      <keyword>blast</keyword>
    </keywords>
    <categories>
      <iptc>03000000</iptc>
      <iptc infered="true">16001000</iptc>
      <iptc infered="true">03014000</iptc>
    </categories>
  </headers>
  <content>
    <p id="1"><s id="1">ALGIERS, April 11, 2007 (AFP) - Two bomb explosions rocked the Algerian  capital in quick succession on Wednesday, including one which left dozens of people injured outside the government headquarters, witnesses said.</s> <s id="2">They said a car bomb exploded at the entrance to the seat of government, shaking several buildings and sending shattered glass flying over a distance of 200 to 300 meters (yards).</s> </p>
    <p id="2"><s id="3">Ambulances and police cars immediately rushed to the multi-storey building, which also houses several ministries.</s> </p>
    <p id="3"><s id="4">An AFP journalist at the scene said dozens of people were injured, but it was not clear if there were any fatalities.</s> </p>
    <p id="4"><s id="5">A thick cloud of smoke rose from the site of the blast, which was heard across the city.</s> </p>
    <p id="5"><s id="6">Thousands of passersby congregated on the vast steps of the building, as uniformed and plainclothes police attempted to contain the crowd.</s> </p>
    <p id="6"><s id="7">Minutes later, another bomb attack targeted a police station in an eastern suburb of Algiers, near the international airport, witnesses said.</s> </p>
    <p id="7"><s id="8">It was not immediately clear if there were any casualties and there was no immediate claim of responsibility.</s> </p>
    <p id="8"><s id="9">The Algerian army recently conducted an offensive in the eastern region of Kabylie against an Islamist militant group that has claimed responsibility for a series of deadly attacks in Algeria and is also active in other countries, notably Tunisia</s> </p>
    <p id="9"><s id="10">At least 20 Islamists and three soldiers were killed in the operation to flush out members of the Al-Qaeda-linked Salafist Group for Preaching and Combat (GSPC).</s> </p>
    <p id="10"><s id="11">hz-bb/wdb/gh</s> </p>
  </content>
</article>
