<article>
  <headers>
    <dct>20160805T112952Z</dct>
    <title>Gunmen attack busy market in northeast India</title>
    <dateline>Guwahati, India, Aug 5, 2016 (AFP) -</dateline>
    <credit>Agence France-Presse (AFP)</credit>
    <origin country="IND" city="Guwahati" />
    <keywords>
      <keyword>politics</keyword>
      <keyword>unrest</keyword>
      <keyword>India</keyword>
    </keywords>
    <categories>
      <iptc>16000000</iptc>
      <iptc>11000000</iptc>
      <iptc>16003000</iptc>
    </categories>
  </headers>
  <content>
    <p id="1"><s id="1">Gunmen on Friday opened fire on a busy market in a restive area of northeast India, police said, amid reports some civilians were killed.</s> </p>
    <p id="2"><s id="2">Police said one attacker had died and several people had received gunshot injuries, but did not confirm local media reports that around a dozen people had been killed.</s> </p>
    <p id="3"><s id="3">The attack took place in a remote part of Assam state near the border with Bhutan that is home to the indigenous Bodo people, who have for decades waged a violent campaign for a separate homeland.</s> </p>
    <p id="4"><s id="4">&quot;A soft target has been attacked by militants.</s> <s id="5">Many people have received gunshot injuries,&quot; said Mukesh Sahay, director general of Assam police, on the NDTV news channel.</s> </p>
    <p id="5"><s id="6">&quot;More details are not known at the moment.</s> <s id="7">Apart from firing, a grenade was also thrown which led to a fire.&quot;</s> </p>
    <p id="6"><s id="8">The state government said police and paramilitary reinforcements had been rushed to the scene in Balajan, around  220 kilometres (140 miles) west of Assam's main city of Guwahati.</s> </p>
    <p id="7"><s id="9">str-cc/ceb</s> </p>
  </content>
</article>
