<article>
  <headers>
    <dct>20161207T133959Z</dct>
    <title>Pakistan plane carrying 47 people crashes</title>
    <dateline>Islamabad, Dec 7, 2016 (AFP) -</dateline>
    <credit>Agence France-Presse (AFP)</credit>
    <origin country="PAK" city="Islamabad" />
    <keywords>
      <keyword>Pakistan</keyword>
      <keyword>aviation</keyword>
      <keyword>accident</keyword>
    </keywords>
    <categories>
      <iptc>16000000</iptc>
      <iptc>03000000</iptc>
      <iptc infered="true">04015001</iptc>
    </categories>
  </headers>
  <content>
    <p id="1"><s id="1">A Pakistani plane carrying 47 people crashed Wednesday on a domestic flight from the mountainous northern city of Chitral to Islamabad, aviation authorities said.</s> </p>
    <p id="2"><s id="2">Pakistan International Airlines (PIA) Flight PK661 crashed in Khyber Pakhtunkhwa province, the civil aviation authority told AFP.</s> </p>
    <p id="3"><s id="3">An earlier airline statement said the ATR-42 turboprop aircraft had lost contact en route from Chitral.</s> </p>
    <p id="4"><s id="4">&quot;A plane has crashed and locals told us that it is on fire,&quot; said Saeed Wazir, a senior local police official.</s> </p>
    <p id="5"><s id="5">&quot;Police and rescue officials are on the way but have yet not reached on site.&quot;</s> </p>
    <p id="6"><s id="6">The plane came down near the town of Havelian in Abbottabad district in the province.</s> </p>
    <p id="7"><s id="7">Pakistan's last major air disaster was in 2015 when a Pakistani military helicopter crashed in a remote northern valley, killing eight people including the Norwegian, Philippine and Indonesian envoys and the wives of Malaysian and Indonesian envoys.</s> </p>
    <p id="8"><s id="8">The deadliest crash was in 2010, when an Airbus 321 operated by private airline Airblue and flying from Karachi crashed into hills outside Islamabad while about to land, killing all 152 on board.</s> </p>
    <p id="9"><s id="9">The accident was blamed on a confused captain and a hostile cockpit atmosphere in an official report.</s> </p>
    <p id="10"><s id="10">sjd/ia/st/sm</s> </p>
  </content>
</article>
