<article>
  <headers>
    <dct>20150917T183709Z</dct>
    <title>Chile quake kills 10, one million evacuated</title>
    <dateline>Illapel, Chile, Sept 17, 2015 (AFP) -</dateline>
    <credit>Agence France-Presse (AFP)</credit>
    <origin country="CHL" city="Illapel" />
    <keywords>
      <keyword>quake</keyword>
      <keyword>Chile</keyword>
    </keywords>
    <categories>
      <iptc>03015001</iptc>
      <iptc>03000000</iptc>
      <iptc>03002000</iptc>
    </categories>
  </headers>
  <content>
    <p id="1"><s id="1">A million people were evacuated in Chile after an 8.3-magnitude quake struck offshore in the Pacific, killing at least 10 people and triggering tsunami waves along its northern coast.</s> </p>
    <p id="2"><s id="2">Wednesday night's earthquake was the sixth most powerful in the history of geologically volatile Chile and the strongest anywhere in the world this year, officials said.</s> </p>
    <p id="3"><s id="3">Buildings swayed as far away as in Buenos Aires, Argentina, 1,500 kilometers (1,000 miles) to the east.</s> </p>
    <p id="4"><s id="4">In northern Chile, people were evacuated to higher ground as strong aftershocks followed through the night, triggering a tsunami alert for the Chilean coast.</s> </p>
    <p id="5"><s id="5">Huge waves of up to 4.5 meters (15 feet) came crashing onshore in the Coquimbo region.</s> <s id="6">The fishing village of Tongoy was among the worst-hit, with television showing entire areas along the seafront completely destroyed.</s> </p>
    <p id="6"><s id="7">Two-meter waves also struck the tourist port of Valparaiso, according to the Chilean navy, flattening several beachfront restaurants.</s> </p>
    <p id="7"><s id="8">President Michelle Bachelet was traveling to the quake-hit area on Thursday to assess the relief effort.</s> </p>
    <p id="8"><s id="9">&quot;We know there can be aftershocks and we are monitoring the situation minute by minute,&quot; she said.</s> </p>
    <p id="9"><s id="10">The Hawaii-based Pacific Tsunami Warning Center said tsunami waves were also possible in French Polynesia, Hawaii and California, officials said, as well as smaller waves as far afield as Japan and New Zealand.</s> </p>
    <p id="10"></p>
    <p id="11"></p>
    <p id="12"><s id="11">The north Chilean coastal city of Illapel was among the hardest-hit, with power knocked out, homes collapsing and at least one fatality.</s> </p>
    <p id="13"><s id="12">Daybreak revealed the damage to the northern town of 30,000, with shacks destroyed, store shelves overturned and the local cemetery a chaos of broken crosses, vases and coffins.</s> </p>
    <p id="14"><s id="13">&quot;It was the most horrific moment, a terrible thing,&quot; local resident Ana Cortes, 35, told AFP. &quot;Everything just kept moving, for the longest time.&quot;</s> </p>
    <p id="15"><s id="14">Chile lies on what is known as the &quot;Ring of Fire&quot; -- an arc of fault lines that circles the Pacific Basin and is prone to frequent earthquakes and volcanic eruptions.</s> </p>
    <p id="16"><s id="15">In February 2010, an 8.8-magnitude quake off the Chilean coast killed more than 500 people and inflicted an estimated $30 billion in damages.</s> </p>
    <p id="17"><s id="16">Wednesday's quake struck at 2254 GMT, measuring 8.3 on the so-called moment magnitude scale, according to the United States Geological Survey (USGS).</s> </p>
    <p id="18"><s id="17">It occurred at a shallow depth, 228 kilometers north of Santiago, a city of 6.6 million people.</s> </p>
    <p id="19"><s id="18">The tremor was clearly felt as far as Buenos Aires, where panicked residents were sent running out of apartment blocks.</s> </p>
    <p id="20"><s id="19">A precautionary alert for Peru was later called off, but scared residents near the Chilean border remained out on the streets and on higher ground.</s> </p>
    <p id="21"><s id="20">In Santiago itself, there were scenes of pandemonium as thousands fled swaying buildings, with similar scenes reported across the coastal north.</s> </p>
    <p id="22"><s id="21">Choapa province, closest to the epicenter, was declared a disaster zone.</s> </p>
    <p id="23"><s id="22">Interior Minister Burgos revised the death toll upwards from eight to 10 people.</s> </p>
    <p id="24"><s id="23">He said evacuations of coastal towns and cities had been ordered as a precautionary measure.</s> </p>
    <p id="25"><s id="24">School classes were cancelled in coastal areas, where more than 135,000 families were without power.</s> </p>
    <p id="26"><s id="25">&quot;It was a nightmare,&quot; Illapel resident Maria Ramirez told AFP as she swept dirt from the door of her house.</s> </p>
    <p id="27"><s id="26">&quot;We felt the tremors for a long time, too long.</s> <s id="27">And then all the aftershocks -- it was terrible,&quot; she said.</s> <s id="28">&quot;I couldn't stay standing, but luckily we made it out alive.&quot;</s> </p>
    <p id="28"><s id="29">Facebook said it had activated a geolocation tool allowing people in Chile to reassure friends and loved ones about their well-being.</s> </p>
    <p id="29"><s id="30">The Safety Check tool is accessed through Facebook's regular user interface, and lets members check whether their contacts are in a disaster zone, signal their own presence and let others know they are safe and well.</s> </p>
    <p id="30"><s id="31">bur-ec/oh</s> </p>
    <p id="31"></p>
  </content>
</article>
