<article>
  <headers>
    <dct>20160616T172331Z</dct>
    <title>British MP critically ill after 'shooting'</title>
    <dateline>London, June 16, 2016 (AFP) -</dateline>
    <credit>Agence France-Presse (AFP)</credit>
    <origin country="GBR" city="London" />
    <keywords>
      <keyword>politics</keyword>
      <keyword>shooting</keyword>
      <keyword>Britain</keyword>
    </keywords>
    <categories>
      <iptc>02001000</iptc>
      <iptc>11000000</iptc>
      <iptc>02000000</iptc>
      <iptc infered="true">15051000</iptc>
    </categories>
  </headers>
  <content>
    <p id="1"><s id="1">A British lawmaker was critically ill on Thursday after reportedly being shot in her constituency in northern England, in a broad daylight attack that caused campaigning for next week's EU referendum to be suspended.</s> </p>
    <p id="2"><s id="2">Jo Cox, 41, a mother-of-two who represents the opposition Labour party, was shot three times and also stabbed by a man in his 50s in the village of Birstall in Yorkshire, a witness told the BBC.</s> </p>
    <p id="3"><s id="3">Another witness, Hichem Ben Abdallah, told the Press Association she had been shot twice.</s> </p>
    <p id="4"><s id="4">Police confirmed that a woman in her 40s was in a &quot;critical condition&quot; but by convention did not name her.</s> <s id="5">A spokesman said that a 52-year-old man had been arrested.</s> </p>
    <p id="5"><s id="6">Labour leader Jeremy Corbyn said on Twitter that he was &quot;utterly shocked by the news of the attack on Jo Cox.</s> <s id="7">The thoughts of the whole Labour party are with her and her family at this time&quot;.</s> </p>
    <p id="6"><s id="8">Clarke Rothwell, a cafe owner in Birstall, told the BBC that he was alerted to the incident by a &quot;loud popping noise that sounded like a balloon burst -- a loud balloon&quot;.</s> </p>
    <p id="7"><s id="9">&quot;When I looked round there's a man stood there in his 50s with a white baseball cap on and a jacket with a gun, an old-fashioned looking gun in his hand,&quot; he said.</s> </p>
    <p id="8"><s id="10">&quot;He shot this lady once and then he shot her again, he fell to the floor, leant over shot her once more in the face area.</s> </p>
    <p id="9"><s id="11">&quot;Somebody tried to grab him, wrestling with him and then he wielded a knife, like a hunting knife, just started lunging at her with a knife half a dozen times.</s> </p>
    <p id="10"><s id="12">&quot;People were screaming and running from the area.&quot;</s> </p>
    <p id="11"><s id="13">Channel 4 News quoted Cox's office as saying that the MP had been shot and stabbed.</s> <s id="14">Her staff could not be immediately reached when contacted by AFP.</s> </p>
    <p id="12"><s id="15">The BBC said she was flown by air ambulance to a nearby hospital.</s> </p>
    <p id="13"><s id="16">Prime Minister David Cameron said he was &quot;very concerned&quot; about the attack and cancelled a rally he had planned in Gibraltar as part of his campaign for Britain to stay in the EU on June 23.</s> </p>
    <p id="14"><s id="17">Cox is in favour of the &quot;Remain&quot; campaign, which also suspended all other campaigning Thursday, although it was unclear whether the attack was related to the referendum.</s> </p>
    <p id="15"><s id="18">Sky News television quoted unconfirmed reports from witnesses that Cox's shooter shouted &quot;Britain first&quot; -- possibly a reference to British sovereignty, although there is also a far-right party called Britain First.</s> </p>
    <p id="16"><s id="19">A spokesman for the rival Vote Leave group, which is backing a so-called Brexit, said that its 'battle bus' had stopped campaigning for the day.</s> </p>
    <p id="17"><s id="20">European Commission president Jean-Claude Juncker tweeted his condolences, saying he was &quot;deeply shocked&quot;.</s> </p>
    <p id="18"></p>
    <p id="19"></p>
    <p id="20"><s id="21">&quot;At 12.53 today, police were called to a report of an incident on Market Street, Birstall, where a woman in her 40s had suffered serious injuries and is in a critical condition,&quot; West Yorkshire police said in a statement.</s> </p>
    <p id="21"><s id="22">&quot;A man in his late 40s to early 50s nearby also suffered slight injuries.</s> </p>
    <p id="22"><s id="23">&quot;Armed officers attended and a 52-year-old man was arrested in the area.&quot;</s> </p>
    <p id="23"><s id="24">The attack took place near the town's library where she regularly held meetings with constituents.</s> </p>
    <p id="24"><s id="25">Fellow MPs took to twitter to express their horror at the attack, with Labour MP Andy Burnham writing: &quot;What is happening to the world?&quot;</s> </p>
    <p id="25"><s id="26">Most British MPs have little or no security but such incidents are extremely rare.</s> </p>
    <p id="26"><s id="27">Labour MP Stephen Timms was stabbed twice in the stomach by a 21-year-old student in 2010 because he voted for Britain's 2003 invasion of Iraq.</s> <s id="28">His attacker was jailed for life for trying to kill him.</s> </p>
    <p id="27"><s id="29">bur-ar/dt/txw</s> </p>
    <p id="28"></p>
  </content>
</article>
