<article>
  <headers>
    <dct>20160325T183430Z</dct>
    <title>Suicide bomber kills 25 south of Baghdad: police</title>
    <dateline>Hilla, Iraq, March 25, 2016 (AFP) -</dateline>
    <credit>Agence France-Presse (AFP)</credit>
    <origin country="IRQ" city="Hilla" />
    <keywords>
      <keyword>unrest</keyword>
      <keyword>Iraq</keyword>
      <keyword>blast</keyword>
    </keywords>
    <categories>
      <iptc>16000000</iptc>
      <iptc>15000000</iptc>
      <iptc>15054000</iptc>
      <iptc>16001000</iptc>
      <iptc>16005002</iptc>
      <iptc infered="true">03014000</iptc>
    </categories>
  </headers>
  <content>
    <p id="1"><s id="1">A suicide bomber blew himself up in a crowd Friday after a local football game in a village south of Baghdad, killing at least 25 people, police and medics said.</s> </p>
    <p id="2"><s id="2">&quot;They were just handing the trophy to the winners, the suicide attacker blew himself up in the crowd,&quot; a police captain from the village, Al-Asriya, told AFP.</s> </p>
    <p id="3"><s id="3">The village is near Iskandariyah, a town about 40 kilometres (25 miles) south of the capital.</s> </p>
    <p id="4"><s id="4">The police captain said more than 50 people were also wounded in the blast.</s> </p>
    <p id="5"><s id="5">A source at Iskandariyah hospital confirmed the toll, warning that the casualties figure were preliminary and could rise.</s> </p>
    <p id="6"><s id="6">The medic told AFP that the attack took place around 7:00 pm (1600 GMT).</s> </p>
    <p id="7"><s id="7">There was no immediate claim taking responsibility for the blast but nearly all such attacks recently were carried out by the Islamic State (IS) group.</s> </p>
    <p id="8"><s id="8">Iskandariyah is part of a mixed Sunni-Shiite area south of Baghdad which was once dubbed &quot;the triangle of death&quot; and was badly affected by sectarian violence last decade.</s> </p>
    <p id="9"><s id="9">Pushing back IS in this region after the jihadists took over large parts of the country in 2014 was one of the priorities of the government and allied Shiite militias.</s> </p>
    <p id="10"><s id="10">That was achieved in a few months and IS has been largely eradicated from the area but violence -- of a sectarian nature and crime-driven -- has remained frequent.</s> </p>
    <p id="11"><s id="11">Further south, at least 47 people were killed when a truck bomb exploded at a checkpoint at the entrance of the city of Hilla on March 6.</s> </p>
    <p id="12"><s id="12">The attack was the deadliest car bomb explosion in Iraq this year.</s> </p>
    <p id="13"><s id="13">The jihadist group has been losing territory steadily in Iraq for almost a year.</s> </p>
    <p id="14"><s id="14">In the most recent operations, Iraqi forces have been gaining ground in the western province of Anbar and have just begun their reconquest of the province of Nineveh.</s> </p>
    <p id="15"><s id="15">In the cities the group retains control over, internal tension appears to be on the rise and the lack of supplies is taking its toll.</s> </p>
    <p id="16"><s id="16">Observers have warned that, as their self-proclaimed &quot;caliphate&quot; shrinks towards extinction, IS fighters are likely to revert to their old guerrilla tactics and ramp up suicide attacks on civilian targets.</s> </p>
    <p id="17"><s id="17">str-ak/jmm/hkb</s> </p>
    <p id="18"></p>
    <p id="19"></p>
    <p id="20"></p>
  </content>
</article>
