<article>
  <headers>
    <dct>20130713T015108Z</dct>
    <title>Six killed, many injured, after train derails near Paris</title>
    <dateline>BRETIGNY-SUR-ORGE, France, July 12, 2013 (AFP) -</dateline>
    <credit>Agence France-Presse (AFP)</credit>
    <origin country="FRA" city="Bretigny-sur-Orge" />
    <keywords>
      <keyword>rail</keyword>
      <keyword>transport</keyword>
      <keyword>France</keyword>
      <keyword>accident</keyword>
    </keywords>
    <categories>
      <iptc>04015000</iptc>
      <iptc>03013000</iptc>
      <iptc>04000000</iptc>
      <iptc>03010000</iptc>
      <iptc>03000000</iptc>
      <iptc>03010002</iptc>
      <iptc infered="true">04015002</iptc>
    </categories>
  </headers>
  <content>
    <p id="1"><s id="1">A high-speed train derailed and hit a station platform just south of Paris Friday, killing at least six people and injuring many more, France's worst rail accident in 25 years.</s> </p>
    <p id="2"><s id="2">Witnesses said the site of the crash resembled &quot;a war zone&quot;, with one survivor describing walking over a decapitated body to escape an overturned carriage.</s> </p>
    <p id="3"><s id="3">Rescuers were searching into the night for passengers who might be trapped in the wreckage.</s> </p>
    <p id="4"><s id="4">The train was a regional service heading from Paris to the west-central city of Limoges.</s> <s id="5">It derailed as it passed through the station at Bretigny-sur-Orge, about 25 kilometres (15 miles) south of Paris.</s> </p>
    <p id="5"><s id="6">Prime Minister Jean-Marc Ayrault, speaking from the accident site late on Friday, told reporters: &quot;The toll is currently six dead, 30 injured, of whom eight are in a serious condition.&quot;</s> </p>
    <p id="6"><s id="7">The injured were all being treated in local hospitals, he added.</s> </p>
    <p id="7"><s id="8">The head of the SNCF rail service, Guillaume Pepy, told reporters at the scene that six carriages had derailed during the accident.</s> <s id="9">The train's third and fourth carriages derailed first and the others followed, he added.</s> </p>
    <p id="8"><s id="10">Clearly shaken, he expressed the rail company's &quot;solidarity with the victims and their families&quot;.</s> </p>
    <p id="9"><s id="11">&quot;Rail catastrophes are something that upset everyone and all of those who are committed to our national rail service,&quot; he said.</s> </p>
    <p id="10"><s id="12">&quot;We don't yet know the reasons for this derailment,&quot; Pepy said.</s> <s id="13">The rail service, judicial authorities and France's BEA safety agency would each be investigating.</s> </p>
    <p id="11"><s id="14">Passenger Marc Cheutin, 57, told AFP he had to &quot;step over a decapitated person&quot; after the accident to exit the carriage he had been travelling in.</s> </p>
    <p id="12"><s id="15">&quot;Shortly after departure, just as I was getting into my book, we felt a first shock that shook the carriage I was in.... Then there was a second shock and the carriage lifted up, then a third and a fourth and the carriage went over on its side,&quot; he said.</s> </p>
    <p id="13"><s id="16">A witness who had been waiting for a train at the station, Vianey Kalisa, told AFP: &quot;I saw a lot of wounded people, women and children trapped inside (the carriages).</s> </p>
    <p id="14"><s id="17">&quot;I was shaking like a child.</s> <s id="18">People were screaming.</s> <s id="19">One man's face was covered in blood.</s> <s id="20">It was a like a war zone.&quot;</s> </p>
    <p id="15"><s id="21">In the immediate aftermath of the accident, dazed survivors, some in blood-stained clothing, stood near mangled train wagons and the crushed remains of a station platform.</s> </p>
    <p id="16"><s id="22">Director of security at SNCF Alain Krakovitch praised the quick reaction of the train driver.</s> </p>
    <p id="17"><s id="23">&quot;He felt jolts entering the station and applied the regulation measures in the space of a few seconds, which is to say a radio warning signal and a light warning signal,&quot; thus stopping all traffic in the area.</s> </p>
    <p id="18"><s id="24">His quick thinking avoided any collision with approaching trains, Krakovitch told reporters.</s> </p>
    <p id="19"><s id="25">Earlier in the evening French President Francois Hollande visited the scene and met officials.</s> </p>
    <p id="20"><s id="26">He confirmed that three investigations were underway, but added: &quot;We should avoid unnecessary speculation.</s> <s id="27">What happened will eventually be known and the proper conclusions will be drawn.&quot;</s> </p>
    <p id="21"><s id="28">Officials said the derailment happened at 5:14 pm (1514 GMT), minutes after the intercity train left the Paris-Austerlitz station.</s> </p>
    <p id="22"><s id="29">&quot;The train arrived at the station at high speed.</s> <s id="30">It split in two for an unknown reason.</s> <s id="31">Part of the train continued to roll while the other was left on its side on the platform,&quot; a police source told AFP.</s> </p>
    <p id="23"><s id="32">But a source with the SNCF told AFP: &quot;It was not a collision and it was not a problem with the speed.&quot;</s> </p>
    <p id="24"><s id="33">Transport Minister Frederic Cuvillier, who also visited the crash site, said the train had been travelling at 137 kilometres an hour (85 miles per hour) at the time of the crash.</s> </p>
    <p id="25"><s id="34">That was below the 150 kilometer-an-hour limit for that part of the track.</s> </p>
    <p id="26"><s id="35">Some 300 firefighters, 20 paramedic teams and eight helicopters were deployed to treat casualties at the scene and airlift the most seriously injured to nearby hospitals.</s> </p>
    <p id="27"><s id="36">In total, 192 people were treated by emergency services, officials said.</s> <s id="37">There were 385 passengers on the train.</s> </p>
    <p id="28"><s id="38">The accident occurred as many in France were departing for the start of their summer holidays ahead of Bastille Day on Sunday.</s> </p>
    <p id="29"><s id="39">In Brussels, EU Commission chief Jose Manuel Barroso expressed his condolences.</s> </p>
    <p id="30"><s id="40">&quot;The derailment of the train casts a pall over the holiday departures as your country is preparing its national day,&quot; he said in a message to Hollande.</s> </p>
    <p id="31"><s id="41">The derailment was France's worst rail accident since an SNCF commuter train crashed into a stationary train at Paris's Gare de Lyon terminal in 1988, killing 56 people.</s> </p>
    <p id="32"><s id="42">bur-jj/nss</s> </p>
  </content>
</article>
