<article>
  <headers>
    <dct>20161219T184901Z</dct>
    <title>Russian ambassador shot dead in Turkey attack</title>
    <dateline>Istanbul, Dec 19, 2016 (AFP) -</dateline>
    <credit>Agence France-Presse (AFP)</credit>
    <origin country="TUR" city="Istanbul" />
    <keywords>
      <keyword>Turkey</keyword>
      <keyword>ambassador</keyword>
      <keyword>Russia</keyword>
    </keywords>
    <categories>
      <iptc>16000000</iptc>
      <iptc>02001000</iptc>
      <iptc>11002000</iptc>
      <iptc>11000000</iptc>
      <iptc>11014000</iptc>
      <iptc>02000000</iptc>
    </categories>
  </headers>
  <content>
    <p id="1"><s id="1">A Turkish policeman crying &quot;Aleppo&quot; and &quot;revenge&quot; shot dead Russia's ambassador to Turkey at an art exhibition in Ankara on Monday, in what Moscow said was a &quot;terrorist act&quot;.</s> </p>
    <p id="2"><s id="2">Andrei Karlov died of his wounds after the shooting, which occurred on the eve of a key meeting between the Russian, Turkish and Iranian foreign ministers on the Syria conflict.</s> </p>
    <p id="3"><s id="3">Dramatic television footage showed a man in a dark suit and tie waving a gun and gesturing in the air at the Ankara exhibition hall.</s> </p>
    <p id="4"><s id="4">The state-run Anadolu news agency said the gunman had been &quot;neutralised&quot; in a police operation, without giving further details.</s> </p>
    <p id="5"><s id="5">&quot;Today in Ankara as a result of an attack the Russian ambassador to Turkey Andrei Karlov received wounds that he died from,&quot; ministry spokeswoman Maria Zakharova said in televised comments.</s> </p>
    <p id="6"><s id="6">&quot;We qualify what happened as a terrorist act.&quot;</s> </p>
    <p id="7"><s id="7">The Kremlin said President Vladimir Putin had been informed of the attack.</s> </p>
    <p id="8"><s id="8">The incident came after days of protests in Turkey over Russia's role in Syria, although Moscow and Ankara are now working closely together to evacuate citizens from the battered city of Aleppo.</s> </p>
    <p id="9"><s id="9">Pictures published by the Hurriyet daily showed at least two men in suits lying flat on the ground as another man brandished a gun.</s> </p>
    <p id="10"><s id="10">The mayor of Ankara identified the attacker as a Turkish policeman.</s> </p>
    <p id="11"></p>
    <p id="12"></p>
    <p id="13"><s id="11">The shooting took place at the Cagdas Sanatlar Merkezi, a major art exhibition hall in the Cankaya district of Ankara where most foreign embassies are located including Russia's mission.</s> </p>
    <p id="14"><s id="12">&quot;It happened during the opening of an exhibition,&quot; Hurriyet correspondent Hasim Kilic, who was at the scene, told AFP.</s> </p>
    <p id="15"><s id="13">&quot;When the ambassador was delivering a speech, a tall man wearing a suit, fired into the air first and then took aim at the ambassador,&quot; said Kilic.</s> </p>
    <p id="16"><s id="14">&quot;He said something about Aleppo and 'revenge'.</s> <s id="15">He ordered the civilians to leave the room.</s> <s id="16">When people were fleeing, he fired again,&quot; he added.</s> </p>
    <p id="17"><s id="17">Protesters in Turkey have held Moscow responsible for human rights violations in Aleppo.</s> </p>
    <p id="18"><s id="18">Turkish Interior Minister Suleyman Soylu was at the scene to supervise a police operation, Turkish television said.</s> </p>
    <p id="19"><s id="19">Turkey and Russia saw relations plunge to their worst levels since the Cold War last year when a Turkish jet shot down a Russian war plane over Syria.</s> </p>
    <p id="20"><s id="20">They stand on opposite sides of the Syria conflict with Ankara backing rebels trying to topple Moscow ally President Bashar al-Assad.</s> </p>
    <p id="21"><s id="21">But the rhetoric has warmed considerably since a a reconciliation deal was signed earlier this year and a Russian and Turkish-brokered deal has helped the evacuation of citizens from Aleppo in the last days.</s> </p>
    <p id="22"><s id="22">The attack comes a day before Turkish Foreign Minister Mevlut Cavusoglu, Russian counterpart Sergei Lavrov, and Foreign Minister Mohammad Javad Zarif of Iran, Assad's other key ally, were to hold unprecedented tripartite talks on the Syria conflict in Moscow.</s> </p>
    <p id="23"><s id="23">A Turkish official on Monday denied Ankara had forged any secret &quot;bargain&quot; with Moscow over the future of Syria, despite the improving cooperation that led to the deal for evacuations from Aleppo.</s> </p>
    <p id="24"><s id="24">sjw-fo/txw/ric</s> </p>
  </content>
</article>
