<article>
  <headers>
    <dct>20150627T043001Z</dct>
    <title>IS claims Tunisia seaside massacre</title>
    <dateline>Port el Kantaoui, Tunisia, June 27, 2015 (AFP) -</dateline>
    <credit>Agence France-Presse (AFP)</credit>
    <origin country="TUN" city="Port el Kantaoui" />
    <keywords>
      <keyword>unrest</keyword>
      <keyword>tourism</keyword>
      <keyword>Tunisia</keyword>
    </keywords>
    <categories>
      <iptc>16000000</iptc>
      <iptc>04014000</iptc>
      <iptc>04000000</iptc>
    </categories>
  </headers>
  <content>
    <p id="1"><s id="1">The Islamic State group on Saturday claimed responsibility for a massacre in a Tunisian seaside resort that killed nearly 40 people, most of them British tourists, in the worst attack in the country's recent history.</s> </p>
    <p id="2"><s id="2">Dozens more were wounded when a man pulled a gun from inside a beach umbrella and opened fire on crowds of tourists at the five-star Riu Imperial Marhaba Hotel in the popular Mediterranean resort of Port el Kantaoui.</s> </p>
    <p id="3"><s id="3">Tunisian Prime Minister Habib Essid said 38 people had been killed, revising down an earlier toll of 39 given by the health ministry.</s> <s id="4">An official there told AFP the original figure had included the dead gunman.</s> </p>
    <p id="4"><s id="5">Most of those killed were from Britain -- implying this could be the biggest loss of British life in a militant attack since the July 2005 bombings in London when 52 died -- while Germans, Belgians, French were also among the dead, the premier said.</s> </p>
    <p id="5"><s id="6">Britain's Foreign Secretary Philip Hammond said earlier five Britons had been killed and he expected the toll to rise, while his Irish counterpart confirmed an Irish woman was among the dead.</s> </p>
    <p id="6"><s id="7">The attack, the second against tourists in Tunisia this year, comes on the same day that 27 people were killed at a Shiite mosque in Kuwait and a suspected Islamist attacked a factory in France.</s> </p>
    <p id="7"><s id="8">IS claimed both the bombing and the attack in Tunisia, which came at the start of the holy Muslim month of Ramadan and just days before the first anniversary of the group declaring its territory in Iraq and Syria a &quot;caliphate&quot;.</s> </p>
    <p id="8"><s id="9">IS said the gunman, who they identified as Abu Yahya al-Qayrawani, was a &quot;solider of the caliphate&quot; who had targeted enemies of the jihadist group and &quot;dens (of...) fornication, vice and apostasy&quot;.</s> </p>
    <p id="9"><s id="10">Most of those killed were &quot;subjects of states that make up the crusader alliance fighting the state of the caliphate&quot;, the group said in a statement released on Twitter, referring to the group of countries that have been bombarding its positions in the Middle East.</s> </p>
    <p id="10"><s id="11">The attack, along with the killings in France and Kuwait, sparked a chorus of international condemnation with the White House vowing to &quot;fight the scourge of terrorism&quot; and UN Secretary-General Ban Ki-moon saying those responsible for the &quot;appalling&quot; attacks &quot;must be swiftly brought to justice&quot;.</s> </p>
    <p id="11"><s id="12">Tunisian Secretary of State for Security Rafik Chelly told Mosaique FM the gunman was a Tunisian student previously unknown to the authorities.</s> </p>
    <p id="12"><s id="13">&quot;He entered by the beach, dressed like someone who was going to swim, and he had a beach umbrella with his gun in it.</s> <s id="14">Then when he came to the beach he used his weapon,&quot; Chelly said.</s> </p>
    <p id="13"></p>
    <p id="14"></p>
    <p id="15"><s id="15">Witnesses described scenes of panic after the shooting at the hotel on the outskirts of Sousse, about 140 kilometres (90 miles) south of the capital Tunis.</s> </p>
    <p id="16"><s id="16">&quot;All I saw was a gun and an umbrella being dropped,&quot; British tourist Ellie Makin told ITV television.</s> </p>
    <p id="17"><s id="17">&quot;Then he started firing to the right-hand side of us.</s> <s id="18">If he had fired to the left I don't know what would have happened, but we were very lucky.&quot;</s> </p>
    <p id="18"><s id="19">The shooting was the worst in modern-day Tunisia and followed a March attack claimed by IS on Tunis's Bardo National Museum that killed 21 foreign tourists and a policeman.</s> </p>
    <p id="19"><s id="20">British tourist Gary Pine told Britain's Sky News television Friday's attack happened when the beach was packed.</s> <s id="21">He counted 20-30 shots.</s> </p>
    <p id="20"><s id="22">&quot;My son was in the sea at the time and of course my wife and myself were shouting for him to get out the sea quick and as we ran up the beach he said: 'I just saw someone get shot'.&quot;</s> </p>
    <p id="21"><s id="23">Briton Olivia Leathley, 24, heard &quot;loud bangs&quot; and when she went to the lobby to find out what was happening, she saw a woman whose husband had &quot;been shot in the stomach in front of her&quot;.</s> </p>
    <p id="22"><s id="24">&quot;All she said was that he'd been shot and that he was there bleeding on the beach and he was just saying, 'I love you, I love you', and then his eyes rolled back into his head.&quot;</s> </p>
    <p id="23"><s id="25">Another woman described how her fiance was shot three times while trying to protect her and was in intensive care in hospital.</s> </p>
    <p id="24"><s id="26">&quot;I owe him my life because he threw himself in front of me when the shooting started,&quot; 26-year-old holidaymaker Saera Wilson told the BBC.</s> </p>
    <p id="25"><s id="27">By the early hours of Saturday morning, hundreds of tourists were arriving at Enfidha airport in a mad scramble to leave the country, according to an AFP journalist on the scene.</s> </p>
    <p id="26"></p>
    <p id="27"></p>
    <p id="28"><s id="28">Essid on Saturday announced new anti-terrorism measures, including the deployment of reserve troops to reinforce security at &quot;sensitive sites... and places that could be targets of terrorist attacks&quot;.</s> </p>
    <p id="29"><s id="29">The &quot;exceptional plan to better secure tourist and archaeological sites&quot; will include &quot;deploying armed tourist security officers all along the coast and inside hotels from 1 July,&quot; he added.</s> </p>
    <p id="30"><s id="30">Tunisian President Beji Caid Essebsi told AFP that his country cannot stand up to the jihadist threat alone, and urged a unified global strategy.</s> </p>
    <p id="31"><s id="31">In Cairo, leading Sunni Muslim institution Al-Azhar called the &quot;heinous&quot; shooting a &quot;violation of all religious and humanitarian norms&quot;.</s> </p>
    <p id="32"><s id="32">Tunisia, birthplace of the Arab Spring, has seen a surge in radical Islam since veteran president Zine El Abidine Ben Ali was ousted in the 2011 revolution.</s> </p>
    <p id="33"><s id="33">Dozens of members of the security forces have been killed in jihadist attacks since then.</s> </p>
    <p id="34"><s id="34">In October 2013, a suicide bomber blew himself up in a botched attack on a Sousse beach while security forces foiled another planned attack nearby.</s> </p>
    <p id="35"><s id="35">Even before the latest attack, Tunisia's tourism industry had been bracing for a heavy blow from the Bardo shooting, but was determined to attract tourists with new security measures and advertising.</s> </p>
    <p id="36"><s id="36">Tourism accounts for seven percent of Tunisia's GDP and almost 400,000 direct and indirect jobs.</s> </p>
    <p id="37"><s id="37">burs/srm/cah/jah</s> </p>
  </content>
</article>
