<article>
  <headers>
    <dct>20160313T185452Z</dct>
    <title>Blast hits Ankara, causing deaths, injuries</title>
    <dateline>Ankara, March 13, 2016 (AFP) -</dateline>
    <credit>Agence France-Presse (AFP)</credit>
    <origin country="TUR" city="Ankara" />
    <keywords>
      <keyword>Turkey</keyword>
      <keyword>blast</keyword>
    </keywords>
    <categories>
      <iptc>03013000</iptc>
      <iptc>03014001</iptc>
      <iptc>03000000</iptc>
      <iptc>02000000</iptc>
      <iptc infered="true">03014000</iptc>
    </categories>
  </headers>
  <content>
    <p id="1"><s id="1">A explosion ripped through a busy square in central Ankara on Sunday, killing several people and wounding many more, according to local media reports, which described it as an attack.</s> </p>
    <p id="2"><s id="2">Ambulances rushed to the scene of the explosion on Kizilay square, a key shopping and transport hub close to the city's embassy area.</s> </p>
    <p id="3"><s id="3">Turkish television pictures showed burnt-out vehicles including a bus.</s> </p>
    <p id="4"><s id="4">The incident comes just weeks after 29 people were killed in a suicide car bomb attack targeting the military in Ankara on February 17 that was claimed by a Kurdish militant group.</s> </p>
    <p id="5"><s id="5">The Kurdistan Freedom Falcons (TAK) said it  carried out the February bombing as revenge for operations by the Turkish military in the southeast of the country and warned foreign tourists not to visit Turkey.</s> </p>
    <p id="6"><s id="6">Turkish security forces have been waging a major offensive against the outlawed Kurdistan Workers' Party (PKK) since December, imposing strict 24-hour curfews in a number of towns and cities in the southeast.</s> </p>
    <p id="7"><s id="7">Sunday's blast came as the authorities hit two more towns in the Kurdish-dominated southeast with curfews.</s> </p>
    <p id="8"><s id="8">Turkey has been hit by a spate of deadly attacks since the middle of last year, most of them blamed on the Islamic State group.</s> </p>
    <p id="9"><s id="9">In the deadliest bombing ever on Turkish soil, 103 people were killed and more than 500 wounded in twin suicide bombings targeting a pro-Kurdish peace rally in Ankara in October last year.</s> </p>
    <p id="10"><s id="10">ba/pdw/txw</s> </p>
    <p id="11"></p>
    <p id="12"></p>
  </content>
</article>
