<article>
  <headers>
    <dct>20141216T123344Z</dct>
    <title>Carnage as Taliban storm Pakistan school, kill 130</title>
    <dateline>PESHAWAR, Pakistan, Dec 16, 2014 (AFP) -</dateline>
    <credit>Agence France-Presse (AFP)</credit>
    <origin country="PAK" city="Peshawar" />
    <keywords>
      <keyword>Pakistan</keyword>
      <keyword>school</keyword>
      <keyword>unrest</keyword>
    </keywords>
    <categories>
      <iptc>16000000</iptc>
      <iptc infered="true">05005000</iptc>
    </categories>
  </headers>
  <content>
    <p id="1"><s id="1">Taliban insurgents killed at least 130 people, most of them children, after storming an army-run school in Pakistan on Tuesday in one of the country's bloodiest attacks in recent years.</s> </p>
    <p id="2"><s id="2">Witnesses described how a huge blast shook the Army Public School in the northwestern city of Peshawar and gunmen went from classroom to classroom, shooting children.</s> </p>
    <p id="3"><s id="3">Distraught parents thronged the city's Lady Reading Hospital in the wake of the attack, weeping uncontrollably as children's bodies arrived, their school uniforms drenched in blood.</s> </p>
    <p id="4"><s id="4">Irshadah Bibi, 40, whose 12-year-old son was among the dead, beat her face in grief, throwing herself against an ambulance.</s> </p>
    <p id="5"><s id="5">&quot;O God, why did you snatch away my son?</s> <s id="6">What is the sin of my child and all these children?&quot; she wept.</s> </p>
    <p id="6"><s id="7">The Tehreek-e-Taliban Pakistan (TTP) claimed responsibility for the attack as retaliation for a major military offensive in the region, saying militants had been ordered to shoot older students.</s> </p>
    <p id="7"><s id="8">The attack began around 10.30 am (0530 GMT) when a group of at least five insurgents, reportedly in military uniforms, entered the school.</s> </p>
    <p id="8"><s id="9">A security official told AFP that hundreds of students and staff were in the school when the attack began, though according to the military the bulk of them have been evacuated.</s> </p>
    <p id="9"><s id="10">Around five and a half hours after the attack began, the army's chief spokesman General Asim Bajwa said the attackers had been cleared from all but one of the school's buildings.</s> </p>
    <p id="10"><s id="11">Five militants had been killed, Bajwa said.</s> </p>
    <p id="11"><s id="12">Prime Minister Nawaz Sharif described the attack as a &quot;national tragedy unleashed by savages&quot;.</s> </p>
    <p id="12"><s id="13">&quot;These were my children.</s> <s id="14">This is my loss.</s> <s id="15">This is the nation's loss,&quot; he said.</s> </p>
    <p id="13"><s id="16">Provincial information minister Mushtaq Ghani told AFP the death toll had reached 130, with a similar number wounded.</s> <s id="17">The toll was confirmed by another provincial minister.</s> </p>
    <p id="14"><s id="18">Provincial chief minister Pervez Khattak said the attackers were wearing uniforms of the government paramilitary Frontier Corps.</s> </p>
    <p id="15"><s id="19">Mudassar Abbas, a physics laboratory assistant at the school, said some students were celebrating at a party when the attack began.</s> </p>
    <p id="16"><s id="20">&quot;I saw six or seven people walking class-to-class and opening fire on children,&quot; he said.</s> </p>
    <p id="17"><s id="21">One student said soldiers came to rescue them during a lull in the firing.</s> </p>
    <p id="18"><s id="22">&quot;When we were coming out of the class we saw dead bodies of our friends lying in the corridors.</s> <s id="23">They were bleeding.</s> <s id="24">Some were shot three times, some four times,&quot; the student said.</s> </p>
    <p id="19"><s id="25">&quot;The men entered the rooms one by one and started indiscriminate firing at the staff and students.&quot;</s> </p>
    <p id="20"></p>
    <p id="21"></p>
    <p id="22"><s id="26">The school on Peshawar's Warsak Road is part of the Army Public Schools and Colleges System, which runs 146 schools nationwide for the children of military personnel and civilians.</s> <s id="27">Its students range in age from around 10 to 18.</s> </p>
    <p id="23"><s id="28">The schools educate the children of both officers and non-commissioned soldiers and army wives often teach in them.</s> </p>
    <p id="24"><s id="29">TTP spokesman Muhammad Khorasani said the attack was carried out to avenge Taliban fighters and their families killed in the army's offensive against militant strongholds in North Waziristan.</s> </p>
    <p id="25"><s id="30">&quot;We are doing this because we want them to feel the pain of how terrible it is when your loved ones are killed,&quot; he said.</s> </p>
    <p id="26"><s id="31">&quot;We are taking this step so that their families should mourn as ours are mourning.&quot;</s> </p>
    <p id="27"><s id="32">The military has hailed the operation as a major success in disrupting the TTP's insurgency, which has killed thousands of Pakistanis since it erupted in 2007.</s> </p>
    <p id="28"><s id="33">More than 1,600 militants have been killed since the launch of Zarb-e-Azb in June, according to data compiled by AFP from regular military statements.</s> </p>
    <p id="29"><s id="34">Talat Masood, a retired general and security analyst, said the attack was intended to weaken the military's resolve.</s> </p>
    <p id="30"><s id="35">&quot;It is both tactical and strategic.</s> <s id="36">The militants know they won't be able to strike at the heart of the military, they don't have the capacity because the army are prepared,&quot; Masood told AFP.</s> </p>
    <p id="31"><s id="37">&quot;So they are going for soft targets.</s> <s id="38">These attacks have a great psychological impact.&quot;</s> </p>
    <p id="32"><s id="39">The semi-autonomous tribal areas that border Afghanistan have for years been a hideout for Islamist militants of all stripes -- including Al-Qaeda and the homegrown TTP as well as foreign fighters such as Uzbeks and Uighurs.</s> </p>
    <p id="33"><s id="40">str-jaf-ga/pdw/sm</s> </p>
  </content>
</article>
