<article>
  <headers>
    <dct>20150816T173519Z</dct>
    <title>Villagers find crashed Indonesian plane: official</title>
    <dateline>Jayapura, Indonesia, Aug 16, 2015 (AFP) -</dateline>
    <credit>Agence France-Presse (AFP)</credit>
    <origin country="IDN" city="Jayapura" />
    <keywords>
      <keyword>aviation</keyword>
      <keyword>accident</keyword>
      <keyword>Indonesia</keyword>
    </keywords>
    <categories>
      <iptc>04015001</iptc>
      <iptc>03013000</iptc>
      <iptc>04015000</iptc>
      <iptc>04000000</iptc>
      <iptc>03010000</iptc>
      <iptc>03000000</iptc>
      <iptc>03010003</iptc>
    </categories>
  </headers>
  <content>
    <p id="1"><s id="1">The wreckage of a passenger plane which went missing with 54 people aboard in rugged eastern Indonesia Sunday has been found by villagers, an official said, with rescuers expected to head to the crash site.</s> </p>
    <p id="2"><s id="2">The plane operated by Indonesian carrier Trigana Air lost contact with air traffic control just before 3:00 pm (0600 GMT) after taking off from Jayapura, the capital of Papua province, the search and rescue agency said.</s> </p>
    <p id="3"><s id="3">The ATR 42-300 twin-turboprop plane was carrying 44 adult passengers, five children and five crew on the flight which was scheduled to take about 45 minutes, it said.</s> </p>
    <p id="4"><s id="4">But the plane disappeared about 10 minutes before reaching its destination Oksibil, a remote settlement in the mountains south of Jayapura, shortly after it asked permission to start descending to land.</s> </p>
    <p id="5"><s id="5">Officials said initially that villagers in the Okbape district of Papua reported seeing a plane crash.</s> <s id="6">The transport ministry later said local residents had found the wreckage.</s> </p>
    <p id="6"><s id="7">&quot;The plane has been found (by villagers).</s> <s id="8">According to residents, the flight had crashed into a mountain,&quot; said the transport ministry's director-general of air transportation, Suprasetyo, who goes by one name.</s> </p>
    <p id="7"><s id="9">Officials were still verifying the information from local residents, he said.</s> <s id="10">There was no information about whether anyone may have survived.</s> </p>
    <p id="8"><s id="11">Search and rescue teams, police and the military would head to the site as soon as possible Monday, said transport ministry spokesman J. A. Barata.</s> </p>
    <p id="9"></p>
    <p id="10"></p>
    <p id="11"><s id="12">After the plane failed to land, Trigana Air sent another flight over the area to hunt for it but the aircraft failed to spot anything due to bad weather.</s> </p>
    <p id="12"><s id="13">Captain Beni Sumaryanto, Trigana Air's service director of operations, told AFP that Oksibil was &quot;a mountainous area where the weather is very unpredictable.</s> <s id="14">It can suddenly turn foggy, dark and windy without warning.</s> </p>
    <p id="13"><s id="15">&quot;We strongly suspect it's a weather issue.</s> <s id="16">It is not overcapacity, as the plane could take 50 passengers.&quot;</s> </p>
    <p id="14"><s id="17">Barata said the weather in the area had been &quot;very dark and cloudy&quot;.</s> </p>
    <p id="15"><s id="18">Trigana Air is a small airline established in 1991 that operates domestic services to around 40 destinations in Indonesia.</s> </p>
    <p id="16"><s id="19">It has suffered 14 serious incidents since it began operations, according to the Aviation Safety Network, which monitors air accidents.</s> </p>
    <p id="17"><s id="20">The airline is on a blacklist of carriers banned from European Union airspace.</s> </p>
    <p id="18"><s id="21">Small aircraft are commonly used for transport in remote and mountainous Papua and bad weather has caused several accidents in recent years.</s> </p>
    <p id="19"><s id="22">On Wednesday a Cessna propeller plane crashed in Papua's Yahukimo district, killing one person and seriously injuring the five others on board.</s> <s id="23">Officials suspect that crash was caused by bad weather.</s> </p>
    <p id="20"><s id="24">Indonesia has a patchy aviation safety record.</s> <s id="25">In December an AirAsia plane flying from the Indonesian city of Surabaya to Singapore crashed in the Java Sea during stormy weather, killing all 162 people on board.</s> </p>
    <p id="21"><s id="26">In June an Indonesian military plane crashed into a residential neighbourhood in the city of Medan, exploding in a fireball and killing 142 people.</s> </p>
    <p id="22"><s id="27">The aviation sector in Indonesia is expanding fast as the economy booms but airlines are struggling to find enough well-trained personnel to keep up with the rapid growth.</s> </p>
    <p id="23"><s id="28">sr-aa/fa/fg</s> </p>
    <p id="24"><s id="29">AirAsia</s> </p>
    <p id="25"></p>
  </content>
</article>
