<article>
  <headers>
    <dct>20161220T105742Z</dct>
    <title>German Xmas markets should stay open after 'attack': interior ministry</title>
    <dateline>Berlin, Dec 20, 2016 (AFP) -</dateline>
    <credit>Agence France-Presse (AFP)</credit>
    <origin country="DEU" city="Berlin" />
    <keywords>
      <keyword>market</keyword>
      <keyword>politics</keyword>
      <keyword>police</keyword>
      <keyword>attack</keyword>
      <keyword>Germany</keyword>
    </keywords>
    <categories>
      <iptc>16000000</iptc>
      <iptc>12014001</iptc>
      <iptc>02003000</iptc>
      <iptc>11000000</iptc>
      <iptc>12000000</iptc>
      <iptc>02003001</iptc>
      <iptc>12014000</iptc>
      <iptc>16001000</iptc>
      <iptc>02000000</iptc>
      <iptc>12025000</iptc>
    </categories>
  </headers>
  <content>
    <p id="1"><s id="1">Germany's interior ministry said Tuesday that the truck ramming through a Berlin crowd, killing 12, was an &quot;attack&quot; but that there was no reason to close the country's popular Christmas markets.</s> </p>
    <p id="2"><s id="2">After a telephone conference between Interior Minister Thomas de Maiziere and his regional counterparts, the ministry said they agreed &quot;that Christmas markets and other big events should continue to take place&quot;.</s> </p>
    <p id="3"><s id="3">Calling the incident that left almost 50 others injured an &quot;attack&quot;, the ministry said in a statement that &quot;regardless of what we may learn about the exact motives of the assailant, we must not let our free way of life to be taken from us.&quot;</s> </p>
    <p id="4"><s id="4">dlc/fz/wdb</s> </p>
    <p id="5"></p>
  </content>
</article>
