<article>
  <headers>
    <dct>20110613T064808Z</dct>
    <title>New quakes rock New Zealand's Christchurch</title>
    <dateline>CHRISTCHURCH, New Zealand, June 13, 2011 (AFP) -</dateline>
    <credit>Agence France-Presse (AFP)</credit>
    <origin country="NZL" city="CHRISTCHURCH" />
    <keywords>
      <keyword>quake</keyword>
      <keyword>NZealand</keyword>
    </keywords>
    <categories>
      <iptc>03002000</iptc>
    </categories>
  </headers>
  <content>
    <p id="1"><s id="1">A series of powerful earthquakes, including one of magnitude 6.0, rocked New Zealand's stricken city of Christchurch on Monday causing further damage.</s> </p>
    <p id="2"><s id="2">More buildings came down and there was severe disruption to electricity and water supplies, with Christchurch still recovering from the destruction of the deadly 6.3 earthquake in February which killed 181 people.</s> </p>
    <p id="3"><s id="3">&quot;We are in a serious situation,&quot; said Bob Parker, mayor of New Zealand's second-largest city.</s> </p>
    <p id="4"><s id="4">The National Crisis Management Centre controller David Coetzee said there were no reported fatalities from the latest tremors but at least 10 people were injured and more buildings in the central business district collapsed.</s> </p>
    <p id="5"><s id="5">Power company Orion said electricity had been cut to 54,000 homes and council staff said they had lost water pressure across the city.</s> </p>
    <p id="6"><s id="6">The US Geological Survey measured the largest quake at a magnitude of 6.0, with a depth of nine kilometres (5.6 miles) and the epicentre some 14 kilometres from the heart of the city.</s> <s id="7">It hit at 2:20pm (0220 GMT).</s> </p>
    <p id="7"><s id="8">It followed a string of shocks early Monday, including a 5.2-magnitude jolt which caused building damage in the city, and came just as schools were about to end for the day.</s> <s id="9">All schools have now been closed until further notice.</s> </p>
    <p id="8"><s id="10">&quot;It will be a restless night,&quot; Parker warned.</s> <s id="11">&quot;It's pretty realistic to expect overnight we will have some more aftershocks.</s> </p>
    <p id="9"><s id="12">&quot;If you don't have power and don't have water at the moment assume you won't have them overnight.&quot;</s> </p>
    <p id="10"><s id="13">Police confirmed at least one building had fallen over in central Christchurch, which remains blocked off after the February 22 earthquake levelled much of the city, but said nobody was trapped.</s> </p>
    <p id="11"><s id="14">&quot;We've checked the collapsed building and it's all clear,&quot; a police spokesman told AFP.</s> <s id="15">The size of the building was not known.</s> </p>
    <p id="12"><s id="16">In an outer suburb a block of shops vacant since being damaged in February also collapsed, as did the historic 134-year-old Timeball Station -- which used to indicate the time to ships -- in the port area of Lyttelton.</s> </p>
    <p id="13"><s id="17">The 6.0 quake prompted police to evacuate parts of the damaged central city known as the red zone, while rock falls closed several bridges and rocks littered the roads in hill areas.</s> </p>
    <p id="14"><s id="18">The central police station was temporarily evacuated until it was declared safe by engineers.</s> </p>
    <p id="15"><s id="19">Police urged residents to check on friends and neighbours, and to stay at home and avoid travelling if possible, but locals gridlocked the roads as they attempted to find their way home and reach their families.</s> </p>
    <p id="16"><s id="20">The series of quakes came just hours after the opening of an inquest examining why an office block collapsed in February's earthquake, killing more than 100 people, including 65 foreign students.</s> </p>
    <p id="17"><s id="21">When the first tremors hit around lunchtime, lawyers and relatives of those killed when the Canterbury Television (CTV) building toppled and then burst into flames on February 22 fled the building as windows rattled.</s> </p>
    <p id="18"><s id="22">&quot;They're a terrible reminder,&quot; said Mike Barry, whose sister was killed in February.</s> </p>
    <p id="19"><s id="23">The inquest was briefly suspended twice by the ongoing earthquakes before being adjourned for the day after the 6.0 shake.</s> </p>
    <p id="20"><s id="24">Geoscience Australia seismologist David Jepson said people would have been quite strongly shaken after the seismic activity New Zealand's South Island had endured in recent months.</s> </p>
    <p id="21"><s id="25">&quot;It seems like they are going to keep happening.</s> <s id="26">Since they had that really big earthquake it seems to me like it activated all these different faults.</s> <s id="27">But it's just a guessing game what is going to happen next,&quot; he said.</s> </p>
    <p id="22"><s id="28">One Christchurch city worker, who identified himself only as Bryce, said he was pleased he was about to move to Auckland.</s> </p>
    <p id="23"><s id="29">&quot;It's three days till I leave this earthquake-ridden town.</s> <s id="30">I can't wait.&quot;</s> </p>
    <p id="24"><s id="31">bur-cf/slb</s> </p>
  </content>
</article>
