<article>
  <headers>
    <dct>20160805T121536Z</dct>
    <title>Gunmen kill 12 in attack on market in northeast India</title>
    <dateline>Guwahati, India, Aug 5, 2016 (AFP) -</dateline>
    <credit>Agence France-Presse (AFP)</credit>
    <origin country="IND" city="Guwahati" />
    <keywords>
      <keyword>politics</keyword>
      <keyword>unrest</keyword>
      <keyword>India</keyword>
    </keywords>
    <categories>
      <iptc>16000000</iptc>
      <iptc>11000000</iptc>
      <iptc>16003000</iptc>
    </categories>
  </headers>
  <content>
    <p id="1"><s id="1">Gunmen on Friday opened fire on a busy market in a restive area of northeast India, killing 12 people and wounding several others, police said.</s> </p>
    <p id="2"><s id="2">One of the men was killed by security forces after the attack, said Mukesh Sahay, director general of police for Assam state, where the attack took place.</s> </p>
    <p id="3"><s id="3">&quot;Extremists attacked unarmed people in a marketplace.</s> <s id="4">Some 12 people have lost their lives,&quot; said Sahay.</s> </p>
    <p id="4"><s id="5">The attackers also used a grenade, setting off a fire at a building in the marketplace which was packed with shoppers, he said.</s> </p>
    <p id="5"><s id="6">The state government said police and paramilitary reinforcements had been rushed to the scene in Balajan, around 220 kilometres (140 miles) west of Assam's main city of Guwahati.</s> </p>
    <p id="6"><s id="7">It was not immediately clear who was behind the attack which took place in a remote part of Assam near the border with Bhutan that is home to the indigenous Bodo people.</s> </p>
    <p id="7"><s id="8">They waged a decades-long violent campaign for a separate homeland that has died down in recent years, but tensions with other communities in the area persist, particularly over land ownership.</s> </p>
    <p id="8"><s id="9">In 2014 thousands of people fled the area after a series of coordinated attacks by armed rebels that left at least 69 people dead, 18 of them children.</s> </p>
    <p id="9"><s id="10">&quot;It is very unfortunate because peace had actually returned to entire Bodoland area in Assam,&quot; said junior home minister Kiren Rijiju after the latest incident.</s> </p>
    <p id="10"><s id="11">&quot;We have to ascertain that who are exactly the people behind this dastardly act, it is very unfortunate so many people lost their lives.&quot;</s> </p>
    <p id="11"><s id="12">str-cc/mtp</s> </p>
  </content>
</article>
