<article>
  <headers>
    <dct>20160313T182721Z</dct>
    <title>Dead and wounded in blast in central Ankara: media</title>
    <dateline>Ankara, March 13, 2016 (AFP) -</dateline>
    <credit>Agence France-Presse (AFP)</credit>
    <origin country="TUR" city="Ankara" />
    <keywords>
      <keyword>Turkey</keyword>
      <keyword>toll</keyword>
      <keyword>blast</keyword>
    </keywords>
    <categories>
      <iptc>16000000</iptc>
      <iptc>03013000</iptc>
      <iptc>16003000</iptc>
      <iptc>03014001</iptc>
      <iptc>03000000</iptc>
      <iptc infered="true">03014000</iptc>
    </categories>
  </headers>
  <content>
    <p id="1"><s id="1">Several people were killed and many more wounded in a blast in the heart of the Turkish capital Ankara on Sunday, local media reported, speaking of an attack.</s> </p>
    <p id="2"><s id="2">Ambulances rushed to the scene of the explosion on Kizilay square, a key hub in the city, and television pictures showed burnt-out vehicles including a bus.</s> </p>
    <p id="3"><s id="3">It comes just weeks after almost 30 people were killed in a car bomb attack targeting the military in the city on February 18.</s> </p>
    <p id="4"><s id="4">ba/txw/har</s> </p>
  </content>
</article>
