<article>
  <headers>
    <dct>20160717T175316Z</dct>
    <title>Two US police officers dead, five injured in Baton Rouge: media</title>
    <dateline>Washington, July 17, 2016 (AFP) -</dateline>
    <credit>Agence France-Presse (AFP)</credit>
    <origin country="USA" city="Washington" />
    <keywords>
      <keyword>police</keyword>
      <keyword>BatonRouge</keyword>
      <keyword>shooting</keyword>
      <keyword>US</keyword>
    </keywords>
    <categories>
      <iptc>02001000</iptc>
      <iptc>02003000</iptc>
      <iptc>02003001</iptc>
      <iptc>02000000</iptc>
      <iptc infered="true">15051000</iptc>
    </categories>
  </headers>
  <content>
    <p id="1"><s id="1">A gunman killed at least two police officers and injured at least five more in Baton Rouge, Louisiana on Sunday, local media reported.</s> </p>
    <p id="2"><s id="2">Several of those injured were reported to be in critical condition.</s> </p>
    <p id="3"><s id="3">&quot;The scene seems to be contained right now,&quot; Baton Rouge police spokesman Don Coppola told television station WAFB.</s> </p>
    <p id="4"><s id="4">grf/bbk</s> </p>
  </content>
</article>
