<article>
  <headers>
    <dct>20151115T005134Z</dct>
    <title>10 dead as French high-speed train derails during test run</title>
    <dateline>Eckwersheim, France, Nov 14, 2015 (AFP) -</dateline>
    <credit>Agence France-Presse (AFP)</credit>
    <origin country="FRA" city="Eckwersheim" />
    <keywords>
      <keyword>derailment</keyword>
      <keyword>France</keyword>
      <keyword>train</keyword>
    </keywords>
    <categories>
      <iptc>03013000</iptc>
      <iptc>03010000</iptc>
      <iptc>03000000</iptc>
    </categories>
  </headers>
  <content>
    <p id="1"><s id="1">At least 10 people were killed and five more were missing after a French high-speed train derailed during a test run on Saturday, local officials said, the first fatal accident since the TGV trains were introduced more than 30 years ago.</s> </p>
    <p id="2"><s id="2">The victims were among the team of 49 technicians aboard the train which derailed near Strasbourg, northeastern France.</s> <s id="3">There were no other passengers.</s> </p>
    <p id="3"><s id="4">The train was running at around 350 kph (217 mph) on a high-speed line as part of testing for the next generation of TGV due to go into service in Spring 2016, a source close to the inquiry said.</s> </p>
    <p id="4"><s id="5">Another 37 people were injured, including 12 people in critical condition, local officials said.</s> </p>
    <p id="5"><s id="6">Five others were said to be missing with some people &quot;still trapped under the carriages&quot; , according to French Environment and Sustainable Development Minister Segolene Royal.</s> </p>
    <p id="6"><s id="7">The train ended up under a bridge in the water of a roughly 40-metre (130-foot) wide canal.</s> </p>
    <p id="7"><s id="8">Search and rescue teams, with sniffer dogs, were set to continue work throughout the night.</s> </p>
    <p id="8"><s id="9">Royal, who visited the crash site later Saturday, as did transport secretary Alain Vidal, called it &quot;an apocalyptic scene&quot; and expressed her solidarity with the family of the victims.</s> </p>
    <p id="9"><s id="10">The accident happened &quot;because of excessive speed&quot; at Eckwersheim in eastern France as technicians were on board for testing, said Dominique-Nicolas Jane, a senior official in the Alsace region.</s> </p>
    <p id="10"><s id="11">However, police said the cause of the crash had not been determined.</s> <s id="12">A source close to the investigation said dozens of technicians were aboard.</s> </p>
    <p id="11"></p>
    <p id="12"></p>
    <p id="13"><s id="13">The accident is the first fatal accident since the TGV (&quot;train grande vitesse&quot; or high-speed train) went into service in France in 1981.</s> </p>
    <p id="14"><s id="14">The damaged silver and black front on the train could be seen lying in the canal under a bridge, with the next carriage straddling the bank and the water.</s> </p>
    <p id="15"><s id="15">A great plume of black smoke could be seen from several kilometres (miles) away, including from the suburbs of Strasbourg near the German border.</s> </p>
    <p id="16"><s id="16">Youngsters playing at a nearby skate-park spoke of acrid fumes.</s> </p>
    <p id="17"><s id="17">A police dive team, helicopters and tens of rescue vehicles were sent to the scene in response to the crash.</s> </p>
    <p id="18"><s id="18">The accident occurred in a non-residential area, though with some house-boats elsewhere along the canal.</s> </p>
    <p id="19"><s id="19">A search was underway to retrieve the train's black box data storage units said Stephane Ottavi, police commander for the surrounding Alsace region.</s> </p>
    <p id="20"><s id="20">While there have been derailments of French TGV trains in the past none have had this kind of tragic outcome.</s> </p>
    <p id="21"><s id="21">Previously the worst train accident in France in recent years occurred in July 2013 when a commuter train derailed in a Paris suburb killing seven people and injuring dozens more.</s> </p>
    <p id="22"><s id="22">In the same month 80 people died when a high-speed train went off the rails and ploughed into a siding in neighbouring Spain.</s> </p>
    <p id="23"><s id="23">Saturday's accident happened with France on high alert following a string of deadly attacks in Paris late Friday.</s> </p>
    <p id="24"><s id="24">However there were no signs that the train derailment was anything other than an accident during testing.</s> </p>
    <p id="25"><s id="25">In August a Moroccan man was overpowered by two young American servicemen after he opened fire with a Kalashnikov on board a TGV train between Amsterdam and Paris.</s> </p>
    <p id="26"><s id="26">The new trains are designed to provide speedy journeys from Paris to eastern France and eventually into Luxembourg.</s> </p>
    <p id="27"><s id="27">ab/jlc/pvh/ser</s> </p>
  </content>
</article>
