<article>
  <headers>
    <dct>20150420T000943Z</dct>
    <title>null</title>
    <origin country="FIN" city="Helsinki" />
    <keywords>
      <keyword>ALERT</keyword>
    </keywords>
    <categories>
      <iptc>11000000</iptc>
      <iptc>11003004</iptc>
      <iptc>11003000</iptc>
    </categories>
  </headers>
  <content>
    <p id="1"><s id="1">Opposition Centre wins Finnish vote, eurosceptic party second: final results</s> </p>
    <p id="2"><s id="2">hh/po/mfp</s> </p>
    <p id="3"></p>
  </content>
</article>
