<article>
  <headers>
    <dct>20160817T164610Z</dct>
    <title>Train crashes in France, around 10 seriously injured: rescuers</title>
    <dateline>Montpellier, France, Aug 17, 2016 (AFP) -</dateline>
    <credit>Agence France-Presse (AFP)</credit>
    <origin country="FRA" city="Montpellier" />
    <keywords>
      <keyword>transport</keyword>
      <keyword>France</keyword>
      <keyword>accident</keyword>
    </keywords>
    <categories>
      <iptc>03013000</iptc>
      <iptc>04015000</iptc>
      <iptc>04015002</iptc>
      <iptc>04000000</iptc>
      <iptc>03010000</iptc>
      <iptc>03000000</iptc>
      <iptc>03010002</iptc>
    </categories>
  </headers>
  <content>
    <p id="1"><s id="1">A regional train crashed Wednesday near Montpellier in southern France, leaving around 10 people with &quot;serious injuries&quot;, rescue workers said.</s> </p>
    <p id="2"><s id="2">The train travelling between Nimes and Montpellier hit a tree that had fallen on the track at the small town of Le Cres, they said, adding that another 50 people had suffered minor injuries.</s> </p>
    <p id="3"><s id="3">cor-bbm/gj/kjl</s> </p>
  </content>
</article>
