<article>
  <headers>
    <dct>20150107T162616Z</dct>
    <title>12 dead in 'terrorist' attack at Paris paper</title>
    <dateline>Paris, Jan 7, 2015 (AFP) -</dateline>
    <credit>Agence France-Presse (AFP)</credit>
    <origin country="FRA" city="Paris" />
    <keywords>
      <keyword>attacks</keyword>
      <keyword>media</keyword>
      <keyword>France</keyword>
    </keywords>
    <categories>
      <iptc>02001000</iptc>
      <iptc>04010000</iptc>
      <iptc>04000000</iptc>
      <iptc>02000000</iptc>
      <iptc>01026000</iptc>
      <iptc>01000000</iptc>
      <iptc infered="true">16001000</iptc>
    </categories>
  </headers>
  <content>
    <p id="1"><s id="1">Heavily armed gunmen massacred 12 people on Wednesday after bursting into the Paris offices of a satirical weekly that had long outraged Muslims with controversial cartoons of the prophet Mohammed.</s> </p>
    <p id="2"><s id="2">The late-morning attack on the Charlie Hebdo headquarters in a quiet neighbourhood was the bloodiest in France for at least four decades.</s> </p>
    <p id="3"><s id="3">Victims included three cartoonists and the chief editor who had been holding a morning meeting when the assailants armed with Kalashnikovs opened fire, officials said.</s> </p>
    <p id="4"><s id="4">Police said witnesses heard the attackers shout &quot;we have avenged the prophet&quot; and &quot;Allahu akbar&quot; (God is greatest).</s> </p>
    <p id="5"><s id="5">President Francois Hollande immediately rushed to the scene of what he called &quot;an act of exceptional barbarism.&quot;</s> </p>
    <p id="6"><s id="6">Amateur video shot after the bloodbath showed two men masked and dressed head-to-toe in black military style outfits leaving the building, then shooting a wounded policeman in cold blood as he lay on the pavement.</s> </p>
    <p id="7"><s id="7">The gunmen, who appear to be calm, then returned to a black Citroen and drove off.</s> </p>
    <p id="8"><s id="8">Large numbers of police and ambulances rushed to the scene, where shocked residents spilled into the streets.</s> <s id="9">Reporters saw bullet-riddled windows and people being carried out on stretchers.</s> </p>
    <p id="9"><s id="10">The gunmen remained at large by early evening and there was no claim of responsibility.</s> <s id="11">The interior minister said three assailants took part.</s> </p>
    <p id="10"><s id="12">Two police were confirmed among the dead and four people were critically injured.</s> </p>
    <p id="11"><s id="13">The capital was immediately placed under the highest alert status.</s> </p>
    <p id="12"><s id="14">The attack took place at a time of heightened fears in France and other European capitals over fallout from the wars in Iraq and Syria, where hundreds of European citizens have gone to fight alongside the radical Islamic State group.</s> </p>
    <p id="13"><s id="15">In a sign of such tensions, a media group's office in Madrid was evacuated later in the day after a suspicious package was sent there.</s> </p>
    <p id="14"></p>
    <p id="15"></p>
    <p id="16"><s id="16">One man, who witnessed the attack, described a scene like &quot;in a movie.&quot;</s> </p>
    <p id="17"><s id="17">&quot;I saw them leaving and shooting.</s> <s id="18">They were wearing masks.</s> <s id="19">These guys were serious,&quot; said the man who declined to give his name.</s> <s id="20">&quot;At first I thought it was special forces chasing drug traffickers or something.&quot;</s> </p>
    <p id="18"><s id="21">An employee at a nearby daycare center said he was walking with children when panic erupted.</s> </p>
    <p id="19"><s id="22">&quot;People leaned out of the window and yelled at me to get off the pavement,&quot; he said.</s> </p>
    <p id="20"><s id="23">&quot;We got out of there very fast,&quot; said Jean-Paul Chevalier, 56.</s> <s id="24">&quot;People were panicking.</s> <s id="25">I heard shooting.&quot;</s> </p>
    <p id="21"><s id="26">Hollande called for &quot;national unity&quot;, adding that &quot;several terrorist attacks had been foiled in recent weeks&quot;.</s> </p>
    <p id="22"><s id="27">US President Barack Obama condemned the attack and pledged assistance, while British Prime Minister David Cameron called it &quot;sickening.&quot;</s> </p>
    <p id="23"><s id="28">German Chancellor Angela Merkel said the attack was &quot;despicable&quot; and Russian President Vladimir Putin condemned the violence along with the Arab League.</s> </p>
    <p id="24"><s id="29">Wednesday's shooting is one of the worst attacks in France in decades.</s> </p>
    <p id="25"><s id="30">In 1995, a bomb in a commuter train blamed on Algerian extremists exploded at the Saint Michel metro station in Paris, killing eight and wounding 119.</s> </p>
    <p id="26"><s id="31">Al-Qaeda inspired gunman Mohamed Merah killed seven people in and around the southern city of Toulouse in 2012.</s> <s id="32">His victims included three French soldiers and four Jews -- three children and a rabbi.</s> </p>
    <p id="27"></p>
    <p id="28"></p>
    <p id="29"><s id="33">The satirical newspaper attacked Wednesday gained notoriety in February 2006 when it reprinted cartoons of the Prophet Mohammed that had originally appeared in Danish daily Jyllands-Posten, causing fury across the Muslim world.</s> </p>
    <p id="30"><s id="34">Its offices were fire-bombed in November 2011 when it published a cartoon of Mohammed under the title &quot;Sharia Hebdo&quot;.</s> </p>
    <p id="31"><s id="35">Despite being taken to court under anti-racism laws, the weekly continued to publish controversial cartoons of the Muslim prophet.</s> </p>
    <p id="32"><s id="36">In September 2012, Charlie Hebdo published cartoons of a naked Mohammed as violent protests were taking place in several countries over a low-budget film, titled &quot;Innocence of Muslims&quot;, which was made in the United States and insulted the prophet.</s> </p>
    <p id="33"><s id="37">Editor-in-chief Stephane Charbonnier, known as Charb and who had lived under police protection after receiving death threats, was among those killed in Wednesday's attack.</s> </p>
    <p id="34"><s id="38">Others left dead included the cartoonists known as Cabu, Tignous and Wolinski.</s> </p>
    <p id="35"><s id="39">The paper's last tweet on Wednesday morning before the attack included a cartoon of Islamic State group leader Abu Bakr al-Baghdadi and Happy New Year wishes.</s> </p>
    <p id="36"><s id="40">This week's front page featured controversial author French Michel Houellebecq, whose latest book &quot;Soumission&quot;, or &quot;Submission,&quot; which imagines a France in the near future that is ruled by an Islamic government, came out Wednesday.</s> </p>
    <p id="37"><s id="41">The book has widely been touted as tapping into growing unease among non-Muslim French about immigration and the rise of Islamic influence in society.</s> </p>
    <p id="38"><s id="42">burs-mjs/ric/jz/sms</s> </p>
    <p id="39"></p>
  </content>
</article>
