<article>
  <headers>
    <dct>20151031T002118Z</dct>
    <title>25 dead in Bucharest disco fire: interior ministry</title>
    <dateline>Bucharest, Oct 30, 2015 (AFP) -</dateline>
    <credit>Agence France-Presse (AFP)</credit>
    <origin country="ROU" city="Bucharest" />
    <keywords>
      <keyword>Romania</keyword>
      <keyword>disco</keyword>
      <keyword>fire</keyword>
    </keywords>
    <categories>
      <iptc>03004000</iptc>
      <iptc>03000000</iptc>
    </categories>
  </headers>
  <content>
    <p id="1"><s id="1">At least 25 people were killed after fire raged through a nightclub in Bucharest late Friday, the Romanian interior ministry said.</s> </p>
    <p id="2"><s id="2">&quot;So far, 88 people have been taken to several hospitals in the capital.</s> <s id="3">Twenty-five people are dead,&quot; the ministry said.</s> </p>
    <p id="3"><s id="4">Interior Minister Gabriel Oprea labelled the fire a &quot;tragedy,&quot; while President Klaus Iohannis said he was &quot;shocked&quot; by the deaths.</s> </p>
    <p id="4"><s id="5">&quot;It is a very sad moment for our nation,&quot;he said on his Facebook page.</s> </p>
    <p id="5"><s id="6">ilp/mct/cah/mtp</s> </p>
    <p id="6"></p>
  </content>
</article>
