<article>
  <headers>
    <dct>20160116T011922Z</dct>
    <title>At least 20 dead in Burkina Faso hotel attack: hospital chief</title>
    <dateline>Ouagadougou, Jan 16, 2016 (AFP) -</dateline>
    <credit>Agence France-Presse (AFP)</credit>
    <origin country="BFA" city="Ouagadougou" />
    <keywords>
      <keyword>attack</keyword>
      <keyword>hotel</keyword>
      <keyword>Burkina</keyword>
      <keyword>toll</keyword>
    </keywords>
    <categories>
      <iptc>16000000</iptc>
      <iptc infered="true">16001000</iptc>
      <iptc infered="true">04014002</iptc>
    </categories>
  </headers>
  <content>
    <p id="1"><s id="1">At least 20 people have been killed and another 15 wounded in an ongoing assault on a hotel in the capital of Burkina Faso on Friday night, a hospital chief told AFP.</s> </p>
    <p id="2"><s id="2">&quot;For the dead, we do not have a precise figure, but there are at least 20 dead,&quot; said Robert Sangare, the head of Yalgado Ouedraogo hospital.</s> </p>
    <p id="3"><s id="3">&quot;We have had at least 15 wounded with bullet wounds and others who suffered injuries during the panic to escape.&quot;</s> </p>
    <p id="4"><s id="4">roh-pgf/as/psr</s> </p>
  </content>
</article>
