<article>
  <headers>
    <dct>20160112T110720Z</dct>
    <title>Ten killed in blast in Istanbul's tourist heart</title>
    <dateline>Istanbul, Jan 12, 2016 (AFP) -</dateline>
    <credit>Agence France-Presse (AFP)</credit>
    <origin country="TUR" city="Istanbul" />
    <keywords>
      <keyword>Turkey</keyword>
      <keyword>blast</keyword>
    </keywords>
    <categories>
      <iptc>02003002</iptc>
      <iptc>16000000</iptc>
      <iptc>02003001</iptc>
      <iptc>16003000</iptc>
      <iptc>16001000</iptc>
      <iptc>03000000</iptc>
      <iptc>02000000</iptc>
      <iptc infered="true">03014000</iptc>
    </categories>
  </headers>
  <content>
    <p id="1"><s id="1">Ten people were killed and 15 wounded in a suspected terrorist attack on Tuesday in the main tourist hub of Turkey's largest city Istanbul, officials said.</s> </p>
    <p id="2"><s id="2">A powerful blast rocked the Sultanahmet neighbourhood which is home to Istanbul's  biggest concentration of monuments and and is visited by tens of thousands of tourists every day.</s> </p>
    <p id="3"><s id="3">Turkey is on edge after a series of deadly attacks blamed on the Islamic State jihadist group including a double suicide bombing in the capital Ankara in October that left 103 people dead.</s> </p>
    <p id="4"><s id="4">&quot;Terrorist links are suspected,&quot; a Turkish official told AFP of Tuesday's blast, asking not to be named.</s> </p>
    <p id="5"><s id="5">Ambulances and police were despatched to Sultanahmet, the city's main tourist hub, which is home to world-famous monuments including the Blue Mosque and the Hagia Sophia.</s> </p>
    <p id="6"><s id="6">&quot;Investigations into the cause of the explosion, the type of explosion and perpetrator or perpetrators are under way,&quot; the Istanbul governor's office said in a statement quoted by the Dogan news agency.</s> </p>
    <p id="7"><s id="7">It said 10 people were killed and 15 wounded.</s> </p>
    <p id="8"><s id="8">Images published by Dogan showed several apparently dead bodies lying on the ground.</s> </p>
    <p id="9"><s id="9">Media reports said the authorities were studying the possibility the blast was caused by a suicide bomber but there was no official confirmation.</s> </p>
    <p id="10"></p>
    <p id="11"></p>
    <p id="12"><s id="10">The explosion was powerful enough to be heard in adjacent neighbourhoods, witnesses told AFP.</s> <s id="11">Police cordoned off the area to shocked passers-by and tourists and the nearby tram service has been halted.</s> </p>
    <p id="13"><s id="12">&quot;The explosion was so loud, the ground shook.</s> <s id="13">there was a very heavy smell that burned my nose,&quot; a German tourist named Caroline told AFP.</s> </p>
    <p id="14"><s id="14">&quot;I started running away with my daughter.</s> <s id="15">We went into a nearby building and stayed there for half an hour.</s> <s id="16">It was really scary,&quot; she added.</s> </p>
    <p id="15"><s id="17">Media reports said the blast took place at 0820 GMT around the Obelisk of Theodosius, a monument from ancient Egypt which was re-erected by the Roman Emperor Theodosius and is one of the city's most eye-catching monuments.</s> </p>
    <p id="16"><s id="18">Turkey is on alert after 103 people were killed on October 10 when two suicide bombers blew themselves up in a crowd of peace activists in Ankara, the bloodiest attack in the country's modern history.</s> </p>
    <p id="17"><s id="19">That attack was blamed on Islamic State (IS) jihadists, as were two other deadly bombings  in the country's Kurdish-dominated southeast earlier in the year.</s> </p>
    <p id="18"><s id="20">Turkish authorities have in recent weeks detained several suspected IS members, with officials saying they were planning attacks in Istanbul.</s> </p>
    <p id="19"><s id="21">But Turkey is also waging an all-out assault on the outlawed Kurdistan Workers' Party (PKK) which has staged dozens of deadly attacks against members of the security forces in the southeast.</s> </p>
    <p id="20"><s id="22">The PKK launched an insurgency against the Turkish state in 1984, initially fighting for Kurdish independence although now more for greater autonomy and rights for the country's largest ethnic minority.</s> </p>
    <p id="21"><s id="23">The conflict, which has left tens of thousands of people dead, looked like it could be nearing a resolution until an uneasy truce was shattered in July.</s> </p>
    <p id="22"><s id="24">A Kurdish splinter group, the Freedom Falcons of Kurdistan (TAK), claimed a mortar attack on Istanbul's second international airport on December 23 which killed a female cleaner and damaged several planes.</s> </p>
    <p id="23"><s id="25">Meanwhile the banned ultra-left Revolutionary People's Liberation Party-Front (DHKP-C) has also staged a string of usually small-scale attacks in Istanbul over the last months.</s> </p>
    <p id="24"><s id="26">sjw/txw</s> </p>
    <p id="25"></p>
  </content>
</article>
