<article>
  <headers>
    <dct>20151114T170011Z</dct>
    <title>At least 5 killed in French high-speed train test: police</title>
    <dateline>Strasbourg, France, Nov 14, 2015 (AFP) -</dateline>
    <credit>Agence France-Presse (AFP)</credit>
    <origin country="FRA" city="Strasbourg" />
    <keywords>
      <keyword>derailment</keyword>
      <keyword>France</keyword>
      <keyword>train</keyword>
    </keywords>
    <categories>
      <iptc>03013000</iptc>
      <iptc>03010000</iptc>
      <iptc>03000000</iptc>
    </categories>
  </headers>
  <content>
    <p id="1"><s id="1">At least five people were killed Saturday when a French high-speed rail train derailed during a test run due to &quot;excessive speed,&quot; sources said.</s> </p>
    <p id="2"><s id="2">The train accident happened &quot;because of excessive speed&quot; at Eckwersheim in eastern France as technicians were on board for testing, said Dominique-Nicolas Jane, chief of staff at the Alsace regional prefect.</s> </p>
    <p id="3"><s id="3">ab/jm/ri</s> </p>
  </content>
</article>
