<article>
  <headers>
    <dct>20161219T204848Z</dct>
    <title>Turkey policeman assassinates Russia envoy at art show</title>
    <dateline>Ankara, Dec 19, 2016 (AFP) -</dateline>
    <credit>Agence France-Presse (AFP)</credit>
    <origin country="TUR" city="Ankara" />
    <keywords>
      <keyword>Turkey</keyword>
      <keyword>ambassador</keyword>
      <keyword>shooting</keyword>
      <keyword>Russia</keyword>
    </keywords>
    <categories>
      <iptc>16000000</iptc>
      <iptc>02001000</iptc>
      <iptc>11002000</iptc>
      <iptc>11000000</iptc>
      <iptc>11014000</iptc>
      <iptc>02000000</iptc>
      <iptc infered="true">15051000</iptc>
    </categories>
  </headers>
  <content>
    <p id="1"><s id="1">A Turkish policeman crying &quot;Aleppo&quot; and &quot;Allahu Akbar&quot; shot dead Russia's ambassador to Turkey at an art exhibition in Ankara on Monday, in what Moscow branded a &quot;terrorist act&quot; that would be punished.</s> </p>
    <p id="2"><s id="2">Andrei Karlov died of his wounds after the shooting, which occurred on the eve of a key meeting between the Russian, Turkish and Iranian foreign ministers on the Syria conflict.</s> </p>
    <p id="3"><s id="3">Dramatic television footage showed the moment the veteran diplomat was shot as he opened a show of Russian photographs at the Ankara exhibition hall.</s> </p>
    <p id="4"><s id="4">Images showed the ambassador standing up to speak at a lectern, before stumbling and crashing to the ground, lying flat on his back as the attacker -- dressed in a dark suit, white shirt and tie -- brandishes his gun at terrified onlookers.</s> </p>
    <p id="5"><s id="5">The man shouts &quot;Allahu Akbar&quot; (&quot;God is greatest&quot;) and then talks about pledging allegiance to jihad in Arabic, the images showed.</s> </p>
    <p id="6"><s id="6">Switching to Turkish, he then says: &quot;Don't forget about Syria, don't forget about Aleppo.</s> <s id="7">All those who participate in this tyranny will be held accountable&quot;.</s> </p>
    <p id="7"><s id="8">The state-run Anadolu news agency said the gunman had been &quot;neutralised&quot; in a police operation inside the hall after 15 minutes of clashes.</s> </p>
    <p id="8"><s id="9">Turkish Interior Minister Suleyman Soylu identified the attacker as Mevlut Mert Altintas, 22, who had worked in the Ankara anti-riot police for the last two-and-a-half years.</s> </p>
    <p id="9"><s id="10">&quot;Today in Ankara as a result of an attack the Russian ambassador to Turkey Andrei Karlov received wounds that he died from,&quot; Russian foreign ministry spokeswoman Maria Zakharova said in televised comments.</s> </p>
    <p id="10"><s id="11">&quot;We qualify what happened as a terrorist act,&quot; she added.</s> <s id="12">&quot;The murderers will be punished.&quot;</s> </p>
    <p id="11"><s id="13">&quot;Today this issue will be raised at the UN Security Council.</s> <s id="14">Terrorism will not win out.&quot;</s> </p>
    <p id="12"></p>
    <p id="13"></p>
    <p id="14"><s id="15">The incident came after days of protests in Turkey over Russia's role in Syria, although Moscow and Ankara are now working closely together to evacuate citizens from the battered city of Aleppo.</s> </p>
    <p id="15"><s id="16">The United States condemned the attack, while British ambassador Richard Moore paid tribute to a &quot;quietly spoken, hospitable professional.&quot;</s> </p>
    <p id="16"><s id="17">Erdogan phoned Putin to brief him about the attack, presidential spokesman Ibrahim Kalin said.</s> </p>
    <p id="17"><s id="18">James Nixey, head of the Russia and Eurasia programme at Chatham House think tank in London, said Moscow will use the attack to step up actions in what the Kremlin sees as a &quot;war on terror&quot;.</s> </p>
    <p id="18"><s id="19">&quot;My sense it that the Russians won't blame the Turks for this but will seek to capitalise on it for wider gains,&quot; he said.</s> </p>
    <p id="19"><s id="20">&quot;Clearly the Russian military will be baying for blood, they'll want revenge.&quot;</s> </p>
    <p id="20"><s id="21">Turkey vowed it would not allow the assassination to damage relations with Moscow, which have dramatically improved in recent months.</s> </p>
    <p id="21"><s id="22">&quot;We will not allow this attack to cast a shadow on Turkey-Russia relations,&quot; said the Turkish foreign ministry in a statement.</s> </p>
    <p id="22"><s id="23">Interior minister Soylu said the killing was &quot;a terror attack on relations between Russia and Turkey&quot;.</s> </p>
    <p id="23"><s id="24">The shooting took place at the Cagdas Sanatlar Merkezi, a major art exhibition hall in the Cankaya district of Ankara where most foreign embassies are located, including Russia's mission.</s> </p>
    <p id="24"><s id="25">&quot;When the ambassador was delivering a speech, a tall man wearing a suit, fired into the air first and then took aim at the ambassador,&quot; Hurriyet correspondent Hasim Kilic, who was at the scene, told AFP.</s> </p>
    <p id="25"><s id="26">&quot;He said something about Aleppo and 'revenge'.</s> <s id="27">He ordered the civilians to leave the room.</s> <s id="28">When people were fleeing, he fired again.&quot;</s> </p>
    <p id="26"></p>
    <p id="27"></p>
    <p id="28"><s id="29">Protesters in Turkey have held Moscow responsible for human rights violations in Aleppo with thousands turning out for protests outside the Russian consulate in Istanbul.</s> </p>
    <p id="29"><s id="30">Turkey and Russia saw relations plunge to their worst levels since the Cold War last year when a Turkish jet shot down a Russian war plane over Syria.</s> </p>
    <p id="30"><s id="31">They stand on opposite sides of the Syria conflict with Ankara backing rebels trying to topple Moscow's ally President Bashar al-Assad.</s> </p>
    <p id="31"><s id="32">But the rhetoric has warmed considerably since a reconciliation deal was signed earlier this year and a Russian and Turkish-brokered accord has helped the evacuation of citizens from Aleppo in the last days.</s> </p>
    <p id="32"><s id="33">The attack came a day before the Turkish, Russian and Iranian foreign ministers were to hold unprecedented three-way talks on the Syria conflict in Moscow.</s> </p>
    <p id="33"><s id="34">The Syrian foreign ministry in Damascus denounced the murder as a &quot;despicable crime&quot;, state news agency SANA said.</s> </p>
    <p id="34"><s id="35">Cavusoglu learned of the news while on the plane to Moscow and the meeting would go ahead as planned, Turkish officials said.</s> </p>
    <p id="35"><s id="36">Born in 1954 in Moscow, Karlov was a career diplomat who had began his career under the USSR in 1976.</s> <s id="37">He was Russian ambassador to North Korea from 2001-2006.</s> </p>
    <p id="36"><s id="38">bur-sjw-fo/pdw</s> </p>
    <p id="37"><s id="39">EURASIA GROUPE</s> </p>
    <p id="38"></p>
  </content>
</article>
