<article>
  <headers>
    <dct>20110613T090510Z</dct>
    <title>New quakes rock New Zealand's Christchurch</title>
    <dateline>CHRISTCHURCH, New Zealand, June 13, 2011 (AFP) -</dateline>
    <credit>Agence France-Presse (AFP)</credit>
    <origin country="NZL" city="CHRISTCHURCH" />
    <keywords>
      <keyword>quake</keyword>
      <keyword>NZealand</keyword>
    </keywords>
    <categories>
      <iptc>03002000</iptc>
    </categories>
  </headers>
  <content>
    <p id="1"><s id="1">A series of powerful earthquakes, including one of magnitude 6.0, rocked New Zealand's Christchurch on Monday, bringing further destruction to the quake-scarred city.</s> </p>
    <p id="2"><s id="2">More than 50 buildings collapsed and there was severe disruption to electricity and water supplies in the city, where residents are still recovering from a deadly 6.3 earthquake in February that killed 181 people.</s> </p>
    <p id="3"><s id="3">&quot;We are in a serious situation,&quot; said Bob Parker, the mayor of Christchurch -- New Zealand's second-biggest city.</s> </p>
    <p id="4"><s id="4">National Crisis Management Centre controller David Coetzee said there were no reported fatalities from the latest tremors but at least 10 people were injured, none seriously.</s> </p>
    <p id="5"><s id="5">The swarm of quakes caused rockfalls and sent terrified residents fleeing into the streets.</s> </p>
    <p id="6"><s id="6">The worst-hit area was the damaged central city known as the red zone, which remains off-limits to the public following February's tremor and another 7.0 quake last September, accounting for Monday's lack of fatalities.</s> </p>
    <p id="7"><s id="7">The Christchurch Earthquake Recovery Authority's demolitions manager Warwick Isaacs was in the area during the latest tremors and said around 50 buildings already weakened by earlier quakes toppled as workers sought shelter.</s> </p>
    <p id="8"><s id="8">&quot;They were falling into the road, literally falling around us,&quot; he told Radio New Zealand, saying it was amazing no one was seriously hurt by debris.</s> </p>
    <p id="9"><s id="9">In an outer suburb a block of shops vacant since the February quake collapsed, as did the historic 134-year-old Timeball Station -- which used to indicate the time to ships -- in the port area of Lyttelton.</s> </p>
    <p id="10"><s id="10">Elsewhere in Lyttelton, huge chunks of masonry crashed onto the street as shop facades toppled.</s> </p>
    <p id="11"><s id="11">Power company Orion said electricity had been cut to 54,000 homes and council staff said they had lost water pressure across the city.</s> </p>
    <p id="12"><s id="12">The US Geological Survey measured the largest tremor at magnitude 6.0, with a depth of nine kilometres (5.6 miles) and the epicentre some 14 kilometres from the heart of the city.</s> <s id="13">It hit at 2:20pm (0220 GMT).</s> </p>
    <p id="13"><s id="14">It came just as schools were about to end for the day and was one of more than 20 aftershocks to hit the city Monday, the first significant one a 5.2-magnitude jolt.</s> <s id="15">All schools were later closed until further notice.</s> </p>
    <p id="14"><s id="16">Prime Minister John Key assured quake-weary locals that the government remained determined to rebuild the city, which already faces an NZ$15 billion ($12.3 billion) repair bill from the February and September tremors.</s> </p>
    <p id="15"><s id="17">&quot;We stand beside them, we are committed to rebuilding the city,&quot; Key said.</s> </p>
    <p id="16"><s id="18">&quot;Quite frankly I think they're all over this and they want the sense of normality to return... my heart really goes out to them.&quot;</s> </p>
    <p id="17"><s id="19">The airport and central police station were among the buildings temporarily evacuated until they were declared safe by engineers.</s> </p>
    <p id="18"><s id="20">Police urged residents to check on friends and neighbours, and to stay at home and avoid travelling if possible, but concerned locals gridlocked the roads as they attempted to reach loved ones.</s> </p>
    <p id="19"><s id="21">&quot;It will be a restless night,&quot; Parker warned.</s> <s id="22">&quot;It's pretty realistic to expect overnight we will have some more aftershocks.</s> </p>
    <p id="20"><s id="23">&quot;If you don't have power and don't have water at the moment assume you won't have them overnight.&quot;</s> </p>
    <p id="21"><s id="24">The quakes came just hours after the opening of an inquest examining why an office block collapsed in February's earthquake, killing more than 100 people, including 65 foreign students.</s> </p>
    <p id="22"><s id="25">When the first tremors hit around lunchtime, lawyers and relatives of those killed when the Canterbury Television (CTV) building toppled and then burst into flames on February 22 fled the venue as windows rattled.</s> </p>
    <p id="23"><s id="26">&quot;They're a terrible reminder,&quot; said Mike Barry, whose sister was killed in February.</s> </p>
    <p id="24"><s id="27">The inquest was suspended twice by the ongoing earthquakes before coroner Gordon Matenga adjourned for the day then later announced the three-day hearing had been postponed until further notice.</s> </p>
    <p id="25"><s id="28">Geoscience Australia seismologist David Jepson said people would have been quite strongly shaken after the seismic activity New Zealand's South Island had endured in recent months.</s> </p>
    <p id="26"><s id="29">&quot;It seems like they are going to keep happening.</s> <s id="30">Since they had that really big earthquake it seems to me like it activated all these different faults.</s> <s id="31">But it's just a guessing game what is going to happen next,&quot; he said.</s> </p>
    <p id="27"><s id="32">One Christchurch city worker, who identified himself only as Bryce, said he was pleased he was about to move to Auckland.</s> </p>
    <p id="28"><s id="33">&quot;It's three days till I leave this earthquake-ridden town.</s> <s id="34">I can't wait.&quot;</s> </p>
    <p id="29"><s id="35">bur-ns/slb</s> </p>
  </content>
</article>
