<article>
  <headers>
    <dct>20141024T235725Z</dct>
    <title>US school shooting leaves gunman, student dead</title>
    <dateline>LOS ANGELES, Oct 24, 2014 (AFP) -</dateline>
    <credit>Agence France-Presse (AFP)</credit>
    <origin country="USA" city="Los Angeles" />
    <keywords>
      <keyword>school</keyword>
      <keyword>shooting</keyword>
      <keyword>US</keyword>
    </keywords>
    <categories>
      <iptc>05005000</iptc>
      <iptc>02001000</iptc>
      <iptc>05000000</iptc>
      <iptc>02000000</iptc>
      <iptc infered="true">15051000</iptc>
    </categories>
  </headers>
  <content>
    <p id="1"><s id="1">A US student who had issued chilling warnings on Twitter opened fire in a school cafeteria on Friday, killing at least one person and critically injuring three before taking his own life.</s> </p>
    <p id="2"><s id="2">The gunman, identified by media reports and fellow students as Jaylen Fryberg, launched his attack in a school in the northwestern state of Washington, as terrified classmates dived for cover.</s> </p>
    <p id="3"><s id="3">&quot;I was sitting down two tables away and I heard one loud bang and I was wondering what it was.</s> <s id="4">And then I heard about four or five more,&quot; a student identified as Jordan told CNN.</s> </p>
    <p id="4"><s id="5">&quot;People started screaming and people started getting to the ground and going for the nearest exit.</s> <s id="6">So I hit the ground.</s> <s id="7">But after he'd already put some bullets into the backs of students.&quot;</s> </p>
    <p id="5"><s id="8">The shooting, just the latest in a long line of such rampages in the United States, erupted in Marysville, 35 miles (55 kilometers) north of Seattle.</s> </p>
    <p id="6"><s id="9">Town police spokesman Robb Lamoureux said: &quot;At this point we are confirming that there are two deceased ... We are confident that there was only one shooter and the shooter is deceased.&quot;</s> </p>
    <p id="7"><s id="10">&quot;The shooter died of a self-inflicted gunshot wound.&quot;</s> </p>
    <p id="8"><s id="11">Television footage showed swarms of police descending on the Marysville-Pilchuck High School as students, some with hands on heads, came out of the sprawling campus, which has some 2,500 students.</s> </p>
    <p id="9"><s id="12">&quot;I was eating...</s> <s id="13">I heard four gunshots and it was behind me.</s> <s id="14">I saw a gun pointed at a table... then I ran out of the exit,&quot; one student in the cafeteria, named only as Alex, told KIRO TV news.</s> </p>
    <p id="10"><s id="15">A student identified as Austin told a CNN affiliate how the gunman was initially &quot;quiet&quot; before opening fire on fellow diners.</s> </p>
    <p id="11"><s id="16">&quot;There was just a big group of kids.</s> <s id="17">...</s> <s id="18">He was quiet.</s> <s id="19">He was just sitting there.</s> <s id="20">Everyone was talking.</s> <s id="21">All of a sudden I see him stand up, pull something out of his pocket,&quot; he said.</s> </p>
    <p id="12"><s id="22">&quot;At first I thought it was just someone making a really loud noise with like a bag, like a pretty loud pop until I heard four more after that, and I saw three kids just fall from the table like they were falling to the ground dead.&quot;</s> </p>
    <p id="13"></p>
    <p id="14"></p>
    <p id="15"><s id="23">Fryberg, a Native American, left a series of tortured posts on Twitter in the months leading up to his attack, painting a portrait of a teenager well used to handling firearms.</s> </p>
    <p id="16"><s id="24">One post on Instagram showed him brandishing a hunting rifle.</s> <s id="25">&quot;Probably the best BirthDay present ever!</s> <s id="26">I just love my parents!!!!,&quot; he posted in a message accompanying the photo,&quot; he wrote.</s> </p>
    <p id="17"><s id="27">In his final post on Twitter on Thursday, Fryberg had stated ominously: &quot;It won't last...It'll never last....&quot;</s> </p>
    <p id="18"><s id="28">Earlier, in August, he had issued threats to an apparent love rival: &quot;Your not gonna like what happens next.&quot;</s> </p>
    <p id="19"><s id="29">But some schoolmates voiced shock after the attack.</s> </p>
    <p id="20"><s id="30">&quot;When I saw him, I was like, oh my gosh, that's Jaylen.</s> <s id="31">I would have never expected it would have been him out of all people.</s> <s id="32">It was really heartbreaking for me to see that.</s> <s id="33">I saw him with a gun in his hand shooting,&quot; student Rachel Heichel said on CNN.</s> </p>
    <p id="21"><s id="34">Austin, also speaking to a local CNN affiliate, said: &quot;I jumped under the table as fast as I could and when it stopped I looked back up and I saw he was trying to reload his gun.</s> </p>
    <p id="22"><s id="35">&quot;When that happened I just ran the opposite direction and I was out of there as fast as I could.&quot;</s> </p>
    <p id="23"><s id="36">Dr Joanne Roberts of Providence Medical Center told local TV station KOMO that three young people were in a &quot;very critical&quot; condition&quot; after the shooting.</s> </p>
    <p id="24"><s id="37">Previous mass shootings, like that which killed 20 children and six adults in Newtown, Connecticut in December 2012, have triggered intense debate about America's relatively lax gun control laws.</s> </p>
    <p id="25"><s id="38">mt/dc</s> </p>
  </content>
</article>
