<article>
  <headers>
    <dct>20120617T063358Z</dct>
    <title>French vote in general polls tipped to cement shift to left</title>
    <dateline>PARIS, June 17, 2012 (AFP) -</dateline>
    <credit>Agence France-Presse (AFP)</credit>
    <origin country="FRA" city="PARIS" />
    <keywords>
      <keyword>France</keyword>
      <keyword>vote</keyword>
    </keywords>
    <categories>
      <iptc>11003000</iptc>
    </categories>
  </headers>
  <content>
    <p id="1"><s id="1">The French began voting Sunday in a general election run-off expected to hand Socialist President Francois Hollande a clear parliamentary majority to push his agenda.</s> </p>
    <p id="2"><s id="2">Opinion polls released before the end of campaigning at midnight Friday showed Hollande's Socialists and their parliamentary allies on track to take control of France's lower house National Assembly.</s> </p>
    <p id="3"><s id="3">Hollande, who defeated right-winger Nicolas Sarkozy in May's presidential election, has urged voters to give him the majority he needs to steer France through Europe's debt crisis, rising unemployment and a faltering economy.</s> </p>
    <p id="4"><s id="4">The French vote risks being overshadowed however by Sunday's elections in Greece, which could determine whether Athens stays in the eurozone amid concern over the global economic shock that would result if it were forced to abandon the currency.</s> </p>
    <p id="5"><s id="5">The polls showed France's Socialists winning between 287 and 330 seats in Sunday's run-off vote -- almost certainly enough to secure a majority in the 577-seat Assembly.</s> </p>
    <p id="6"><s id="6">Since the Greens, who are close allies of the Socialists and already in government, are expected to win up to 20 seats, Hollande is all but guaranteed to get the parliamentary backing he needs.</s> </p>
    <p id="7"><s id="7">The Socialists and other left-wing parties came out on top in last Sunday's first round of the vote, winning 46 percent to 34 percent for Sarkozy's UMP party and its allies.</s> </p>
    <p id="8"><s id="8">Pollsters predict the UMP and its allies will take between 210 and 263 seats in the run-off.</s> </p>
    <p id="9"><s id="9">The vote will also be a key test for Marine Le Pen's anti-immigrant and anti-EU National Front (FN), which took 13.6 percent in the first round -- far above the four percent it won in the last parliamentary election in 2007.</s> </p>
    <p id="10"><s id="10">Le Pen, who said the result confirmed her party's position as France's &quot;third political force,&quot; is hoping the FN will be able to take a handful of seats including one for her in a rundown former mining constituency near the northern city of Lille.</s> </p>
    <p id="11"><s id="11">Polls indicate the FN are set to win up to three seats, including for Le Pen and for Marion Marechal-Le Pen, the FN leader's 22-year-old niece, in the southern Vaucluse area.</s> </p>
    <p id="12"><s id="12">After a hard-fought presidential race, the campaign for the parliamentary elections has been lacklustre, with the only major excitement generated by an incendiary tweet fired off by the country's new unofficial first lady.</s> </p>
    <p id="13"><s id="13">The Twitter message by Hollande's companion Valerie Trierweiler wished good luck to Socialist dissident Olivier Falorni, who is running against Segolene Royal -- the president's ex-partner and mother of their four children -- in the western town of La Rochelle.</s> </p>
    <p id="14"><s id="14">There has long been speculation of intense rivalry between Royal and Trierweiler.</s> <s id="15">Hollande stood loyally by Royal as she battled Sarkozy for the presidency in the 2007 race, but he had reportedly been in a relationship since 2005 with Trierweiler, a twice-divorced 47-year-old mother of three.</s> </p>
    <p id="15"><s id="16">The UMP said the tweet was an inappropriate intrusion of Hollande's personal life into politics, but analysts said that despite widespread media coverage it was unlikely the scandal would have much impact on the Socialists' result.</s> </p>
    <p id="16"><s id="17">bur-mm/gd</s> </p>
  </content>
</article>
