<article>
  <headers>
    <dct>20160114T053331Z</dct>
    <title>Jakarta blasts caused by bomb: Indonesian police</title>
    <dateline>Jakarta, Jan 14, 2016 (AFP) -</dateline>
    <credit>Agence France-Presse (AFP)</credit>
    <origin country="IDN" city="Jakarta" />
    <keywords>
      <keyword>attacks</keyword>
      <keyword>bomb</keyword>
      <keyword>Indonesia</keyword>
    </keywords>
    <categories>
      <iptc>16000000</iptc>
      <iptc>02003000</iptc>
      <iptc>02003001</iptc>
      <iptc>16003000</iptc>
      <iptc>02000000</iptc>
      <iptc infered="true">16001000</iptc>
      <iptc infered="true">16005002</iptc>
    </categories>
  </headers>
  <content>
    <p id="1"><s id="1">Several blasts Thursday in central Jakarta were caused by a bomb, Indonesian police said.</s> </p>
    <p id="2"><s id="2">&quot;This is a bomb,&quot; Anton Charliyan, national police spokesman told AFP.</s> </p>
    <p id="3"><s id="3">He warned people to stay away, saying police fear there could be more bombs.</s> </p>
    <p id="4"><s id="4">olr-sr/jah</s> </p>
  </content>
</article>
