<article>
  <headers>
    <dct>20071107T223033Z</dct>
    <title>Eight killed in Finnish school massacre by Gael Branchereau =(GRAPHIC+PICTURE)= ATTENTION - UPDATES with death of killer ///</title>
    <origin country="FIN" city="TUUSULA" />
    <keywords>
      <keyword>school</keyword>
      <keyword>Finland</keyword>
      <keyword>shooting</keyword>
      <keyword>crime</keyword>
    </keywords>
    <categories>
      <iptc>05000000</iptc>
      <iptc>02000000</iptc>
      <iptc infered="true">05005000</iptc>
      <iptc infered="true">02001000</iptc>
      <iptc infered="true">15051000</iptc>
    </categories>
  </headers>
  <content>
    <p id="1"><s id="1">TUUSULA, Finland, Nov 7, 2007 (AFP) - A teenager at a school in Finland went on the rampage Wednesday, shooting dead seven classmates and the headmistress, having first signalled his intentions in a video posted on the YouTube Internet site.</s> <s id="2">Police identified the killer as 18-year-old Pekka-Eric Auvinen, who died from his injuries late Wednesday after shooting himself in the head following the massacre at Jokela High School in the small town of Tuusula.</s> </p>
    <p id="2"><s id="3">Witnesses described chaos and panic as Auvinen killed his headmistress, five boys, two girls, and wounded a dozen others as they tried to flee the carnage.</s> </p>
    <p id="3"><s id="4">&quot;We heard the shots and then we broke the windows and jumped out,&quot; said Franz Andersin, a 14-year-old student who was in the school when the shooting spree started.</s> </p>
    <p id="4"><s id="5">&quot;I knew the guy.</s> <s id="6">He was always smiling.</s> <s id="7">I wonder why he did it,&quot; he told AFP.</s> </p>
    <p id="5"><s id="8">Finnish Prime Minister Matti Vanhanen described the shooting, the worst in the Nordic country's history, as &quot;a great tragedy.&quot;</s> </p>
    <p id="6"><s id="9">&quot;This is an awful day ... The shooting has deeply undermined the sense of security in society ... Nobody had expected such things,&quot; Vanhanen said.</s> </p>
    <p id="7"><s id="10">The rampage, which began at 11:43 am (0943 GMT) inside a classroom at the secondary school of some 450 pupils, came after Auvinen posted a video entitled &quot;Jokela High School Massacre -- 11/7/2007&quot; on file-sharing website YouTube.</s> </p>
    <p id="8"><s id="11">The video, posted sometime in the past two weeks, zooms in on the school with heavy metal music blaring in the background and shows a young man against a red background pointing a gun at the camera.</s> </p>
    <p id="9"><s id="12">Within hours of the shooting, the video had been downloaded more than 200,000 times.</s> </p>
    <p id="10"><s id="13">In his profile on YouTube, Auvinen, calling himself Sturmgeist89, says: &quot;I am prepared to fight and die for my cause.</s> </p>
    <p id="11"><s id="14">&quot;I, as a natural selector, will eliminate all who I see unfit, disgraces of human race and failures of natural selection.&quot;</s> </p>
    <p id="12"><s id="15">&quot;You might ask yourselves, why did I do this and what do I want.</s> <s id="16">Well, most of you are too arrogant and closed-minded to understand,&quot; he added.</s> </p>
    <p id="13"><s id="17">He was pronounced dead at 2214 local time (2014 GMT) after being treated for a single gunshot wound to the head at Helsinki University Hospital.</s> </p>
    <p id="14"><s id="18">&quot;He died at 2214 of a one-bullet injury in the head,&quot; doctor Eero Hirvensalochief, traumatology physician at the hospital, told AFP.</s> </p>
    <p id="15"><s id="19">Police and school pupils alike were at a loss to explain why Auvinen had committed such a terrible act.</s> </p>
    <p id="16"><s id="20">&quot;He comes from a very normal family, four people, he has one brother.</s> <s id="21">He had no problems in school,&quot; said local police officer Jan-Olav Nyholm naming Auvinen for the first time.</s> </p>
    <p id="17"><s id="22">Another of Auvinen's classmates, meanwhile, told the Helsingin Sanomat newspaper that the gunman, who was a sports shooter, had recently been acting &quot;strange&quot; and had begun making drawings of gun massacres.</s> </p>
    <p id="18"><s id="23">He had logged into his YouTube account on Wednesday morning.</s> <s id="24">Other videos posted under his name hail the perpetrators of school shootings in the United States and Oklahoma City bomber Timothy McVeigh.</s> </p>
    <p id="19"><s id="25">According to media reports, he had repeatedly expressed admiration for Hitler and Stalin and he names Nietzsche as a favourite author on his YouTube account.</s> </p>
    <p id="20"><s id="26">The American-style shooting sent shockwaves through Finland, where such violence is extremely rare.</s> </p>
    <p id="21"><s id="27">While there have been several stabbings at Finnish schools in recent years, Wednesday's was the first shooting since a 14-year-old shot dead two classmates in a school in the coastal city of Rauma in 1989.</s> </p>
    <p id="22"><s id="28">&quot;It's incredible that something like this has happened in Finland,&quot; said Jokela high school history and psychology professor Kim Kiuru.</s> </p>
    <p id="23"><s id="29">Finland has one of the world's highest gun ownership rates, ranking third behind the United States and Yemen according to a recent study by Small Arms Survey by the Graduate Institute of International Studies in Geneva.</s> </p>
    <p id="24"><s id="30">Most of the registered weapons in Finland are hunting rifles.</s> </p>
    <p id="25"><s id="31">gab-nl/adp/ddl</s> </p>
  </content>
</article>
