<article>
  <headers>
    <dct>20151112T181427Z</dct>
    <title>Twin suicide blasts kill 16 in Beirut Hezbollah bastion</title>
    <dateline>Beirut, Nov 12, 2015 (AFP) -</dateline>
    <credit>Agence France-Presse (AFP)</credit>
    <origin country="LBN" city="Beirut" />
    <keywords>
      <keyword>Lebanon</keyword>
      <keyword>unrest</keyword>
      <keyword>Hezbollah</keyword>
      <keyword>blast</keyword>
    </keywords>
    <categories>
      <iptc>16000000</iptc>
      <iptc>16001000</iptc>
      <iptc infered="true">03014000</iptc>
    </categories>
  </headers>
  <content>
    <p id="1"><s id="1">At least 16 people have been killed and dozens more wounded after twin suicide bombings rocked a stronghold of Lebanon's Shiite Hezbollah movement in south Beirut, officials said.</s> </p>
    <p id="2"><s id="2">Police said two men on foot set off suicide vests in front of a shopping centre in Burj al-Barajneh, in the southern suburbs of the capital, where the movement is popular.</s> </p>
    <p id="3"><s id="3">&quot;The toll has risen has risen to 16 dead, there are dozens of wounded and this will not be the final toll,&quot; a Red Cross official told AFP.</s> </p>
    <p id="4"><s id="4">The explosions happened around 6:00 pm (1600 GMT), witnesses said.</s> </p>
    <p id="5"><s id="5">An AFP photographer saw extensive damage to buildings around the site of the blast and bodies inside some of the nearby shops.</s> </p>
    <p id="6"><s id="6">There was blood on the streets, and security forces were trying to cordon off the scene and keep people from gathering.</s> </p>
    <p id="7"><s id="7">The blast is the first to target Beirut's southern suburbs since June 2014, when a suicide car bomb killed a security officer who had tried to stop the bomber.</s> </p>
    <p id="8"><s id="8">But prior to that, a string of attacks targeted Hezbollah strongholds throughout the country.</s> </p>
    <p id="9"><s id="9">Between July 2013 and February 2014, there were nine attacks on Hezbollah bastions, most claimed by Sunni extremists.</s> </p>
    <p id="10"><s id="10">The groups claimed the attacks were in revenge for Hezbollah's decision to send thousands of fighters into neighbouring Syria to support President Bashar al-Assad's forces against a Sunni-dominated uprising.</s> </p>
    <p id="11"><s id="11">bur-sah/mm</s> </p>
  </content>
</article>
