<article>
  <headers>
    <dct>20160824T041100Z</dct>
    <title>Strong 6.2 quake hits central Italy: USGS</title>
    <dateline>Rome, Aug 24, 2016 (AFP) -</dateline>
    <credit>Agence France-Presse (AFP)</credit>
    <origin country="ITA" city="Rome" />
    <keywords>
      <keyword>quake</keyword>
      <keyword>Italy</keyword>
    </keywords>
    <categories>
      <iptc>03015001</iptc>
      <iptc>03000000</iptc>
      <iptc>03002000</iptc>
    </categories>
  </headers>
  <content>
    <p id="1"><s id="1">A 6.2-magnitude earthquake hit central Italy in the early hours of Wednesday morning, the United States Geological Survey said.</s> </p>
    <p id="2"><s id="2">The shallow quake struck 10 kilometres (six miles) southeast of Norcia, a town in the province of Perugia in southeastern Umbria.</s> </p>
    <p id="3"><s id="3">The quake was felt as far away as Rome, around 150 km away from the epicentre, and woke a number of people there including AFP journalists.</s> </p>
    <p id="4"><s id="4">tm/jah</s> </p>
  </content>
</article>
