<article>
  <headers>
    <dct>20160122T230717Z</dct>
    <title>Two reported dead in Canada school shooting</title>
    <dateline>Ottawa, Jan 22, 2016 (AFP) -</dateline>
    <credit>Agence France-Presse (AFP)</credit>
    <origin country="CAN" city="Ottawa" />
    <keywords>
      <keyword>Canada</keyword>
      <keyword>school</keyword>
      <keyword>shooting</keyword>
    </keywords>
    <categories>
      <iptc>05005000</iptc>
      <iptc>02003000</iptc>
      <iptc>05005003</iptc>
      <iptc>02003001</iptc>
      <iptc>05000000</iptc>
      <iptc>02000000</iptc>
      <iptc infered="true">15051000</iptc>
    </categories>
  </headers>
  <content>
    <p id="1"><s id="1">Shots rang out at a high school in Canada's western plains province of Saskatchewan on Friday, police said, reportedly leaving two people dead and others injured.</s> </p>
    <p id="2"><s id="2">The school in La Loche was on lockdown, and Royal Canadian Mounted Police urged parents to stay away while they responded to the &quot;ongoing incident.&quot;</s> </p>
    <p id="3"><s id="3">amc/sst</s> </p>
    <p id="4"></p>
  </content>
</article>
