<article>
  <headers>
    <dct>20160715T001309Z</dct>
    <title>Up to 30 feared dead after van rams into crowd in Nice 'attack': local official</title>
    <dateline>Nice, France, July 14, 2016 (AFP) -</dateline>
    <credit>Agence France-Presse (AFP)</credit>
    <origin country="FRA" city="Nice" />
    <keywords>
      <keyword>attack</keyword>
      <keyword>France</keyword>
      <keyword>toll</keyword>
    </keywords>
    <categories>
      <iptc>16000000</iptc>
      <iptc>16001000</iptc>
    </categories>
  </headers>
  <content>
    <p id="1"><s id="1">Up to 30 people are feared dead and over 100 others were injured after a van drove into a crowd watching Bastille Day fireworks in the French resort of Nice Thursday, a local official told French television, describing it as a &quot;major criminal attack&quot;.</s> </p>
    <p id="2"><s id="2">Speaking to BFMTV, Sebastien Humbert, the sub-prefect of the Alpes-Maritimes region, said the attack left &quot;several dozen, perhaps around 30 people dead&quot; and &quot;around a hundred injured&quot;.</s> </p>
    <p id="3"><s id="3">fbe-mdm/mfp</s> </p>
    <p id="4"></p>
  </content>
</article>
