<article>
  <headers>
    <dct>20160623T172108Z</dct>
    <title>Armed man barricaded at German cinema is dead: authorities</title>
    <dateline>Frankfurt, June 23, 2016 (AFP) -</dateline>
    <credit>Agence France-Presse (AFP)</credit>
    <origin country="DEU" city="Frankfurt" />
    <keywords>
      <keyword>attacker</keyword>
      <keyword>crime</keyword>
      <keyword>cinema</keyword>
      <keyword>Germany</keyword>
    </keywords>
    <categories>
      <iptc>02001000</iptc>
      <iptc>02000000</iptc>
    </categories>
  </headers>
  <content>
    <p id="1"><s id="1">An armed man who allegedly barricaded himself in a German cinema with several people inside Thursday is dead, Hesse state interior minister Peter Beuth said.</s> </p>
    <p id="2"><s id="2">Beuth said the assailant died in a struggle with police, without giving further details.</s> </p>
    <p id="3"><s id="3">Unconfirmed media reports said the masked man had stormed the multiplex in the western town of Viernheim and that several people were hurt, possibly by tear gas in a police operation.</s> </p>
    <p id="4"><s id="4">dlc/cb</s> </p>
  </content>
</article>
