<article>
  <headers>
    <dct>20150107T132539Z</dct>
    <title>11 shot dead in 'terrorist' attack on French newspaper</title>
    <dateline>Paris, Jan 7, 2015 (AFP) -</dateline>
    <credit>Agence France-Presse (AFP)</credit>
    <origin country="FRA" city="Paris" />
    <keywords>
      <keyword>shooting</keyword>
      <keyword>crime</keyword>
      <keyword>media</keyword>
      <keyword>France</keyword>
    </keywords>
    <categories>
      <iptc>02001000</iptc>
      <iptc>04010000</iptc>
      <iptc>04000000</iptc>
      <iptc>02000000</iptc>
      <iptc>01026000</iptc>
      <iptc>01000000</iptc>
      <iptc infered="true">15051000</iptc>
    </categories>
  </headers>
  <content>
    <p id="1"><s id="1">At least 11 people were killed when gunmen armed with Kalashnikovs and a rocket-launcher opened fire in the offices of French satirical weekly Charlie Hebdo on Wednesday.</s> </p>
    <p id="2"><s id="2">President Francois Hollande, who immediately headed to the scene of the shooting in Paris, described it as a &quot;terrorist attack.&quot;</s> </p>
    <p id="3"><s id="3">Hollande said 11 people were killed and another four were in critical condition after the attack, branding it an &quot;act of exceptional barbarism&quot; and calling an emergency cabinet meeting.</s> </p>
    <p id="4"><s id="4">He called for &quot;national unity&quot; as the government raised its alert level to the highest possible in the greater Paris region.</s> </p>
    <p id="5"><s id="5">He added that &quot;several terrorist attacks had been foiled in recent weeks&quot;.</s> </p>
    <p id="6"><s id="6">Wednesday's shooting is one of the worst attacks in France in decades.</s> </p>
    <p id="7"><s id="7">A source close to the investigation said two men &quot;armed with a Kalashnikov and a rocket-launcher&quot; stormed the building in central Paris and &quot;fire was exchanged with security forces&quot;.</s> </p>
    <p id="8"><s id="8">The source said a gunman had hijacked a car and knocked over a pedestrian while attempting to speed away.</s> <s id="9">He added that two police officers had died in the attack.</s> </p>
    <p id="9"><s id="10">Television footage showed large numbers of police in the area, bullet-riddled windows and people being carried away on stretchers.</s> </p>
    <p id="10"><s id="11">The gunmen shouted &quot;we have avenged the prophet,&quot; according to a police source.</s> </p>
    <p id="11"><s id="12">It was not immediately clear what happened to the attackers.</s> </p>
    <p id="12"><s id="13">In the first reaction from abroad, British Prime Minister David Cameron condemned the  shooting.</s> </p>
    <p id="13"><s id="14">&quot;The murders in Paris are sickening.</s> <s id="15">We stand with the French people in the fight against terror and defending the freedom of the press,&quot; he said in a message on Twitter.</s> </p>
    <p id="14"><s id="16">The satirical newspaper gained notoriety in February 2006 when it reprinted cartoons of the Prophet Mohammed that had originally appeared in Danish daily Jyllands-Posten, causing fury across the Muslim world.</s> </p>
    <p id="15"><s id="17">Its offices were fire-bombed in November 2011 when it published a cartoon of Mohammed and under the title &quot;Charia Hebdo&quot;.</s> </p>
    <p id="16"></p>
    <p id="17"></p>
    <p id="18"><s id="18">Despite being taken to court under anti-racism laws, the weekly continued to publish controversial cartoons of the Muslim prophet.</s> </p>
    <p id="19"><s id="19">In September 2012 Charlie Hebdo published cartoons of a naked Mohammed as violent protests were taking place in several countries over a low-budget film, titled &quot;Innocence of Muslims&quot;, which was made in the United States and insulted the prophet.</s> </p>
    <p id="20"><s id="20">French schools, consulates and cultural centres in 20 Muslim countries were briefly closed along with embassies for fear of retaliatory attacks at the time.</s> </p>
    <p id="21"><s id="21">Editor Stephane Charbonnier has received death threats and lives under police protection.</s> </p>
    <p id="22"><s id="22">This week's front page featured controversial author French Michel Houellebecq, whose latest book &quot;Soumission&quot;, or &quot;Submission,&quot; which imagines a France in the near future that is ruled by an Islamic government, came out Wednesday.</s> </p>
    <p id="23"><s id="23">The book has widely been touted as tapping into growing unease among non-Muslim French about immigration and the rise of Islamic influence in society.</s> </p>
    <p id="24"><s id="24">fmi/fb-er/ric/txw</s> </p>
  </content>
</article>
