<article>
  <headers>
    <dct>20120718T102922Z</dct>
    <title>Syria defence minister killed in Damascus bomb: state TV</title>
    <dateline>DAMASCUS, July 18, 2012 (AFP) -</dateline>
    <credit>Agence France-Presse (AFP)</credit>
    <origin country="SYR" city="DAMASCUS" />
    <keywords>
      <keyword>minister</keyword>
      <keyword>Damascus</keyword>
      <keyword>Syria</keyword>
      <keyword>conflict</keyword>
    </keywords>
    <categories>
      <iptc>16010000</iptc>
      <iptc>11006009</iptc>
    </categories>
  </headers>
  <content>
    <p id="1"><s id="1">Syria's defence minister General Daoud Rajha was killed in Wednesday's suicide bomb attack on the National Security headquarters in Damascus, state TV said.</s> </p>
    <p id="2"><s id="2">Security officials told AFP that several other participants in a top-level meeting were wounded in the blast and taken to Al-Shami hospital in the capital for treatment.</s> </p>
    <p id="3"><s id="3">ser/srm</s> </p>
  </content>
</article>
