<article>
  <headers>
    <dct>20150827T015511Z</dct>
    <title>Racism, revenge haunted Vester Flanagan</title>
    <dateline>Washington, Aug 26, 2015 (AFP) -</dateline>
    <credit>Agence France-Presse (AFP)</credit>
    <origin country="USA" city="Washington" />
    <keywords>
      <keyword>Flanagan</keyword>
      <keyword>shooting</keyword>
      <keyword>crime</keyword>
      <keyword>media</keyword>
      <keyword>US</keyword>
    </keywords>
    <categories>
      <iptc>14014000</iptc>
      <iptc>14000000</iptc>
      <iptc>02001000</iptc>
      <iptc>02001001</iptc>
      <iptc>11000000</iptc>
      <iptc>11006000</iptc>
      <iptc>11016000</iptc>
      <iptc>11016004</iptc>
      <iptc>14025003</iptc>
      <iptc>02000000</iptc>
      <iptc>01026000</iptc>
      <iptc>01000000</iptc>
      <iptc infered="true">15051000</iptc>
    </categories>
  </headers>
  <content>
    <p id="1"><s id="1">Vester Flanagan, who killed two journalists Wednesday and appeared to have filmed the murders, drew a troubled portrait of himself in tweets after their deaths and a rambling 23-page manifesto sent to ABC news.</s> </p>
    <p id="2"><s id="2">Also known on-air as Bryce Williams, the 41-year-old African American said he was seeking to avenge racial injustices and instances in which he believed himself to have been wronged, in documents that paint him as deeply troubled by racism and hungry for revenge.</s> </p>
    <p id="3"><s id="3">Flanigan allegedly shot and killed at close range reporter Alison Parker, 24, and cameraman Adam Ward, 27, in the middle of a live interview early Wednesday.</s> </p>
    <p id="4"><s id="4">The pair worked for Roanoke, Virginia CBS affiliate WDBJ where Flanigan was once employed -- and fired.</s> </p>
    <p id="5"><s id="5">Flanagan fled the scene near a local lake, and his car was later found run off the highway, apparently after he shot himself.</s> <s id="6">He died at a hospital in northern Virginia outside Washington.</s> </p>
    <p id="6"><s id="7">In a series of tweets, Flanagan offered a glimpse at his motivations, posting that &quot;Alison made racist comments&quot; and claiming that Ward had reported him to human resources.</s> </p>
    <p id="7"><s id="8">Yet in a rambling manifesto received by ABC News, Flanagan said a recent deadly church shooting in Charleston, South Carolina, where nine black parishioners died, was what drove him over the edge.</s> </p>
    <p id="8"><s id="9">&quot;The church shooting was the tipping point... but my anger has been building steadily,&quot; he said.</s> </p>
    <p id="9"><s id="10">&quot;Why did I do it?</s> <s id="11">I put down a deposit for a gun on 6/19/15.</s> <s id="12">The Church shooting in Charleston happened on 6/17/15...&quot;</s> </p>
    <p id="10"></p>
    <p id="11"></p>
    <p id="12"><s id="13">Born in 1973, the San Francisco State University graduate and Oakland native said he had suffered throughout his career as a black, gay man.</s> </p>
    <p id="13"><s id="14">In the manifesto, which Flanagan termed a &quot;Suicide Note for Friends and Family,&quot; he complained of racial discrimination and bullying &quot;for being a gay, black man.&quot;</s> </p>
    <p id="14"><s id="15">Flanagan said in a tweet that he had filed a complaint against WDBJ's Parker, whom he shot.</s> </p>
    <p id="15"><s id="16">&quot;Vester was an unhappy man.</s> <s id="17">We employed him as a reporter and he had some talent in that respect and some experience,&quot;  WDBJ's general manager Jeffrey Marks said.</s> </p>
    <p id="16"><s id="18">Flanagan joined the station in March 2012 and was dismissed in February 2013, escorted out the door by police.</s> </p>
    <p id="17"><s id="19">&quot;He quickly gathered a reputation of someone who was difficult to work with.</s> <s id="20">He was sort of looking out for people to say things he could take offense to,&quot; Marks said.</s> </p>
    <p id="18"><s id="21">&quot;Eventually, after many incidents of his anger, we dismissed him.</s> <s id="22">He did not take that well,&quot; he added.</s> </p>
    <p id="19"><s id="23">Flanagan bounced in an out of jobs in journalism and other fields.</s> <s id="24">Before being hired at WDBJ, he had spent eight years working outside of journalism.</s> </p>
    <p id="20"><s id="25">From 1993 to 2005, he worked at KPIX, San Francisco's local CBS affiliate.</s> </p>
    <p id="21"><s id="26">On his LinkedIn profile -- registered under the name Bryce Williams -- Flanigan wrote that he had worked at several television stations across the country since the mid-1990s as well as in marketing and customer relations.</s> </p>
    <p id="22"></p>
    <p id="23"></p>
    <p id="24"><s id="27">Co-workers at NBC affiliate WTWC in Tallahassee, Florida began noticing Flanagan's strange behavior when he worked there around 2000.</s> </p>
    <p id="25"><s id="28">&quot;He was a good on-air performer, a pretty good reporter.</s> <s id="29">And then things started getting a little strange,&quot; journalist Don Shafer told a San Diego news station where he is now news director.</s> </p>
    <p id="26"><s id="30">Flanagan took WTWC to court for discrimination, claiming to have been called a monkey.</s> </p>
    <p id="27"><s id="31">In his manifesto, Flanagan said that his anger had been a long time coming.</s> </p>
    <p id="28"><s id="32">&quot;My anger has been building steadily... I've been a human powder keg for a while... just waiting to go BOOM!!!!&quot;</s> </p>
    <p id="29"><s id="33">sha/bfm/mdl</s> </p>
    <p id="30"></p>
  </content>
</article>
