<article>
  <headers>
    <dct>20060527T082314Z</dct>
    <title>Indonesia quake leaves at least 1,700 dead, thousands injured by Bhimanto Suwastoyo =(GRAPHIC+PICTURE)=</title>
    <origin country="IDN" city="YOGYAKARTA" />
    <keywords>
      <keyword>quake</keyword>
      <keyword>Indonesia</keyword>
    </keywords>
    <categories>
      <iptc>03000000</iptc>
      <iptc infered="true">03002000</iptc>
    </categories>
  </headers>
  <content>
    <p id="1"><s id="1">YOGYAKARTA, Indonesia, May 27, 2006 (AFP) - A powerful earthquake rocked Indonesia's main island of Java on Saturday, killing at least 1,700 people, injuring thousands more and causing mass destruction.</s> <s id="2">Thousands of families fled their homes in panic after the 6.2 magnitude quake struck early in the morning, many running for higher ground amid false rumours of a tsunami like the one that devastated the country in December 2004.</s> </p>
    <p id="2"><s id="3">Many could not escape in time and were buried under the rubble of collapsed buildings or struck by flying rocks and debris as the temblor devastated towns and villages cities across the south of the island.</s> </p>
    <p id="3"><s id="4">Hospitals in the densely-populated ancient city of Yogyakarta, located in the shadow of the simmering Mount Merapi volcano, were overflowing with casualties.</s> <s id="5">Hundreds lay injured outside awaiting medical attention.</s> </p>
    <p id="4"><s id="6">Rescue and relief workers rushed to the worst-hit areas and officials told AFP that the death toll would inevitably rise as more bodies were uncovered in the rubble.</s> </p>
    <p id="5"><s id="7">Witnesses told Elshinta radio that hundreds of houses partially or entirely collapsed in the badly hit Bantul and Kulonprogo districts south and southwest of Yogyakarta.</s> </p>
    <p id="6"><s id="8">The quake struck just before 6:00 am local time around 40 kilometres (25 miles) south of the city, rattling a region that had been on edge for weeks amid fears the lava-spewing Mount Merapi would erupt.</s> </p>
    <p id="7"><s id="9">&quot;I was shaken from my bed,&quot; Brook Weisman-Ross, regional disaster coordinator for the children's charity Plan International, told the BBC.</s> </p>
    <p id="8"><s id="10">&quot;As furniture was falling, concrete chunks started falling from my hotel room as people were running out in panic in their bedclothes,&quot; he said.</s> </p>
    <p id="9"><s id="11">&quot;The earthquake was felt to be massive -- larger than the locals here say they've felt in their lives.&quot;</s> </p>
    <p id="10"><s id="12">An official at the social affairs ministry's disaster relief center, Desi Desmawati, told AFP 1,700 fatalities had been reported from five districts in Yogyakarta and Central Java provinces</s> </p>
    <p id="11"><s id="13">She said at least 370 houses were destroyed in one district alone.</s> </p>
    <p id="12"><s id="14">Heru Nugroho, spokesman for the state-run Sardjito hospital in Yogyakarta, located around 400 kilometres (250 miles) east of the capital Jakarta, told AFP 1,500 victims were being treated at the hospital, many of them in the hallways.</s> </p>
    <p id="13"><s id="15">Pictures showed people of all ages with broken arms and legs and bruised faces laid out on tiled floors covered in blood waiting for attention.</s> <s id="16">Bodies were covered with bedsheets.</s> </p>
    <p id="14"><s id="17">The quake also forced the closure of Adisucipto airport in Yogyakarta, Detikcom news portal said.</s> <s id="18">The airport was badly damaged, with the roof of an airport section collapsing and at least one person trapped, Metro TV reported.</s> </p>
    <p id="15"><s id="19">Flights have been diverted to the nearby city of Solo.</s> </p>
    <p id="16"><s id="20">Meteorologists said the quake measured 5.9 on the Richter scale, but both US and Hong Kong monitors registered it at 6.2.</s> <s id="21">Seismologists said the quake would not increase the likelihood of an eruption at Merapi.</s> </p>
    <p id="17"><s id="22">President Susilo Bambang Yudhoyono ordered Health Minister Siti Fadillah Supari and Social Affairs Minister Bachtiar Chamsyah to travel to Yogyakarta immediately to oversee rescue efforts.</s> </p>
    <p id="18"><s id="23">&quot;The President is deeply concerned,&quot; presidential spokesman Andi Malarangeng told a press conference.</s> </p>
    <p id="19"><s id="24">Malarangeng said that the president also ordered military chief Air Marshal Djoko Suyanto to send in troops to help evacuate victims.</s> </p>
    <p id="20"><s id="25">Yudhoyono himself was to visit the region on Sunday, he said.</s> </p>
    <p id="21"><s id="26">Yogyakarta province police chief Bambang Hari Sampurnojati told local radio that the earthquake was reportedly followed by tidal waves, striking panic in a nation that was the worst hit by the 2004 Indian ocean tsunami.</s> </p>
    <p id="22"><s id="27">&quot;We panicked when we heard that there was a tsunami.</s> <s id="28">We were ready to flee,&quot; Yogyakarta resident Clemon Cilik told the state Antara news agency.</s> </p>
    <p id="23"><s id="29">Weisman-Ross was in the area working on the evacuation of residents living near Mount Merapi, which has been spewing heat clouds amid fears of an imminent eruption.</s> <s id="30">Some 20,000 people were staying in emergency shelters.</s> </p>
    <p id="24"><s id="31">&quot;Aftershocks could potentially do more damage to the buildings that are weak,&quot; he told CNN.</s> </p>
    <p id="25"><s id="32">Damage was hampering the rescue effort, Sampurnojati said, with police headquarters in the city cut due to a blackout following the quake.</s> </p>
    <p id="26"><s id="33">&quot;Electricity is out and communication is difficult,&quot; he told ElShinta.</s> </p>
    <p id="27"><s id="34">Indonesia sits on the Pacific &quot;Ring of Fire&quot;, where the meeting of continental plates causes high volcanic and seismic activity.</s> </p>
    <p id="28"><s id="35">An official at the meteorological office said the quake was not related to the volcano, which has been rumbling in recent weeks.</s> </p>
    <p id="29"><s id="36">Scientists have warned that although the magma flow that forms a dome at the Merapi peak appears to be weakening, the structure may collapse and spew out millions of tonnes of volcanic rock and lava.</s> </p>
    <p id="30"><s id="37">bur-nw/pch</s> </p>
  </content>
</article>
