<article>
  <headers>
    <dct>20151202T212226Z</dct>
    <title>Reports of 20 victims in California mass shooting</title>
    <dateline>Los Angeles, Dec 2, 2015 (AFP) -</dateline>
    <credit>Agence France-Presse (AFP)</credit>
    <origin country="USA" city="Los Angeles" />
    <keywords>
      <keyword>shooting</keyword>
      <keyword>crime</keyword>
      <keyword>US</keyword>
    </keywords>
    <categories>
      <iptc>03013000</iptc>
      <iptc>02001000</iptc>
      <iptc>03000000</iptc>
      <iptc>02000000</iptc>
      <iptc infered="true">15051000</iptc>
    </categories>
  </headers>
  <content>
    <p id="1"><s id="1">Police were hunting Wednesday for one or more gunmen who opened fire inside a building in San Bernardino in California, with reports of 20 victims.</s> </p>
    <p id="2"><s id="2">Heavily armed SWAT teams, firefighters and ambulances swarmed the scene, located about an hour east of Los Angeles, as police warned residents away.</s> </p>
    <p id="3"><s id="3">&quot;San Bernardino Fire Department units responding to reports of 20 victim shooting incident in 1300 block of S. Waterman.</s> <s id="4">SBPD is working to clear the scene,&quot; the city fire department said on Twitter.</s> </p>
    <p id="4"><s id="5">&quot;Area remains VERY ACTIVE.</s> <s id="6">AVOID!&quot; tweeted the local sheriff department, which confirmed there were &quot;multiple victims.&quot;</s> </p>
    <p id="5"><s id="7">Police said that one to three possible suspects were involved.</s> </p>
    <p id="6"><s id="8">CBS evening news reported that the shooting took place at Inland Regional Center, which assists people with developmental disabilities.</s> </p>
    <p id="7"><s id="9">It said on Twitter that a bomb squad had been dispatched to the scene to &quot;immobilize what's believed to be explosive device&quot;.</s> </p>
    <p id="8"><s id="10">Dozens of people with their hands raised were seen coming out of an area building and walking to a parking lot, ringed by heavily armed police.</s> </p>
    <p id="9"><s id="11">Loma Linda University Medical Center was expecting an unknown number of patients from the shooting, spokeswoman Briana Pastorino said.</s> <s id="12">She said the extent of the anticipated patients' injuries is not clear.</s> </p>
    <p id="10"><s id="13">The shooting took place near a golf course where an employee told AFP that staff had been told to stop all activities.</s> </p>
    <p id="11"><s id="14">The man, who did not want his name used, said the area houses office and industrial buildings.</s> <s id="15">He said there were also government offices in the area.</s> </p>
    <p id="12"><s id="16">The shooting comes just days after a lone gunman killed three people during a standoff at a Planned Parenthood clinic in Colorado.</s> </p>
    <p id="13"><s id="17">jz/ec</s> </p>
  </content>
</article>
