<article>
  <headers>
    <dct>20141023T005627Z</dct>
    <title>Canadian soldier, gunman dead in parliament attack</title>
    <dateline>OTTAWA, Oct 22, 2014 (AFP) -</dateline>
    <credit>Agence France-Presse (AFP)</credit>
    <origin country="CAN" city="Ottawa" />
    <keywords>
      <keyword>Canada</keyword>
      <keyword>politics</keyword>
      <keyword>attacks</keyword>
    </keywords>
    <categories>
      <iptc>02003000</iptc>
      <iptc>11006000</iptc>
      <iptc>02003001</iptc>
      <iptc>11000000</iptc>
      <iptc>11001004</iptc>
      <iptc>11001003</iptc>
      <iptc>11001002</iptc>
      <iptc>02000000</iptc>
      <iptc>11009000</iptc>
      <iptc>11001000</iptc>
      <iptc infered="true">16001000</iptc>
    </categories>
  </headers>
  <content>
    <p id="1"><s id="1">A gunman whose name was on a terror watch list killed a soldier and attempted to storm Canada's parliament Wednesday before being gunned down in turn by the assembly's sergeant-at-arms.</s> </p>
    <p id="2"><s id="2">The attacker, identified in the Canadian media as 32-year-old Michael Zehaf-Bibeau, was considered a &quot;high risk&quot; suspect and had seen his passport seized to prevent him fighting abroad.</s> </p>
    <p id="3"><s id="3">Instead, he shot and killed a Canadian soldier who was mounting a ceremonial guard at a war memorial in downtown Ottawa before storming into the nearby parliament building.</s> </p>
    <p id="4"><s id="4">The soldier was named in reports as Corporal Nathan Cirollo, part of a detachment on ceremonial duties at Parliament Hill, the heart of Canada's national government and home to its legislature.</s> </p>
    <p id="5"><s id="5">The attacker was killed, reportedly by a shot fired by the bearer of the House of Commons' ceremonial mace, Sergeant-At-Arms Kevin Vickers, who was hailed as a hero by lawmakers.</s> </p>
    <p id="6"><s id="6">Police said an investigation was continuing, but earlier reports that more gunmen were involved appeared unfounded.</s> <s id="7">Heavily armed officers backed by armored vehicles sealed off the building.</s> </p>
    <p id="7"><s id="8">The attack came two days after another alleged Islamist drove over and killed another soldier in what authorities branded a terrorist attack.</s> </p>
    <p id="8"><s id="9">Authorities had raised the security threat level from low to medium after the car attack, which came as Canadian jets were to join the US-led air armada bombarding Islamist militants in Iraq.</s> </p>
    <p id="9"><s id="10">Prime Minister Stephen Harper warned that &quot;facts are still being gathered&quot; as he &quot;condemned this despicable attack.&quot;</s> </p>
    <p id="10"><s id="11">A police spokesman said two people received &quot;minor injuries&quot; in the incident.</s> </p>
    <p id="11"><s id="12">Lawmakers, staff and reporters evacuated from the building spoke of intense gunfire in the historic building on Parliament Hill.</s> </p>
    <p id="12"><s id="13">Video footage posted online by the Globe and Mail newspaper showed police ducking for cover as they advanced along a stone hallway, loud gunfire echoing among parliament's stone columns.</s> </p>
    <p id="13"></p>
    <p id="14"></p>
    <p id="15"><s id="14">A member of parliament, Maurice Vellacott, told AFP that House of Commons security had told one of his aides the suspect had been killed inside parliament.</s> </p>
    <p id="16"><s id="15">&quot;I literally had just taken off my jacket to go into caucus.</s> <s id="16">I hear this 'pop, pop, pop,' possibly 10 shots, don't really know,&quot; Liberal Party member John McKay told reporters outside.</s> </p>
    <p id="17"><s id="17">&quot;Suddenly the security guards come rushing down the hallways and usher us all out to the back of the parliament buildings,&quot; he said, as lawmakers, staff and reporters scurried from the area.</s> </p>
    <p id="18"><s id="18">Witnesses at the scene said they saw a man armed with a rifle running into parliament after shooting a guard at the war memorial.</s> </p>
    <p id="19"><s id="19">Passers-by told reporters that a bearded man had gunned down the soldier and hijacked a passing vehicle to take him the short distance to Parliament Hill, on a bluff over the Ottawa River.</s> </p>
    <p id="20"><s id="20">One witness, parliamentary aide Marc-Andre Viau, said he saw a man run into a caucus meeting at the parliament, chased by police armed with rifles who yelled &quot;take cover.&quot;</s> </p>
    <p id="21"><s id="21">That was followed by &quot;10, 15, maybe 20 shots,&quot; possibly from an automatic weapon, he said.</s> <s id="22">&quot;I'm shaken,&quot; said Viau.</s> </p>
    <p id="22"><s id="23">Police raced to seal off the parliament building and Harper's office, pushing reporters and bystanders back and blocking roads.</s> </p>
    <p id="23"><s id="24">Harper -- who was attending a meeting with lawmakers in parliament at the time -- left the area of the shooting and was &quot;safe,&quot; his spokesman Jason MacDonald said.</s> </p>
    <p id="24"></p>
    <p id="25"></p>
    <p id="26"><s id="25">In Canada's southern neighbor the United States, President Barack Obama condemned the attack as &quot;outrageous&quot; after talking by telephone with Harper, the White House said.</s> </p>
    <p id="27"><s id="26">&quot;We don't yet have all the information about whether this was part a broader network or plan, or whether this was an individual or a series of individuals,&quot; Obama said.</s> </p>
    <p id="28"><s id="27">Officials said US and Canadian air defenses were on alert, and the US embassy in Ottawa was placed on lockdown.</s> </p>
    <p id="29"><s id="28">The incident came a day after 25-year-old Martin Couture-Rouleau ran over a soldier, killing him before being shot dead by police as he emerged from his wrecked car wielding a knife.</s> </p>
    <p id="30"><s id="29">Couture-Rouleau was reportedly a supporter of the so-called Islamic State, a jihadist group operating in Iraq and Syria, and on the same list as Zehaf-Bibeau.</s> </p>
    <p id="31"><s id="30">Canadian authorities have warned they are tracking 90 suspects, and &quot;intelligence has indicated an individual or group within Canada or abroad has the intent and capability to commit an act of terrorism.&quot;</s> </p>
    <p id="32"><s id="31">After the incident, much of downtown Ottawa remained on lockdown and heavily armed officers from Ottawa Police and the Mounties continued to patrol the area.</s> </p>
    <p id="33"><s id="32">amc-sab-dc/nss</s> </p>
  </content>
</article>
