<article>
  <headers>
    <dct>20151120T104003Z</dct>
    <title>Gunmen seize 170 hostages at Radisson hotel in Mali capital</title>
    <dateline>Bamako, Nov 20, 2015 (AFP) -</dateline>
    <credit>Agence France-Presse (AFP)</credit>
    <origin country="MLI" city="Bamako" />
    <keywords>
      <keyword>Mali</keyword>
      <keyword>unrest</keyword>
      <keyword>hotel</keyword>
    </keywords>
    <categories>
      <iptc>16000000</iptc>
      <iptc>16001000</iptc>
      <iptc>04000000</iptc>
      <iptc>04014000</iptc>
      <iptc>04014002</iptc>
    </categories>
  </headers>
  <content>
    <p id="1"><s id="1">Gunmen went on a shooting rampage at the luxury Radisson Blu hotel in Mali's capital Bamako on Friday, seizing 170 guests and staff in an ongoing hostage-taking, the hotel chain said.</s> </p>
    <p id="2"><s id="2">Automatic weapons fire could be heard from outside the 190-room hotel in the city-centre, where security forces have set up a security cordon, an AFP journalist said.</s> </p>
    <p id="3"><s id="3">Security sources said the gunmen were &quot;jihadists&quot; who had entered the hotel compound in a car that had diplomatic plates.</s> </p>
    <p id="4"><s id="4">&quot;It's all happening on the seventh floor, jihadists are firing in the corridor,&quot; one security source told AFP.</s> </p>
    <p id="5"><s id="5">Malian soldiers, police and special forces were on the scene as a security perimeter was set up, along with members of the UN's MINUSMA peacekeeping force in Mali and the French troops fighting jihadists in west Africa under Operation Barkhane.</s> </p>
    <p id="6"><s id="6">The Rezidor Hotel Group, the US-based parent company of Radisson Blu, said two people were holding 170 people hostage.</s> </p>
    <p id="7"><s id="7">The company said it was &quot;aware of the hostage-taking that is ongoing at the property today, 20th November 2015.</s> <s id="8">As per our information two persons have locked in 140 guests and 30 employees&quot;.</s> </p>
    <p id="8"><s id="9">It added in a statement: &quot;Our safety and security teams and our corporate team are in constant contact with the local authorities in order offer any support possible to reinstate safety and security at the hotel.&quot;</s> </p>
    <p id="9"></p>
    <p id="10"></p>
    <p id="11"></p>
    <p id="12"><s id="10">The shooting at the Radisson follows a nearly 24-hour siege and hostage-taking at another hotel in August in the central Malian town of Sevare in which five UN workers were killed, along with four soldiers and four attackers.</s> </p>
    <p id="13"><s id="11">Five people, including a French citizen and a Belgian, were also killed in an attack at a restaurant in Bamako in March in the first such incident in the capital.</s> </p>
    <p id="14"><s id="12">Islamist groups have continued to wage attacks in Mali despite a June peace deal between former Tuareg rebels in the north of the country and rival pro-government armed groups.</s> </p>
    <p id="15"><s id="13">Northern Mali fell in March-April 2012 to Al-Qaeda-linked jihadist groups long concentrated in the area before being ousted by an ongoing French-led military operation launched in January 2013.</s> </p>
    <p id="16"><s id="14">Despite the peace deal, large swathes of Mali remain beyond the control of government and foreign forces.</s> </p>
    <p id="17"><s id="15">The website of the Radisson Blu in Bamako says it offers &quot;upscale lodging close to many government offices and business sites&quot;, serving as &quot;one of the city's most popular conference venues&quot; with &quot;a stunning 508-square-metre ballroom and meeting rooms&quot;.</s> </p>
    <p id="18"><s id="16">Radisson Blu, an upscale brand of the Radisson hotel chain, has more than 230 luxury hotels and resorts worldwide.</s> </p>
    <p id="19"><s id="17">sd/cs/kjl/txw</s> </p>
    <p id="20"></p>
  </content>
</article>
