<article>
  <headers>
    <dct>20160616T152710Z</dct>
    <title>British MP shot and injured: reports</title>
    <dateline>London, June 16, 2016 (AFP) -</dateline>
    <credit>Agence France-Presse (AFP)</credit>
    <origin country="GBR" city="London" />
    <keywords>
      <keyword>politics</keyword>
      <keyword>shooting</keyword>
      <keyword>Britain</keyword>
    </keywords>
    <categories>
      <iptc>11000000</iptc>
      <iptc infered="true">15051000</iptc>
    </categories>
  </headers>
  <content>
    <p id="1"><s id="1">A British lawmaker from the opposition Labour Party has been shot and injured in her consituency in northern England, media reported on Thursday.</s> </p>
    <p id="2"><s id="2">Jo Cox, 41, a mother of two, was left bleeding on the pavement after the incident in Birstall in Yorkshire, the Press Association cited an eyewitness as saying.</s> </p>
    <p id="3"><s id="3">dt/ric</s> </p>
  </content>
</article>
