<article>
  <headers>
    <dct>20071107T213233Z</dct>
    <title>Finnish school gunman dead: official ATTENTION - ADDS quote, background ///</title>
    <origin country="FIN" city="HELSI" />
    <keywords>
      <keyword>school</keyword>
      <keyword>Finland</keyword>
      <keyword>shooting</keyword>
      <keyword>crime</keyword>
      <keyword>dead</keyword>
    </keywords>
    <categories>
      <iptc>05000000</iptc>
      <iptc>02000000</iptc>
      <iptc infered="true">05005000</iptc>
      <iptc infered="true">02001000</iptc>
      <iptc infered="true">15051000</iptc>
    </categories>
  </headers>
  <content>
    <p id="1"><s id="1">HELSINKI, Nov 7, 2007 (AFP) - The 18-year-old gunman who killed eight people in a school shooting in Finland on Wednesday before turning the gun on himself has died, a doctor at the hospital where he was being treated told AFP. &quot;He died at 22h14 of a one-bullet injury in the head,&quot; said doctor Eero Hirvensalochief, traumatology physician at Helsinki University Hospital.</s> </p>
    <p id="2"><s id="2">&quot;As far as I know he shot himself,&quot; he added.</s> </p>
    <p id="3"><s id="3">Police identified the killer as Pekka-Eric Auvinen who was in a critical condition after shooting himself following the massacre at Jokela High School in the small town of Tuusula.</s> </p>
    <p id="4"><s id="4">Witnesses described chaos and panic as Auvinen shot dead his headmistress, five boys, two girls, and wounded a dozen others as they tried to flee the carnage.</s> </p>
    <p id="5"><s id="5">gab/adp/lb</s> </p>
  </content>
</article>
