<article>
  <headers>
    <dct>20151202T203859Z</dct>
    <title>Reports of 20 victims at shooting in California</title>
    <dateline>Los Angeles, Dec 2, 2015 (AFP) -</dateline>
    <credit>Agence France-Presse (AFP)</credit>
    <origin country="USA" city="Los Angeles" />
    <keywords>
      <keyword>shooting</keyword>
      <keyword>crime</keyword>
      <keyword>US</keyword>
    </keywords>
    <categories>
      <iptc>16000000</iptc>
      <iptc>16003000</iptc>
      <iptc infered="true">02001000</iptc>
      <iptc infered="true">15051000</iptc>
    </categories>
  </headers>
  <content>
    <p id="1"><s id="1">At least 20 victims were reported Wednesday in a shooting in San Bernardino in California, with a gunman still at the scene, fire officials said.</s> </p>
    <p id="2"><s id="2">&quot;SBFD units responding to reports of 20 victim shooting incident in 1300 block of S. Waterman.</s> <s id="3">SBPD is working to clear the scene,&quot; the city fire department said on Twitter.</s> </p>
    <p id="3"><s id="4">Fire officials said an active shooter was at the scene in the city about an hour east of Los Angeles.</s> </p>
    <p id="4"><s id="5">jz/ec</s> </p>
  </content>
</article>
