<article>
  <headers>
    <dct>20160726T120745Z</dct>
    <title>Priest killed in France church hostage taking</title>
    <dateline>Saint-Etienne-du-Rouvray, France, July 26, 2016 (AFP) -</dateline>
    <credit>Agence France-Presse (AFP)</credit>
    <origin country="FRA" city="Saint-Etienne-du-Rouvray" />
    <keywords>
      <keyword>church</keyword>
      <keyword>crime</keyword>
      <keyword>France</keyword>
    </keywords>
    <categories>
      <iptc>02001000</iptc>
      <iptc>12000000</iptc>
      <iptc>02000000</iptc>
      <iptc infered="true">12007000</iptc>
    </categories>
  </headers>
  <content>
    <p id="1"><s id="1">A priest was killed on Tuesday when men armed with knives seized hostages at a church near the northern French city of Rouen, a police source said.</s> </p>
    <p id="2"><s id="2">Police said they killed two hostage-takers in the attack in the Normandy town of Saint-Etienne-du-Rouvray, 125 kilometres (77 miles) north of Paris.</s> </p>
    <p id="3"><s id="3">A priest was killed and another hostage was &quot;between life and death&quot;, the interior ministry said.</s> </p>
    <p id="4"><s id="4">The motivations for the hostage-taking were not yet clear, but the Paris prosecutor's office said the case had been handed to anti-terrorism judges for investigation.</s> </p>
    <p id="5"><s id="5">The incident comes as France remains on high alert nearly two weeks after Tunisian Mohamed Lahouaiej Bouhlel ploughed a truck into a crowd of people celebrating Bastille Day in the French Riviera city of Nice, killing 84 people and injuring over 300.</s> </p>
    <p id="6"><s id="6">French President Francois Hollande, who is from Rouen, and Interior Minister Bernard Cazeneuve were on their way to the scene, their offices said.</s> </p>
    <p id="7"><s id="7">Footage showed several emergency vehicles at the scene and the streets sealed off.</s> </p>
    <p id="8"><s id="8">The Nice attack was the third major strike on France in 18 months and was claimed by the Islamic State group.</s> </p>
    <p id="9"><s id="9">Two attacks in Germany claimed by the Islamic State group since then have also increased jitters in Europe.</s> </p>
    <p id="10"><s id="10">After the attack in Nice, France extended a state of emergency giving police extra powers to carry out searches and place people under house arrest for another six months until January.</s> </p>
    <p id="11"><s id="11">It was the fourth time the security measures have been extended since Islamic State jihadists struck Paris in November, killing 130 people at restaurants, a concert hall and the national stadium.</s> </p>
    <p id="12"></p>
    <p id="13"></p>
    <p id="14"><s id="12">The Nice massacre has triggered by a bitter political spat over alleged security failings, with the government accused of not doing enough to protect the population.</s> </p>
    <p id="15"><s id="13">Prime Minster Manuel Valls had warned earlier in the week that the country will face more attacks as its struggles to handle extremists returning from jihad in the Middle East and those radicalised at home by devouring propaganda on the internet.</s> </p>
    <p id="16"><s id="14">France has been concerned about the threat against churches ever since a foiled plot against in the Paris suburb of Villejuif in April last year.</s> </p>
    <p id="17"><s id="15">Sid Ahmed Ghlam, a 24-year-old Algerian IT student, was arrested in Paris on suspicion of killing a woman who was found shot dead in the passenger seat of her car, and of planning an attack on a church.</s> </p>
    <p id="18"><s id="16">Prosecutors say they found documents about Al-Qaeda and IS at his home, and that he had been in touch with a suspected jihadist in Syria about an attack on a church.</s> </p>
    <p id="19"><s id="17">burs-fb/txw</s> </p>
    <p id="20"></p>
  </content>
</article>
