<article>
  <headers>
    <dct>20160824T092013Z</dct>
    <title>Ten dead as Italy struck by powerful quake</title>
    <dateline>Amatrice, Italy, Aug 24, 2016 (AFP) -</dateline>
    <credit>Agence France-Presse (AFP)</credit>
    <origin country="ITA" city="Amatrice" />
    <keywords>
      <keyword>quake</keyword>
      <keyword>Italy</keyword>
    </keywords>
    <categories>
      <iptc>03015001</iptc>
      <iptc>03000000</iptc>
      <iptc>03002000</iptc>
    </categories>
  </headers>
  <content>
    <p id="1"><s id="1">A powerful 6.2-magnitude earthquake devastated mountain villages in central Italy on Wednesday, leaving at least 10 people dead and many more unaccounted for.</s> </p>
    <p id="2"><s id="2">Dozens of buildings collapsed in communities close to the epicentre of the quake in a remote area straddling the regions of Umbria, Marche and Lazio.</s> </p>
    <p id="3"><s id="3">Deaths were reported in the villages of Amatrice, Accumoli and Arquata del Tronto as residents and emergency services scrambled frantically to rescue people trapped beneath the ruins of houses reduced to piles of masonry.</s> </p>
    <p id="4"><s id="4">It was Italy's most powerful earthquake since 2009, when more than 300 people died in and around the city of Aquila, just to the south of where Wednesday's quake struck.</s> </p>
    <p id="5"><s id="5">&quot;The situation is dramatic, there are many dead.</s> <s id="6">I cannot give a toll for now because rescue efforts are under way and it is very, very difficult,&quot; said Amatrice mayor Sergio Pirozzi.</s> </p>
    <p id="6"><s id="7">&quot;Half the village has disappeared.&quot;</s> </p>
    <p id="7"><s id="8">Fabrizio Curcio, the head of Italy's civil protection service, classed the quake as &quot;severe&quot;.</s> <s id="9">The shocks were strong enough to wake residents of central Rome, some 150 kilometres (90 miles) away.</s> </p>
    <p id="8"><s id="10">The first two confirmed victims were an elderly couple whose home collapsed in Pescara del Tronto, a hamlet near Arquata in the Marche region.</s> </p>
    <p id="9"><s id="11">Aleandro Petrucci, the mayor of Arquata, said Pescara was one of &quot;two or three hamlets that have just completely disintegrated.&quot;</s> </p>
    <p id="10"><s id="12">Another two people died and a family of four including two young children were trapped, feared dead, in their collapsed house in Accumoli, according to its mayor Stefano Petrucci.</s> </p>
    <p id="11"><s id="13">&quot;We have a tragedy here,&quot; said Petrucci.</s> <s id="14">&quot;There are people under the ruins, it is not a good situation.&quot;</s> </p>
    <p id="12"></p>
    <p id="13"></p>
    <p id="14"><s id="15">A resident of the village told Rai television that she had been woken by the shaking in time to witness the wall of her bedroom cracking open.</s> <s id="16">She was able to escape into the street with her children.</s> </p>
    <p id="15"><s id="17">Amatrice, where the local authorities confirmed five deaths, was packed with visitors at the peak of the summer season when the quake struck, destroying the hilltop village's main street.</s> </p>
    <p id="16"><s id="18">Mayor Pirozzi said difficult access to the village had prevented emergency services getting through.</s> </p>
    <p id="17"><s id="19">&quot;There is a landslide on one road, a bridge is about to collapse on the other one,&quot; he said.</s> <s id="20">&quot;We can hear voices under the rubble.&quot;</s> </p>
    <p id="18"><s id="21">Amatrice is famous in Italy as a beauty spot and is a popular holiday destination for Romans seeking cool mountain air at the height of the summer.</s> </p>
    <p id="19"><s id="22">The first quake struck shortly after 3.30am (0130 GMT), according to the United States Geological Survey, and a 5.4-magnitude aftershock followed an hour later.</s> </p>
    <p id="20"><s id="23">USGS's PAGER system, which predicts the impact of earthquakes, issued a red alert -- suggesting significant casualties and damage based on previous quake data.</s> </p>
    <p id="21"><s id="24">In 2009, a 6.3-magnitude earthquake struck close to the university city of Aquila in the Abruzzo region and left more than 300 people dead.</s> </p>
    <p id="22"><s id="25">That disaster led to lengthy recriminations over lax building controls and the failure of authorities to warn residents that a quake could be imminent.</s> </p>
    <p id="23"><s id="26">Italy is often shaken by earthquakes, usually centred on the mountainous spine of the boot-shaped country.</s> </p>
    <p id="24"><s id="27">Another quake hit the northern Emilia Romagna region in May 2012, when two violent shocks 10 days apart left 23 people dead and 14,000 others homeless.</s> </p>
    <p id="25"><s id="28">am/ric</s> </p>
    <p id="26"></p>
  </content>
</article>
