<article>
  <headers>
    <dct>20160715T005942Z</dct>
    <title>At least 60 killed in Nice truck 'attack': prosecutors</title>
    <dateline>Nice, France, July 14, 2016 (AFP) -</dateline>
    <credit>Agence France-Presse (AFP)</credit>
    <origin country="FRA" city="Nice" />
    <keywords>
      <keyword>attack</keyword>
      <keyword>France</keyword>
      <keyword>toll</keyword>
    </keywords>
    <categories>
      <iptc>16000000</iptc>
      <iptc>02001000</iptc>
      <iptc>02001001</iptc>
      <iptc>16001000</iptc>
      <iptc>16005002</iptc>
      <iptc>02000000</iptc>
      <iptc>01000000</iptc>
    </categories>
  </headers>
  <content>
    <p id="1"><s id="1">At least 60 people were killed when a truck ploughed into a crowd watching a Bastille Day fireworks display in the southern French resort of Nice, prosecutors said early Friday.</s> </p>
    <p id="2"><s id="2">Nice prosecutor Jean-Michel Pretre said the truck drove two kilometres (1.3 miles) through a large crowd that was watching the fireworks.</s> </p>
    <p id="3"><s id="3">fbe/gj/mfp</s> </p>
  </content>
</article>
