<article>
  <headers>
    <dct>20100620T180034Z</dct>
    <title>Election day violence mars Colombia presidential vote</title>
    <dateline>BOGOTA, June 20, 2010 (AFP) -</dateline>
    <credit>Agence France-Presse (AFP)</credit>
    <origin country="COL" city="BOGOTA" />
    <keywords>
      <keyword>Colombia</keyword>
      <keyword>vote</keyword>
    </keywords>
    <categories>
      <iptc>11003000</iptc>
    </categories>
  </headers>
  <content>
    <p id="1"><s id="1">Election-day violence marred Colombia's presidential run-off vote on Sunday, after attacks left at least seven police officers and three soldiers dead.</s> </p>
    <p id="2"><s id="2">&quot;We have had an unfortunate event -- an attack with explosives on a police patrol that has left seven police dead,&quot; said Margarita Silva, a top official from Colombia's Norte de Santander state, which borders Venezuela.</s> </p>
    <p id="3"><s id="3">Silva said eight other police were unaccounted for following the attack, which occurred at around 11:00 am (1600 GMT) as a uniformed police patrol traveled from the town of Tibu toward the Venezuelan border.</s> </p>
    <p id="4"><s id="4">Interior Minister Fabio Valencia reported that three soldiers had been killed in separate incidents in the states of Meta and Antioquia.</s> </p>
    <p id="5"><s id="5">The vote in violence-torn Colombia comes with the country keen to maintain political continuity in the face of an ongoing war with Revolutionary Armed Forces of Colombia (FARC) rebels.</s> </p>
    <p id="6"><s id="6">The second-round balloting, which was set to wrap up at 4 pm (2100 GMT) pits a former defense minister, Juan Manuel Santos, 58, against his rival Antanas Mockus, a former Bogota mayor running on a Green Party ticket.</s> </p>
    <p id="7"><s id="7">Santos, the big winner in the first round of voting on May 30 with 46.6 percent against 21.5 percent for Mockus, has promised &quot;to keep in place the legacy of Uribe, the best president Colombia has had.&quot;</s> </p>
    <p id="8"><s id="8">Some 350,000 police and military officers have been dispatched across the country to maintain order on election day, in a bid to ward off attacks by leftist militants.</s> </p>
    <p id="9"><s id="9">The insurgents have been hard hit in recent years by operations organized by Uribe and by Santos, who stepped down from his defense post last year to campaign for the presidency.</s> </p>
    <p id="10"><s id="10">Praised for turning around the ultra-violent capital Bogota as mayor, Mockus announced earlier this year that he had been diagnosed with Parkinson's disease but said it wouldn't affect his work and should not alter his bid.</s> </p>
    <p id="11"><s id="11">Political analysts, though, held out little expectation that the 58-year-old son of Lithuanian immigrants and former mathematics professor had managed to turn around his faltering campaign.</s> </p>
    <p id="12"><s id="12">&quot;If (Mockus) could not get people to turn out for the first round, which was a relatively tight race, he most likely will do even less so in the second round,&quot; National University's Alfredo Rangel told AFP.</s> </p>
    <p id="13"><s id="13">The outgoing Uribe, 57, leaves office with a 70 percent approval rating, having served two consecutive mandates from 2002.</s> </p>
    <p id="14"><s id="14">He remains hugely popular with Colombians, largely because of tough security policies to aggressively take on the leftist insurgencies that have destabilized the country for more than four decades.</s> </p>
    <p id="15"><s id="15">The courts rejected Uribe's bid to seek a third straight term, which has helped rally his supporters around Santos, who served as his defense minister and oversaw successful military campaigns against the leftist FARC rebels.</s> </p>
    <p id="16"><s id="16">Santos, a familiar political insider whose lengthy government resume includes stints as commerce and treasury minister, has vowed to pursue the policies of the highly popular outgoing president.</s> </p>
    <p id="17"><s id="17">Colombians also associate Santos with several successful military campaigns, such as the attack against a FARC encampment in Ecuador in March 2008 that killed the group's number two Raul Reyes and Operation Jaque that rescued 15 high-profile hostages, including Ingrid Betancourt, in July 2008.</s> </p>
    <p id="18"><s id="18">In a country where 46 percent of the population lives below the poverty line, Santos has made commitments to reduce the endemic problems of unemployment and under-employment, including a promise to create 2.5 million jobs in four years.</s> </p>
    <p id="19"><s id="19">Authorities have also sought to maintain security Sunday by closing all its border crossings with Brazil, Ecuador, Panama, Peru and Venezuela when the country votes.</s> </p>
    <p id="20"><s id="20">Another election-related security measure went into effect on Friday, with the banning of sales of all alcoholic beverages until after the polls close.</s> </p>
    <p id="21"><s id="21">nn-bur/sg/ag</s> </p>
  </content>
</article>
